variant,region,model,n,train_n,train_days,test_days,selected_c,threshold,train_prevalence,test_prevalence,balanced_accuracy,roc_auc,brier,sensitivity,specificity
region_day_disjoint,Centre-Ouest,prior_prevalence,736,384,28,75,,0.5,0.4348958333333333,0.8804347826086957,0.5,0.5,0.3037743315028684,0.0,1.0
region_day_disjoint,Centre-Ouest,color_shortcut_logit,736,384,28,75,0.01,0.45188973751850914,0.4348958333333333,0.8804347826086957,0.7672558922558923,0.838138327721661,0.17362797565665863,0.7731481481481481,0.7613636363636364
region_day_disjoint,Centre-Ouest,handcrafted_logit,736,384,28,75,0.01,0.3504869599344433,0.4348958333333333,0.8804347826086957,0.6754349046015713,0.7593469416386083,0.19159402623632943,0.8395061728395061,0.5113636363636364
region_day_disjoint,Centre-Ouest,resnet18_logit,736,384,28,75,0.1,0.33915561581940834,0.4348958333333333,0.8804347826086957,0.8014870931537599,0.9536160213243546,0.06106576826339971,0.9552469135802469,0.6477272727272727
region_day_disjoint,Centre-Sud,prior_prevalence,313,854,70,33,,0.5,0.8360655737704918,0.34824281150159747,0.5,0.5,0.46494080312671454,1.0,0.0
region_day_disjoint,Centre-Sud,color_shortcut_logit,313,854,70,33,0.1,0.8602387613620408,0.8360655737704918,0.34824281150159747,0.7933756071235833,0.8799244468429575,0.24357131086935796,0.8073394495412844,0.7794117647058824
region_day_disjoint,Centre-Sud,handcrafted_logit,313,854,70,33,1.0,0.7847949605046003,0.8360655737704918,0.34824281150159747,0.7498201115308509,0.8430922827846735,0.29056473087710794,0.8623853211009175,0.6372549019607843
region_day_disjoint,Centre-Sud,resnet18_logit,313,854,70,33,0.01,0.9100602230125948,0.8360655737704918,0.34824281150159747,0.8742579600647599,0.9521496672063321,0.14890246761490655,0.8073394495412844,0.9411764705882353
region_day_disjoint,Plateau-Central,prior_prevalence,367,760,62,41,,0.5,0.6605263157894737,0.7029972752043597,0.5,0.5,0.21059588865322634,1.0,0.0
region_day_disjoint,Plateau-Central,color_shortcut_logit,367,760,62,41,0.1,0.6379695022716065,0.6605263157894737,0.7029972752043597,0.7947514401536164,0.8394851006329563,0.12898989115647483,0.8372093023255814,0.7522935779816514
region_day_disjoint,Plateau-Central,handcrafted_logit,367,760,62,41,0.01,0.7113337155354522,0.6605263157894737,0.7029972752043597,0.8011521228931087,0.893641988478771,0.1143688933178876,0.7674418604651163,0.8348623853211009
region_day_disjoint,Plateau-Central,resnet18_logit,367,760,62,41,0.1,0.678753499135964,0.6605263157894737,0.7029972752043597,0.8801649953772848,0.9604580044093591,0.0846696052542685,0.8062015503875969,0.9541284403669725
region_only,Centre-Ouest,prior_prevalence,736,680,67,75,,0.5,0.5397058823529411,0.8804347826086957,0.5,0.5,0.22136555965097038,1.0,0.0
region_only,Centre-Ouest,color_shortcut_logit,736,680,67,75,0.1,0.5496790597932727,0.5397058823529411,0.8804347826086957,0.8043630751964085,0.8945005611672279,0.12381703935869258,0.8132716049382716,0.7954545454545454
region_only,Centre-Ouest,handcrafted_logit,736,680,67,75,0.01,0.5542910025557356,0.5397058823529411,0.8804347826086957,0.7416526374859709,0.803223204264871,0.1418831978716097,0.7901234567901234,0.6931818181818182
region_only,Centre-Ouest,resnet18_logit,736,680,67,75,0.01,0.4973548877193051,0.5397058823529411,0.8804347826086957,0.8554994388327721,0.9604552469135802,0.05400418821515646,0.9382716049382716,0.7727272727272727
region_only,Centre-Sud,prior_prevalence,313,1103,91,33,,0.5,0.8213961922030825,0.34824281150159747,0.5,0.5,0.4508438774083047,1.0,0.0
region_only,Centre-Sud,color_shortcut_logit,313,1103,91,33,0.01,0.8440451435050739,0.8213961922030825,0.34824281150159747,0.7860901241230438,0.8726389638424178,0.23137413762978673,0.7339449541284404,0.8382352941176471
region_only,Centre-Sud,handcrafted_logit,313,1103,91,33,0.01,0.8289986930543076,0.8213961922030825,0.34824281150159747,0.7318537506745817,0.8421928404389278,0.26788326732063916,0.7431192660550459,0.7205882352941176
region_only,Centre-Sud,resnet18_logit,313,1103,91,33,0.01,0.9021037776651647,0.8213961922030825,0.34824281150159747,0.8669050188882893,0.9503058103975536,0.14781937510331497,0.8073394495412844,0.9264705882352942
region_only,Plateau-Central,prior_prevalence,367,1049,90,41,,0.5,0.7216396568160153,0.7029972752043597,0.5,0.5,0.20913964465176008,1.0,0.0
region_only,Plateau-Central,color_shortcut_logit,367,1049,90,41,0.1,0.6830317338499028,0.7216396568160153,0.7029972752043597,0.8220787995163928,0.8598606073536733,0.11386937172455824,0.8643410852713178,0.7798165137614679
region_only,Plateau-Central,handcrafted_logit,367,1049,90,41,0.01,0.7292246190658946,0.7216396568160153,0.7029972752043597,0.8026989545551526,0.8973401607282554,0.1077922779409831,0.8255813953488372,0.7798165137614679
region_only,Plateau-Central,resnet18_logit,367,1049,90,41,0.1,0.7203480206300161,0.7216396568160153,0.7029972752043597,0.8838453879524928,0.9650096010241092,0.07230704773490902,0.8410852713178295,0.926605504587156
