repetition,seed,split_scheme,feature_model,label,test_files,test_families,recall
0,20260930,ordinary_file_random,color_shortcut,healthy,256,209,0.515625
0,20260930,ordinary_file_random,color_shortcut,iris_yellow_virus,255,182,0.5333333333333333
0,20260930,ordinary_file_random,color_shortcut,purple_blotch,147,18,1.0
0,20260930,ordinary_file_random,color_shortcut,stemphylium_colletotrichum_leaf_blight,243,87,0.7407407407407407
0,20260930,ordinary_file_random,resnet18,healthy,256,209,0.80859375
0,20260930,ordinary_file_random,resnet18,iris_yellow_virus,255,182,0.7098039215686275
0,20260930,ordinary_file_random,resnet18,purple_blotch,147,18,0.9591836734693877
0,20260930,ordinary_file_random,resnet18,stemphylium_colletotrichum_leaf_blight,243,87,0.8353909465020576
0,20260930,augmentation_family_grouped,color_shortcut,healthy,255,85,0.5725490196078431
0,20260930,augmentation_family_grouped,color_shortcut,iris_yellow_virus,252,56,0.4523809523809524
0,20260930,augmentation_family_grouped,color_shortcut,purple_blotch,164,4,0.2926829268292683
0,20260930,augmentation_family_grouped,color_shortcut,stemphylium_colletotrichum_leaf_blight,244,18,0.38524590163934425
0,20260930,augmentation_family_grouped,resnet18,healthy,255,85,0.8117647058823529
0,20260930,augmentation_family_grouped,resnet18,iris_yellow_virus,252,56,0.6031746031746031
0,20260930,augmentation_family_grouped,resnet18,purple_blotch,164,4,0.5487804878048781
0,20260930,augmentation_family_grouped,resnet18,stemphylium_colletotrichum_leaf_blight,244,18,0.7008196721311475
1,20260931,ordinary_file_random,color_shortcut,healthy,256,211,0.57421875
1,20260931,ordinary_file_random,color_shortcut,iris_yellow_virus,255,169,0.5725490196078431
1,20260931,ordinary_file_random,color_shortcut,purple_blotch,147,18,0.9931972789115646
1,20260931,ordinary_file_random,color_shortcut,stemphylium_colletotrichum_leaf_blight,243,86,0.720164609053498
1,20260931,ordinary_file_random,resnet18,healthy,256,211,0.8046875
1,20260931,ordinary_file_random,resnet18,iris_yellow_virus,255,169,0.7372549019607844
1,20260931,ordinary_file_random,resnet18,purple_blotch,147,18,0.9523809523809523
1,20260931,ordinary_file_random,resnet18,stemphylium_colletotrichum_leaf_blight,243,86,0.8024691358024691
1,20260931,augmentation_family_grouped,color_shortcut,healthy,255,85,0.4980392156862745
1,20260931,augmentation_family_grouped,color_shortcut,iris_yellow_virus,254,56,0.44881889763779526
1,20260931,augmentation_family_grouped,color_shortcut,purple_blotch,164,4,0.2865853658536585
1,20260931,augmentation_family_grouped,color_shortcut,stemphylium_colletotrichum_leaf_blight,245,18,0.673469387755102
1,20260931,augmentation_family_grouped,resnet18,healthy,255,85,0.7764705882352941
1,20260931,augmentation_family_grouped,resnet18,iris_yellow_virus,254,56,0.610236220472441
1,20260931,augmentation_family_grouped,resnet18,purple_blotch,164,4,0.7195121951219512
1,20260931,augmentation_family_grouped,resnet18,stemphylium_colletotrichum_leaf_blight,245,18,0.6326530612244898
2,20260932,ordinary_file_random,color_shortcut,healthy,256,202,0.55078125
2,20260932,ordinary_file_random,color_shortcut,iris_yellow_virus,255,179,0.48627450980392156
2,20260932,ordinary_file_random,color_shortcut,purple_blotch,147,18,1.0
2,20260932,ordinary_file_random,color_shortcut,stemphylium_colletotrichum_leaf_blight,243,83,0.7366255144032922
2,20260932,ordinary_file_random,resnet18,healthy,256,202,0.84375
2,20260932,ordinary_file_random,resnet18,iris_yellow_virus,255,179,0.6588235294117647
2,20260932,ordinary_file_random,resnet18,purple_blotch,147,18,0.9319727891156463
2,20260932,ordinary_file_random,resnet18,stemphylium_colletotrichum_leaf_blight,243,83,0.8353909465020576
2,20260932,augmentation_family_grouped,color_shortcut,healthy,255,85,0.48627450980392156
2,20260932,augmentation_family_grouped,color_shortcut,iris_yellow_virus,246,56,0.5487804878048781
2,20260932,augmentation_family_grouped,color_shortcut,purple_blotch,164,4,0.25
2,20260932,augmentation_family_grouped,color_shortcut,stemphylium_colletotrichum_leaf_blight,246,18,0.33739837398373984
2,20260932,augmentation_family_grouped,resnet18,healthy,255,85,0.7529411764705882
2,20260932,augmentation_family_grouped,resnet18,iris_yellow_virus,246,56,0.5975609756097561
2,20260932,augmentation_family_grouped,resnet18,purple_blotch,164,4,0.5609756097560976
2,20260932,augmentation_family_grouped,resnet18,stemphylium_colletotrichum_leaf_blight,246,18,0.7113821138211383
3,20260933,ordinary_file_random,color_shortcut,healthy,256,207,0.546875
3,20260933,ordinary_file_random,color_shortcut,iris_yellow_virus,255,168,0.5254901960784314
3,20260933,ordinary_file_random,color_shortcut,purple_blotch,147,18,0.9931972789115646
3,20260933,ordinary_file_random,color_shortcut,stemphylium_colletotrichum_leaf_blight,243,85,0.7283950617283951
3,20260933,ordinary_file_random,resnet18,healthy,256,207,0.80078125
3,20260933,ordinary_file_random,resnet18,iris_yellow_virus,255,168,0.7294117647058823
3,20260933,ordinary_file_random,resnet18,purple_blotch,147,18,0.9387755102040817
3,20260933,ordinary_file_random,resnet18,stemphylium_colletotrichum_leaf_blight,243,85,0.8559670781893004
3,20260933,augmentation_family_grouped,color_shortcut,healthy,255,85,0.4745098039215686
3,20260933,augmentation_family_grouped,color_shortcut,iris_yellow_virus,249,56,0.4899598393574297
3,20260933,augmentation_family_grouped,color_shortcut,purple_blotch,163,4,0.8834355828220859
3,20260933,augmentation_family_grouped,color_shortcut,stemphylium_colletotrichum_leaf_blight,248,18,0.22983870967741934
3,20260933,augmentation_family_grouped,resnet18,healthy,255,85,0.7411764705882353
3,20260933,augmentation_family_grouped,resnet18,iris_yellow_virus,249,56,0.570281124497992
3,20260933,augmentation_family_grouped,resnet18,purple_blotch,163,4,0.6871165644171779
3,20260933,augmentation_family_grouped,resnet18,stemphylium_colletotrichum_leaf_blight,248,18,0.6774193548387096
4,20260934,ordinary_file_random,color_shortcut,healthy,256,208,0.56640625
4,20260934,ordinary_file_random,color_shortcut,iris_yellow_virus,255,180,0.4980392156862745
4,20260934,ordinary_file_random,color_shortcut,purple_blotch,147,18,0.9795918367346939
4,20260934,ordinary_file_random,color_shortcut,stemphylium_colletotrichum_leaf_blight,243,85,0.7489711934156379
4,20260934,ordinary_file_random,resnet18,healthy,256,208,0.79296875
4,20260934,ordinary_file_random,resnet18,iris_yellow_virus,255,180,0.7098039215686275
4,20260934,ordinary_file_random,resnet18,purple_blotch,147,18,0.9591836734693877
4,20260934,ordinary_file_random,resnet18,stemphylium_colletotrichum_leaf_blight,243,85,0.8518518518518519
4,20260934,augmentation_family_grouped,color_shortcut,healthy,255,85,0.39215686274509803
4,20260934,augmentation_family_grouped,color_shortcut,iris_yellow_virus,248,56,0.47580645161290325
4,20260934,augmentation_family_grouped,color_shortcut,purple_blotch,164,4,0.6829268292682927
4,20260934,augmentation_family_grouped,color_shortcut,stemphylium_colletotrichum_leaf_blight,244,18,0.28688524590163933
4,20260934,augmentation_family_grouped,resnet18,healthy,255,85,0.796078431372549
4,20260934,augmentation_family_grouped,resnet18,iris_yellow_virus,248,56,0.717741935483871
4,20260934,augmentation_family_grouped,resnet18,purple_blotch,164,4,0.6219512195121951
4,20260934,augmentation_family_grouped,resnet18,stemphylium_colletotrichum_leaf_blight,244,18,0.680327868852459
5,20260935,ordinary_file_random,color_shortcut,healthy,256,212,0.52734375
5,20260935,ordinary_file_random,color_shortcut,iris_yellow_virus,255,171,0.5647058823529412
5,20260935,ordinary_file_random,color_shortcut,purple_blotch,147,18,1.0
5,20260935,ordinary_file_random,color_shortcut,stemphylium_colletotrichum_leaf_blight,243,86,0.7242798353909465
5,20260935,ordinary_file_random,resnet18,healthy,256,212,0.859375
5,20260935,ordinary_file_random,resnet18,iris_yellow_virus,255,171,0.7294117647058823
5,20260935,ordinary_file_random,resnet18,purple_blotch,147,18,0.9523809523809523
5,20260935,ordinary_file_random,resnet18,stemphylium_colletotrichum_leaf_blight,243,86,0.8353909465020576
5,20260935,augmentation_family_grouped,color_shortcut,healthy,255,85,0.4823529411764706
5,20260935,augmentation_family_grouped,color_shortcut,iris_yellow_virus,246,56,0.36585365853658536
5,20260935,augmentation_family_grouped,color_shortcut,purple_blotch,164,4,0.25
5,20260935,augmentation_family_grouped,color_shortcut,stemphylium_colletotrichum_leaf_blight,247,18,0.3643724696356275
5,20260935,augmentation_family_grouped,resnet18,healthy,255,85,0.8509803921568627
5,20260935,augmentation_family_grouped,resnet18,iris_yellow_virus,246,56,0.6788617886178862
5,20260935,augmentation_family_grouped,resnet18,purple_blotch,164,4,0.29878048780487804
5,20260935,augmentation_family_grouped,resnet18,stemphylium_colletotrichum_leaf_blight,247,18,0.7165991902834008
6,20260936,ordinary_file_random,color_shortcut,healthy,256,211,0.54296875
6,20260936,ordinary_file_random,color_shortcut,iris_yellow_virus,255,175,0.5294117647058824
6,20260936,ordinary_file_random,color_shortcut,purple_blotch,147,18,0.9931972789115646
6,20260936,ordinary_file_random,color_shortcut,stemphylium_colletotrichum_leaf_blight,243,86,0.7530864197530864
6,20260936,ordinary_file_random,resnet18,healthy,256,211,0.84765625
6,20260936,ordinary_file_random,resnet18,iris_yellow_virus,255,175,0.6862745098039216
6,20260936,ordinary_file_random,resnet18,purple_blotch,147,18,0.9727891156462585
6,20260936,ordinary_file_random,resnet18,stemphylium_colletotrichum_leaf_blight,243,86,0.8436213991769548
6,20260936,augmentation_family_grouped,color_shortcut,healthy,255,85,0.6039215686274509
6,20260936,augmentation_family_grouped,color_shortcut,iris_yellow_virus,252,56,0.46825396825396826
6,20260936,augmentation_family_grouped,color_shortcut,purple_blotch,163,4,0.6687116564417178
6,20260936,augmentation_family_grouped,color_shortcut,stemphylium_colletotrichum_leaf_blight,243,18,0.3374485596707819
6,20260936,augmentation_family_grouped,resnet18,healthy,255,85,0.8666666666666667
6,20260936,augmentation_family_grouped,resnet18,iris_yellow_virus,252,56,0.626984126984127
6,20260936,augmentation_family_grouped,resnet18,purple_blotch,163,4,0.5337423312883436
6,20260936,augmentation_family_grouped,resnet18,stemphylium_colletotrichum_leaf_blight,243,18,0.6872427983539094
7,20260937,ordinary_file_random,color_shortcut,healthy,256,201,0.53125
7,20260937,ordinary_file_random,color_shortcut,iris_yellow_virus,255,177,0.5372549019607843
7,20260937,ordinary_file_random,color_shortcut,purple_blotch,147,18,0.9931972789115646
7,20260937,ordinary_file_random,color_shortcut,stemphylium_colletotrichum_leaf_blight,243,84,0.7325102880658436
7,20260937,ordinary_file_random,resnet18,healthy,256,201,0.8359375
7,20260937,ordinary_file_random,resnet18,iris_yellow_virus,255,177,0.7294117647058823
7,20260937,ordinary_file_random,resnet18,purple_blotch,147,18,0.9659863945578231
7,20260937,ordinary_file_random,resnet18,stemphylium_colletotrichum_leaf_blight,243,84,0.7983539094650206
7,20260937,augmentation_family_grouped,color_shortcut,healthy,255,85,0.43529411764705883
7,20260937,augmentation_family_grouped,color_shortcut,iris_yellow_virus,258,56,0.43410852713178294
7,20260937,augmentation_family_grouped,color_shortcut,purple_blotch,164,4,0.5
7,20260937,augmentation_family_grouped,color_shortcut,stemphylium_colletotrichum_leaf_blight,244,18,0.3442622950819672
7,20260937,augmentation_family_grouped,resnet18,healthy,255,85,0.792156862745098
7,20260937,augmentation_family_grouped,resnet18,iris_yellow_virus,258,56,0.6589147286821705
7,20260937,augmentation_family_grouped,resnet18,purple_blotch,164,4,0.5975609756097561
7,20260937,augmentation_family_grouped,resnet18,stemphylium_colletotrichum_leaf_blight,244,18,0.6598360655737705
8,20260938,ordinary_file_random,color_shortcut,healthy,256,205,0.58203125
8,20260938,ordinary_file_random,color_shortcut,iris_yellow_virus,255,179,0.5294117647058824
8,20260938,ordinary_file_random,color_shortcut,purple_blotch,147,18,1.0
8,20260938,ordinary_file_random,color_shortcut,stemphylium_colletotrichum_leaf_blight,243,87,0.7366255144032922
8,20260938,ordinary_file_random,resnet18,healthy,256,205,0.81640625
8,20260938,ordinary_file_random,resnet18,iris_yellow_virus,255,179,0.6823529411764706
8,20260938,ordinary_file_random,resnet18,purple_blotch,147,18,0.9727891156462585
8,20260938,ordinary_file_random,resnet18,stemphylium_colletotrichum_leaf_blight,243,87,0.8641975308641975
8,20260938,augmentation_family_grouped,color_shortcut,healthy,255,85,0.42745098039215684
8,20260938,augmentation_family_grouped,color_shortcut,iris_yellow_virus,255,56,0.5098039215686274
8,20260938,augmentation_family_grouped,color_shortcut,purple_blotch,164,4,0.25
8,20260938,augmentation_family_grouped,color_shortcut,stemphylium_colletotrichum_leaf_blight,247,18,0.5587044534412956
8,20260938,augmentation_family_grouped,resnet18,healthy,255,85,0.7294117647058823
8,20260938,augmentation_family_grouped,resnet18,iris_yellow_virus,255,56,0.6823529411764706
8,20260938,augmentation_family_grouped,resnet18,purple_blotch,164,4,0.5914634146341463
8,20260938,augmentation_family_grouped,resnet18,stemphylium_colletotrichum_leaf_blight,247,18,0.6356275303643725
9,20260939,ordinary_file_random,color_shortcut,healthy,256,204,0.546875
9,20260939,ordinary_file_random,color_shortcut,iris_yellow_virus,255,176,0.5568627450980392
9,20260939,ordinary_file_random,color_shortcut,purple_blotch,147,18,0.9863945578231292
9,20260939,ordinary_file_random,color_shortcut,stemphylium_colletotrichum_leaf_blight,243,87,0.7160493827160493
9,20260939,ordinary_file_random,resnet18,healthy,256,204,0.828125
9,20260939,ordinary_file_random,resnet18,iris_yellow_virus,255,176,0.7411764705882353
9,20260939,ordinary_file_random,resnet18,purple_blotch,147,18,0.9659863945578231
9,20260939,ordinary_file_random,resnet18,stemphylium_colletotrichum_leaf_blight,243,87,0.8559670781893004
9,20260939,augmentation_family_grouped,color_shortcut,healthy,255,85,0.5411764705882353
9,20260939,augmentation_family_grouped,color_shortcut,iris_yellow_virus,249,56,0.3534136546184739
9,20260939,augmentation_family_grouped,color_shortcut,purple_blotch,164,4,0.2682926829268293
9,20260939,augmentation_family_grouped,color_shortcut,stemphylium_colletotrichum_leaf_blight,243,18,0.2674897119341564
9,20260939,augmentation_family_grouped,resnet18,healthy,255,85,0.796078431372549
9,20260939,augmentation_family_grouped,resnet18,iris_yellow_virus,249,56,0.6506024096385542
9,20260939,augmentation_family_grouped,resnet18,purple_blotch,164,4,0.49390243902439024
9,20260939,augmentation_family_grouped,resnet18,stemphylium_colletotrichum_leaf_blight,243,18,0.7489711934156379
10,20260940,ordinary_file_random,color_shortcut,healthy,256,204,0.53515625
10,20260940,ordinary_file_random,color_shortcut,iris_yellow_virus,255,178,0.5450980392156862
10,20260940,ordinary_file_random,color_shortcut,purple_blotch,147,18,0.9931972789115646
10,20260940,ordinary_file_random,color_shortcut,stemphylium_colletotrichum_leaf_blight,243,85,0.7489711934156379
10,20260940,ordinary_file_random,resnet18,healthy,256,204,0.8515625
10,20260940,ordinary_file_random,resnet18,iris_yellow_virus,255,178,0.7098039215686275
10,20260940,ordinary_file_random,resnet18,purple_blotch,147,18,0.9523809523809523
10,20260940,ordinary_file_random,resnet18,stemphylium_colletotrichum_leaf_blight,243,85,0.8395061728395061
10,20260940,augmentation_family_grouped,color_shortcut,healthy,255,85,0.48627450980392156
10,20260940,augmentation_family_grouped,color_shortcut,iris_yellow_virus,251,56,0.3904382470119522
10,20260940,augmentation_family_grouped,color_shortcut,purple_blotch,164,4,0.25
10,20260940,augmentation_family_grouped,color_shortcut,stemphylium_colletotrichum_leaf_blight,243,18,0.3868312757201646
10,20260940,augmentation_family_grouped,resnet18,healthy,255,85,0.8156862745098039
10,20260940,augmentation_family_grouped,resnet18,iris_yellow_virus,251,56,0.6613545816733067
10,20260940,augmentation_family_grouped,resnet18,purple_blotch,164,4,0.2865853658536585
10,20260940,augmentation_family_grouped,resnet18,stemphylium_colletotrichum_leaf_blight,243,18,0.6131687242798354
11,20260941,ordinary_file_random,color_shortcut,healthy,256,201,0.609375
11,20260941,ordinary_file_random,color_shortcut,iris_yellow_virus,255,179,0.5333333333333333
11,20260941,ordinary_file_random,color_shortcut,purple_blotch,147,18,1.0
11,20260941,ordinary_file_random,color_shortcut,stemphylium_colletotrichum_leaf_blight,243,84,0.757201646090535
11,20260941,ordinary_file_random,resnet18,healthy,256,201,0.8125
11,20260941,ordinary_file_random,resnet18,iris_yellow_virus,255,179,0.6980392156862745
11,20260941,ordinary_file_random,resnet18,purple_blotch,147,18,0.9455782312925171
11,20260941,ordinary_file_random,resnet18,stemphylium_colletotrichum_leaf_blight,243,84,0.8353909465020576
11,20260941,augmentation_family_grouped,color_shortcut,healthy,255,85,0.5058823529411764
11,20260941,augmentation_family_grouped,color_shortcut,iris_yellow_virus,254,56,0.5354330708661418
11,20260941,augmentation_family_grouped,color_shortcut,purple_blotch,163,4,0.4049079754601227
11,20260941,augmentation_family_grouped,color_shortcut,stemphylium_colletotrichum_leaf_blight,242,18,0.3347107438016529
11,20260941,augmentation_family_grouped,resnet18,healthy,255,85,0.7294117647058823
11,20260941,augmentation_family_grouped,resnet18,iris_yellow_virus,254,56,0.6614173228346457
11,20260941,augmentation_family_grouped,resnet18,purple_blotch,163,4,0.5828220858895705
11,20260941,augmentation_family_grouped,resnet18,stemphylium_colletotrichum_leaf_blight,242,18,0.6900826446280992
12,20260942,ordinary_file_random,color_shortcut,healthy,256,210,0.578125
12,20260942,ordinary_file_random,color_shortcut,iris_yellow_virus,255,183,0.5411764705882353
12,20260942,ordinary_file_random,color_shortcut,purple_blotch,147,18,0.9863945578231292
12,20260942,ordinary_file_random,color_shortcut,stemphylium_colletotrichum_leaf_blight,243,86,0.691358024691358
12,20260942,ordinary_file_random,resnet18,healthy,256,210,0.8203125
12,20260942,ordinary_file_random,resnet18,iris_yellow_virus,255,183,0.7176470588235294
12,20260942,ordinary_file_random,resnet18,purple_blotch,147,18,0.9727891156462585
12,20260942,ordinary_file_random,resnet18,stemphylium_colletotrichum_leaf_blight,243,86,0.8353909465020576
12,20260942,augmentation_family_grouped,color_shortcut,healthy,255,85,0.47058823529411764
12,20260942,augmentation_family_grouped,color_shortcut,iris_yellow_virus,256,56,0.38671875
12,20260942,augmentation_family_grouped,color_shortcut,purple_blotch,164,4,0.2865853658536585
12,20260942,augmentation_family_grouped,color_shortcut,stemphylium_colletotrichum_leaf_blight,241,18,0.5933609958506224
12,20260942,augmentation_family_grouped,resnet18,healthy,255,85,0.7764705882352941
12,20260942,augmentation_family_grouped,resnet18,iris_yellow_virus,256,56,0.5390625
12,20260942,augmentation_family_grouped,resnet18,purple_blotch,164,4,0.9329268292682927
12,20260942,augmentation_family_grouped,resnet18,stemphylium_colletotrichum_leaf_blight,241,18,0.7302904564315352
13,20260943,ordinary_file_random,color_shortcut,healthy,256,215,0.55859375
13,20260943,ordinary_file_random,color_shortcut,iris_yellow_virus,255,175,0.5176470588235295
13,20260943,ordinary_file_random,color_shortcut,purple_blotch,147,18,0.9863945578231292
13,20260943,ordinary_file_random,color_shortcut,stemphylium_colletotrichum_leaf_blight,243,90,0.7695473251028807
13,20260943,ordinary_file_random,resnet18,healthy,256,215,0.77734375
13,20260943,ordinary_file_random,resnet18,iris_yellow_virus,255,175,0.7215686274509804
13,20260943,ordinary_file_random,resnet18,purple_blotch,147,18,0.9523809523809523
13,20260943,ordinary_file_random,resnet18,stemphylium_colletotrichum_leaf_blight,243,90,0.7860082304526749
13,20260943,augmentation_family_grouped,color_shortcut,healthy,255,85,0.48627450980392156
13,20260943,augmentation_family_grouped,color_shortcut,iris_yellow_virus,258,56,0.5310077519379846
13,20260943,augmentation_family_grouped,color_shortcut,purple_blotch,162,4,0.3148148148148148
13,20260943,augmentation_family_grouped,color_shortcut,stemphylium_colletotrichum_leaf_blight,245,18,0.4122448979591837
13,20260943,augmentation_family_grouped,resnet18,healthy,255,85,0.7568627450980392
13,20260943,augmentation_family_grouped,resnet18,iris_yellow_virus,258,56,0.6356589147286822
13,20260943,augmentation_family_grouped,resnet18,purple_blotch,162,4,0.6234567901234568
13,20260943,augmentation_family_grouped,resnet18,stemphylium_colletotrichum_leaf_blight,245,18,0.7551020408163265
14,20260944,ordinary_file_random,color_shortcut,healthy,256,203,0.55859375
14,20260944,ordinary_file_random,color_shortcut,iris_yellow_virus,255,179,0.5215686274509804
14,20260944,ordinary_file_random,color_shortcut,purple_blotch,147,18,0.9863945578231292
14,20260944,ordinary_file_random,color_shortcut,stemphylium_colletotrichum_leaf_blight,243,86,0.7119341563786008
14,20260944,ordinary_file_random,resnet18,healthy,256,203,0.8359375
14,20260944,ordinary_file_random,resnet18,iris_yellow_virus,255,179,0.6980392156862745
14,20260944,ordinary_file_random,resnet18,purple_blotch,147,18,0.9319727891156463
14,20260944,ordinary_file_random,resnet18,stemphylium_colletotrichum_leaf_blight,243,86,0.8148148148148148
14,20260944,augmentation_family_grouped,color_shortcut,healthy,255,85,0.5058823529411764
14,20260944,augmentation_family_grouped,color_shortcut,iris_yellow_virus,254,56,0.4566929133858268
14,20260944,augmentation_family_grouped,color_shortcut,purple_blotch,164,4,0.25
14,20260944,augmentation_family_grouped,color_shortcut,stemphylium_colletotrichum_leaf_blight,242,18,0.44214876033057854
14,20260944,augmentation_family_grouped,resnet18,healthy,255,85,0.7843137254901961
14,20260944,augmentation_family_grouped,resnet18,iris_yellow_virus,254,56,0.6732283464566929
14,20260944,augmentation_family_grouped,resnet18,purple_blotch,164,4,0.5060975609756098
14,20260944,augmentation_family_grouped,resnet18,stemphylium_colletotrichum_leaf_blight,242,18,0.6239669421487604
15,20260945,ordinary_file_random,color_shortcut,healthy,256,200,0.58984375
15,20260945,ordinary_file_random,color_shortcut,iris_yellow_virus,255,178,0.5254901960784314
15,20260945,ordinary_file_random,color_shortcut,purple_blotch,147,18,0.9863945578231292
15,20260945,ordinary_file_random,color_shortcut,stemphylium_colletotrichum_leaf_blight,243,86,0.7407407407407407
15,20260945,ordinary_file_random,resnet18,healthy,256,200,0.81640625
15,20260945,ordinary_file_random,resnet18,iris_yellow_virus,255,178,0.7137254901960784
15,20260945,ordinary_file_random,resnet18,purple_blotch,147,18,0.9455782312925171
15,20260945,ordinary_file_random,resnet18,stemphylium_colletotrichum_leaf_blight,243,86,0.8477366255144033
15,20260945,augmentation_family_grouped,color_shortcut,healthy,255,85,0.47843137254901963
15,20260945,augmentation_family_grouped,color_shortcut,iris_yellow_virus,255,56,0.4823529411764706
15,20260945,augmentation_family_grouped,color_shortcut,purple_blotch,162,4,0.7901234567901234
15,20260945,augmentation_family_grouped,color_shortcut,stemphylium_colletotrichum_leaf_blight,246,18,0.6138211382113821
15,20260945,augmentation_family_grouped,resnet18,healthy,255,85,0.8
15,20260945,augmentation_family_grouped,resnet18,iris_yellow_virus,255,56,0.6470588235294118
15,20260945,augmentation_family_grouped,resnet18,purple_blotch,162,4,0.8024691358024691
15,20260945,augmentation_family_grouped,resnet18,stemphylium_colletotrichum_leaf_blight,246,18,0.7723577235772358
16,20260946,ordinary_file_random,color_shortcut,healthy,256,201,0.55859375
16,20260946,ordinary_file_random,color_shortcut,iris_yellow_virus,255,178,0.48627450980392156
16,20260946,ordinary_file_random,color_shortcut,purple_blotch,147,18,0.9863945578231292
16,20260946,ordinary_file_random,color_shortcut,stemphylium_colletotrichum_leaf_blight,243,88,0.7530864197530864
16,20260946,ordinary_file_random,resnet18,healthy,256,201,0.81640625
16,20260946,ordinary_file_random,resnet18,iris_yellow_virus,255,178,0.7019607843137254
16,20260946,ordinary_file_random,resnet18,purple_blotch,147,18,0.9455782312925171
16,20260946,ordinary_file_random,resnet18,stemphylium_colletotrichum_leaf_blight,243,88,0.831275720164609
16,20260946,augmentation_family_grouped,color_shortcut,healthy,255,85,0.5843137254901961
16,20260946,augmentation_family_grouped,color_shortcut,iris_yellow_virus,254,56,0.48031496062992124
16,20260946,augmentation_family_grouped,color_shortcut,purple_blotch,164,4,0.0
16,20260946,augmentation_family_grouped,color_shortcut,stemphylium_colletotrichum_leaf_blight,240,18,0.6041666666666666
16,20260946,augmentation_family_grouped,resnet18,healthy,255,85,0.796078431372549
16,20260946,augmentation_family_grouped,resnet18,iris_yellow_virus,254,56,0.5551181102362205
16,20260946,augmentation_family_grouped,resnet18,purple_blotch,164,4,0.6829268292682927
16,20260946,augmentation_family_grouped,resnet18,stemphylium_colletotrichum_leaf_blight,240,18,0.6291666666666667
17,20260947,ordinary_file_random,color_shortcut,healthy,256,206,0.60546875
17,20260947,ordinary_file_random,color_shortcut,iris_yellow_virus,255,178,0.49019607843137253
17,20260947,ordinary_file_random,color_shortcut,purple_blotch,147,18,0.9931972789115646
17,20260947,ordinary_file_random,color_shortcut,stemphylium_colletotrichum_leaf_blight,243,86,0.654320987654321
17,20260947,ordinary_file_random,resnet18,healthy,256,206,0.79296875
17,20260947,ordinary_file_random,resnet18,iris_yellow_virus,255,178,0.7176470588235294
17,20260947,ordinary_file_random,resnet18,purple_blotch,147,18,0.9523809523809523
17,20260947,ordinary_file_random,resnet18,stemphylium_colletotrichum_leaf_blight,243,86,0.8271604938271605
17,20260947,augmentation_family_grouped,color_shortcut,healthy,255,85,0.4666666666666667
17,20260947,augmentation_family_grouped,color_shortcut,iris_yellow_virus,256,56,0.4921875
17,20260947,augmentation_family_grouped,color_shortcut,purple_blotch,163,4,0.6809815950920245
17,20260947,augmentation_family_grouped,color_shortcut,stemphylium_colletotrichum_leaf_blight,242,18,0.4462809917355372
17,20260947,augmentation_family_grouped,resnet18,healthy,255,85,0.8235294117647058
17,20260947,augmentation_family_grouped,resnet18,iris_yellow_virus,256,56,0.6796875
17,20260947,augmentation_family_grouped,resnet18,purple_blotch,163,4,0.8159509202453987
17,20260947,augmentation_family_grouped,resnet18,stemphylium_colletotrichum_leaf_blight,242,18,0.628099173553719
18,20260948,ordinary_file_random,color_shortcut,healthy,256,198,0.59375
18,20260948,ordinary_file_random,color_shortcut,iris_yellow_virus,255,181,0.5529411764705883
18,20260948,ordinary_file_random,color_shortcut,purple_blotch,147,18,1.0
18,20260948,ordinary_file_random,color_shortcut,stemphylium_colletotrichum_leaf_blight,243,79,0.7283950617283951
18,20260948,ordinary_file_random,resnet18,healthy,256,198,0.80859375
18,20260948,ordinary_file_random,resnet18,iris_yellow_virus,255,181,0.7450980392156863
18,20260948,ordinary_file_random,resnet18,purple_blotch,147,18,0.9591836734693877
18,20260948,ordinary_file_random,resnet18,stemphylium_colletotrichum_leaf_blight,243,79,0.8477366255144033
18,20260948,augmentation_family_grouped,color_shortcut,healthy,255,85,0.5019607843137255
18,20260948,augmentation_family_grouped,color_shortcut,iris_yellow_virus,247,56,0.41700404858299595
18,20260948,augmentation_family_grouped,color_shortcut,purple_blotch,162,4,0.24074074074074073
18,20260948,augmentation_family_grouped,color_shortcut,stemphylium_colletotrichum_leaf_blight,243,18,0.5020576131687243
18,20260948,augmentation_family_grouped,resnet18,healthy,255,85,0.7725490196078432
18,20260948,augmentation_family_grouped,resnet18,iris_yellow_virus,247,56,0.6396761133603239
18,20260948,augmentation_family_grouped,resnet18,purple_blotch,162,4,0.8209876543209876
18,20260948,augmentation_family_grouped,resnet18,stemphylium_colletotrichum_leaf_blight,243,18,0.6008230452674898
19,20260949,ordinary_file_random,color_shortcut,healthy,256,209,0.61328125
19,20260949,ordinary_file_random,color_shortcut,iris_yellow_virus,255,178,0.5137254901960784
19,20260949,ordinary_file_random,color_shortcut,purple_blotch,147,18,0.9863945578231292
19,20260949,ordinary_file_random,color_shortcut,stemphylium_colletotrichum_leaf_blight,243,86,0.6831275720164609
19,20260949,ordinary_file_random,resnet18,healthy,256,209,0.81640625
19,20260949,ordinary_file_random,resnet18,iris_yellow_virus,255,178,0.6784313725490196
19,20260949,ordinary_file_random,resnet18,purple_blotch,147,18,0.9659863945578231
19,20260949,ordinary_file_random,resnet18,stemphylium_colletotrichum_leaf_blight,243,86,0.8106995884773662
19,20260949,augmentation_family_grouped,color_shortcut,healthy,255,85,0.5843137254901961
19,20260949,augmentation_family_grouped,color_shortcut,iris_yellow_virus,258,56,0.4844961240310077
19,20260949,augmentation_family_grouped,color_shortcut,purple_blotch,164,4,0.5
19,20260949,augmentation_family_grouped,color_shortcut,stemphylium_colletotrichum_leaf_blight,242,18,0.23553719008264462
19,20260949,augmentation_family_grouped,resnet18,healthy,255,85,0.8
19,20260949,augmentation_family_grouped,resnet18,iris_yellow_virus,258,56,0.5697674418604651
19,20260949,augmentation_family_grouped,resnet18,purple_blotch,164,4,0.6097560975609756
19,20260949,augmentation_family_grouped,resnet18,stemphylium_colletotrichum_leaf_blight,242,18,0.6363636363636364
20,20260950,ordinary_file_random,color_shortcut,healthy,256,205,0.5703125
20,20260950,ordinary_file_random,color_shortcut,iris_yellow_virus,255,170,0.48627450980392156
20,20260950,ordinary_file_random,color_shortcut,purple_blotch,147,18,1.0
20,20260950,ordinary_file_random,color_shortcut,stemphylium_colletotrichum_leaf_blight,243,88,0.7325102880658436
20,20260950,ordinary_file_random,resnet18,healthy,256,205,0.83203125
20,20260950,ordinary_file_random,resnet18,iris_yellow_virus,255,170,0.7176470588235294
20,20260950,ordinary_file_random,resnet18,purple_blotch,147,18,0.9659863945578231
20,20260950,ordinary_file_random,resnet18,stemphylium_colletotrichum_leaf_blight,243,88,0.8477366255144033
20,20260950,augmentation_family_grouped,color_shortcut,healthy,255,85,0.4666666666666667
20,20260950,augmentation_family_grouped,color_shortcut,iris_yellow_virus,252,56,0.48412698412698413
20,20260950,augmentation_family_grouped,color_shortcut,purple_blotch,164,4,0.0
20,20260950,augmentation_family_grouped,color_shortcut,stemphylium_colletotrichum_leaf_blight,242,18,0.3760330578512397
20,20260950,augmentation_family_grouped,resnet18,healthy,255,85,0.796078431372549
20,20260950,augmentation_family_grouped,resnet18,iris_yellow_virus,252,56,0.6666666666666666
20,20260950,augmentation_family_grouped,resnet18,purple_blotch,164,4,0.3170731707317073
20,20260950,augmentation_family_grouped,resnet18,stemphylium_colletotrichum_leaf_blight,242,18,0.6735537190082644
21,20260951,ordinary_file_random,color_shortcut,healthy,256,209,0.515625
21,20260951,ordinary_file_random,color_shortcut,iris_yellow_virus,255,181,0.5058823529411764
21,20260951,ordinary_file_random,color_shortcut,purple_blotch,147,18,1.0
21,20260951,ordinary_file_random,color_shortcut,stemphylium_colletotrichum_leaf_blight,243,85,0.7530864197530864
21,20260951,ordinary_file_random,resnet18,healthy,256,209,0.7734375
21,20260951,ordinary_file_random,resnet18,iris_yellow_virus,255,181,0.7686274509803922
21,20260951,ordinary_file_random,resnet18,purple_blotch,147,18,0.9319727891156463
21,20260951,ordinary_file_random,resnet18,stemphylium_colletotrichum_leaf_blight,243,85,0.8353909465020576
21,20260951,augmentation_family_grouped,color_shortcut,healthy,255,85,0.5725490196078431
21,20260951,augmentation_family_grouped,color_shortcut,iris_yellow_virus,247,56,0.3805668016194332
21,20260951,augmentation_family_grouped,color_shortcut,purple_blotch,162,4,0.4074074074074074
21,20260951,augmentation_family_grouped,color_shortcut,stemphylium_colletotrichum_leaf_blight,244,18,0.3442622950819672
21,20260951,augmentation_family_grouped,resnet18,healthy,255,85,0.8431372549019608
21,20260951,augmentation_family_grouped,resnet18,iris_yellow_virus,247,56,0.6842105263157895
21,20260951,augmentation_family_grouped,resnet18,purple_blotch,162,4,0.4876543209876543
21,20260951,augmentation_family_grouped,resnet18,stemphylium_colletotrichum_leaf_blight,244,18,0.6229508196721312
22,20260952,ordinary_file_random,color_shortcut,healthy,256,210,0.5859375
22,20260952,ordinary_file_random,color_shortcut,iris_yellow_virus,255,185,0.5058823529411764
22,20260952,ordinary_file_random,color_shortcut,purple_blotch,147,18,0.9931972789115646
22,20260952,ordinary_file_random,color_shortcut,stemphylium_colletotrichum_leaf_blight,243,89,0.6707818930041153
22,20260952,ordinary_file_random,resnet18,healthy,256,210,0.84375
22,20260952,ordinary_file_random,resnet18,iris_yellow_virus,255,185,0.7137254901960784
22,20260952,ordinary_file_random,resnet18,purple_blotch,147,18,0.9659863945578231
22,20260952,ordinary_file_random,resnet18,stemphylium_colletotrichum_leaf_blight,243,89,0.831275720164609
22,20260952,augmentation_family_grouped,color_shortcut,healthy,255,85,0.5607843137254902
22,20260952,augmentation_family_grouped,color_shortcut,iris_yellow_virus,252,56,0.4523809523809524
22,20260952,augmentation_family_grouped,color_shortcut,purple_blotch,162,4,0.006172839506172839
22,20260952,augmentation_family_grouped,color_shortcut,stemphylium_colletotrichum_leaf_blight,242,18,0.4090909090909091
22,20260952,augmentation_family_grouped,resnet18,healthy,255,85,0.8117647058823529
22,20260952,augmentation_family_grouped,resnet18,iris_yellow_virus,252,56,0.5714285714285714
22,20260952,augmentation_family_grouped,resnet18,purple_blotch,162,4,0.3271604938271605
22,20260952,augmentation_family_grouped,resnet18,stemphylium_colletotrichum_leaf_blight,242,18,0.7603305785123967
23,20260953,ordinary_file_random,color_shortcut,healthy,256,206,0.58984375
23,20260953,ordinary_file_random,color_shortcut,iris_yellow_virus,255,185,0.5215686274509804
23,20260953,ordinary_file_random,color_shortcut,purple_blotch,147,18,0.9931972789115646
23,20260953,ordinary_file_random,color_shortcut,stemphylium_colletotrichum_leaf_blight,243,85,0.7160493827160493
23,20260953,ordinary_file_random,resnet18,healthy,256,206,0.80859375
23,20260953,ordinary_file_random,resnet18,iris_yellow_virus,255,185,0.7176470588235294
23,20260953,ordinary_file_random,resnet18,purple_blotch,147,18,0.9863945578231292
23,20260953,ordinary_file_random,resnet18,stemphylium_colletotrichum_leaf_blight,243,85,0.831275720164609
23,20260953,augmentation_family_grouped,color_shortcut,healthy,255,85,0.5529411764705883
23,20260953,augmentation_family_grouped,color_shortcut,iris_yellow_virus,252,56,0.4603174603174603
23,20260953,augmentation_family_grouped,color_shortcut,purple_blotch,163,4,0.49693251533742333
23,20260953,augmentation_family_grouped,color_shortcut,stemphylium_colletotrichum_leaf_blight,241,18,0.3651452282157676
23,20260953,augmentation_family_grouped,resnet18,healthy,255,85,0.8156862745098039
23,20260953,augmentation_family_grouped,resnet18,iris_yellow_virus,252,56,0.6150793650793651
23,20260953,augmentation_family_grouped,resnet18,purple_blotch,163,4,0.5705521472392638
23,20260953,augmentation_family_grouped,resnet18,stemphylium_colletotrichum_leaf_blight,241,18,0.7427385892116183
24,20260954,ordinary_file_random,color_shortcut,healthy,256,214,0.58203125
24,20260954,ordinary_file_random,color_shortcut,iris_yellow_virus,255,173,0.4549019607843137
24,20260954,ordinary_file_random,color_shortcut,purple_blotch,147,18,1.0
24,20260954,ordinary_file_random,color_shortcut,stemphylium_colletotrichum_leaf_blight,243,86,0.7325102880658436
24,20260954,ordinary_file_random,resnet18,healthy,256,214,0.83203125
24,20260954,ordinary_file_random,resnet18,iris_yellow_virus,255,173,0.6980392156862745
24,20260954,ordinary_file_random,resnet18,purple_blotch,147,18,0.9387755102040817
24,20260954,ordinary_file_random,resnet18,stemphylium_colletotrichum_leaf_blight,243,86,0.8477366255144033
24,20260954,augmentation_family_grouped,color_shortcut,healthy,255,85,0.5254901960784314
24,20260954,augmentation_family_grouped,color_shortcut,iris_yellow_virus,252,56,0.43253968253968256
24,20260954,augmentation_family_grouped,color_shortcut,purple_blotch,162,4,0.25925925925925924
24,20260954,augmentation_family_grouped,color_shortcut,stemphylium_colletotrichum_leaf_blight,243,18,0.4567901234567901
24,20260954,augmentation_family_grouped,resnet18,healthy,255,85,0.7725490196078432
24,20260954,augmentation_family_grouped,resnet18,iris_yellow_virus,252,56,0.7023809523809523
24,20260954,augmentation_family_grouped,resnet18,purple_blotch,162,4,0.6790123456790124
24,20260954,augmentation_family_grouped,resnet18,stemphylium_colletotrichum_leaf_blight,243,18,0.7078189300411523
25,20260955,ordinary_file_random,color_shortcut,healthy,256,205,0.5546875
25,20260955,ordinary_file_random,color_shortcut,iris_yellow_virus,255,173,0.4980392156862745
25,20260955,ordinary_file_random,color_shortcut,purple_blotch,147,18,1.0
25,20260955,ordinary_file_random,color_shortcut,stemphylium_colletotrichum_leaf_blight,243,87,0.7407407407407407
25,20260955,ordinary_file_random,resnet18,healthy,256,205,0.8046875
25,20260955,ordinary_file_random,resnet18,iris_yellow_virus,255,173,0.7058823529411765
25,20260955,ordinary_file_random,resnet18,purple_blotch,147,18,0.9319727891156463
25,20260955,ordinary_file_random,resnet18,stemphylium_colletotrichum_leaf_blight,243,87,0.831275720164609
25,20260955,augmentation_family_grouped,color_shortcut,healthy,255,85,0.4745098039215686
25,20260955,augmentation_family_grouped,color_shortcut,iris_yellow_virus,251,56,0.5378486055776892
25,20260955,augmentation_family_grouped,color_shortcut,purple_blotch,164,4,0.25
25,20260955,augmentation_family_grouped,color_shortcut,stemphylium_colletotrichum_leaf_blight,242,18,0.33884297520661155
25,20260955,augmentation_family_grouped,resnet18,healthy,255,85,0.7686274509803922
25,20260955,augmentation_family_grouped,resnet18,iris_yellow_virus,251,56,0.6533864541832669
25,20260955,augmentation_family_grouped,resnet18,purple_blotch,164,4,0.6890243902439024
25,20260955,augmentation_family_grouped,resnet18,stemphylium_colletotrichum_leaf_blight,242,18,0.7148760330578512
26,20260956,ordinary_file_random,color_shortcut,healthy,256,212,0.5625
26,20260956,ordinary_file_random,color_shortcut,iris_yellow_virus,255,183,0.5333333333333333
26,20260956,ordinary_file_random,color_shortcut,purple_blotch,147,18,0.9795918367346939
26,20260956,ordinary_file_random,color_shortcut,stemphylium_colletotrichum_leaf_blight,243,84,0.7325102880658436
26,20260956,ordinary_file_random,resnet18,healthy,256,212,0.78515625
26,20260956,ordinary_file_random,resnet18,iris_yellow_virus,255,183,0.7333333333333333
26,20260956,ordinary_file_random,resnet18,purple_blotch,147,18,0.9659863945578231
26,20260956,ordinary_file_random,resnet18,stemphylium_colletotrichum_leaf_blight,243,84,0.8477366255144033
26,20260956,augmentation_family_grouped,color_shortcut,healthy,255,85,0.5058823529411764
26,20260956,augmentation_family_grouped,color_shortcut,iris_yellow_virus,251,56,0.41434262948207173
26,20260956,augmentation_family_grouped,color_shortcut,purple_blotch,163,4,0.7484662576687117
26,20260956,augmentation_family_grouped,color_shortcut,stemphylium_colletotrichum_leaf_blight,241,18,0.35269709543568467
26,20260956,augmentation_family_grouped,resnet18,healthy,255,85,0.788235294117647
26,20260956,augmentation_family_grouped,resnet18,iris_yellow_virus,251,56,0.6852589641434262
26,20260956,augmentation_family_grouped,resnet18,purple_blotch,163,4,0.950920245398773
26,20260956,augmentation_family_grouped,resnet18,stemphylium_colletotrichum_leaf_blight,241,18,0.7468879668049793
27,20260957,ordinary_file_random,color_shortcut,healthy,256,214,0.58203125
27,20260957,ordinary_file_random,color_shortcut,iris_yellow_virus,255,176,0.48627450980392156
27,20260957,ordinary_file_random,color_shortcut,purple_blotch,147,18,1.0
27,20260957,ordinary_file_random,color_shortcut,stemphylium_colletotrichum_leaf_blight,243,83,0.7325102880658436
27,20260957,ordinary_file_random,resnet18,healthy,256,214,0.7734375
27,20260957,ordinary_file_random,resnet18,iris_yellow_virus,255,176,0.7333333333333333
27,20260957,ordinary_file_random,resnet18,purple_blotch,147,18,0.9795918367346939
27,20260957,ordinary_file_random,resnet18,stemphylium_colletotrichum_leaf_blight,243,83,0.8806584362139918
27,20260957,augmentation_family_grouped,color_shortcut,healthy,255,85,0.49019607843137253
27,20260957,augmentation_family_grouped,color_shortcut,iris_yellow_virus,256,56,0.42578125
27,20260957,augmentation_family_grouped,color_shortcut,purple_blotch,163,4,0.49693251533742333
27,20260957,augmentation_family_grouped,color_shortcut,stemphylium_colletotrichum_leaf_blight,243,18,0.3333333333333333
27,20260957,augmentation_family_grouped,resnet18,healthy,255,85,0.7647058823529411
27,20260957,augmentation_family_grouped,resnet18,iris_yellow_virus,256,56,0.60546875
27,20260957,augmentation_family_grouped,resnet18,purple_blotch,163,4,0.48466257668711654
27,20260957,augmentation_family_grouped,resnet18,stemphylium_colletotrichum_leaf_blight,243,18,0.5802469135802469
28,20260958,ordinary_file_random,color_shortcut,healthy,256,216,0.578125
28,20260958,ordinary_file_random,color_shortcut,iris_yellow_virus,255,180,0.5176470588235295
28,20260958,ordinary_file_random,color_shortcut,purple_blotch,147,18,0.9863945578231292
28,20260958,ordinary_file_random,color_shortcut,stemphylium_colletotrichum_leaf_blight,243,89,0.7654320987654321
28,20260958,ordinary_file_random,resnet18,healthy,256,216,0.84375
28,20260958,ordinary_file_random,resnet18,iris_yellow_virus,255,180,0.7176470588235294
28,20260958,ordinary_file_random,resnet18,purple_blotch,147,18,0.9659863945578231
28,20260958,ordinary_file_random,resnet18,stemphylium_colletotrichum_leaf_blight,243,89,0.8559670781893004
28,20260958,augmentation_family_grouped,color_shortcut,healthy,255,85,0.4549019607843137
28,20260958,augmentation_family_grouped,color_shortcut,iris_yellow_virus,251,56,0.4262948207171315
28,20260958,augmentation_family_grouped,color_shortcut,purple_blotch,164,4,0.25
28,20260958,augmentation_family_grouped,color_shortcut,stemphylium_colletotrichum_leaf_blight,245,18,0.3836734693877551
28,20260958,augmentation_family_grouped,resnet18,healthy,255,85,0.7725490196078432
28,20260958,augmentation_family_grouped,resnet18,iris_yellow_virus,251,56,0.6454183266932271
28,20260958,augmentation_family_grouped,resnet18,purple_blotch,164,4,0.5304878048780488
28,20260958,augmentation_family_grouped,resnet18,stemphylium_colletotrichum_leaf_blight,245,18,0.6040816326530613
29,20260959,ordinary_file_random,color_shortcut,healthy,256,206,0.51953125
29,20260959,ordinary_file_random,color_shortcut,iris_yellow_virus,255,175,0.5725490196078431
29,20260959,ordinary_file_random,color_shortcut,purple_blotch,147,18,1.0
29,20260959,ordinary_file_random,color_shortcut,stemphylium_colletotrichum_leaf_blight,243,82,0.7489711934156379
29,20260959,ordinary_file_random,resnet18,healthy,256,206,0.828125
29,20260959,ordinary_file_random,resnet18,iris_yellow_virus,255,175,0.7568627450980392
29,20260959,ordinary_file_random,resnet18,purple_blotch,147,18,0.9523809523809523
29,20260959,ordinary_file_random,resnet18,stemphylium_colletotrichum_leaf_blight,243,82,0.8765432098765432
29,20260959,augmentation_family_grouped,color_shortcut,healthy,255,85,0.5882352941176471
29,20260959,augmentation_family_grouped,color_shortcut,iris_yellow_virus,255,56,0.48627450980392156
29,20260959,augmentation_family_grouped,color_shortcut,purple_blotch,164,4,0.2621951219512195
29,20260959,augmentation_family_grouped,color_shortcut,stemphylium_colletotrichum_leaf_blight,245,18,0.6408163265306123
29,20260959,augmentation_family_grouped,resnet18,healthy,255,85,0.8274509803921568
29,20260959,augmentation_family_grouped,resnet18,iris_yellow_virus,255,56,0.6745098039215687
29,20260959,augmentation_family_grouped,resnet18,purple_blotch,164,4,0.3231707317073171
29,20260959,augmentation_family_grouped,resnet18,stemphylium_colletotrichum_leaf_blight,245,18,0.7224489795918367
