variant,reference,comparator,metric,reference_minus_comparator,lower,upper,improvement_positive_favors_reference,improvement_lower,improvement_upper,replicates
all_high,resnet18_logit,color_shortcut_logit,balanced_accuracy,0.13001783309677173,0.08777387595062155,0.1677057107264621,0.13001783309677173,0.08777387595062155,0.1677057107264621,3000
all_high,resnet18_logit,color_shortcut_logit,auroc,0.12787058266914142,0.07451102866191882,0.17011812418435923,0.12787058266914142,0.07451102866191882,0.17011812418435923,3000
all_high,resnet18_logit,color_shortcut_logit,brier,-0.03495319420855286,-0.06013888107220384,-0.003668704661751793,0.03495319420855286,0.0036687046617518,0.060138881072203845,3000
all_high,resnet18_logit,convnext_tiny_logit,balanced_accuracy,0.07238781526367499,0.03931439952186485,0.1114589267576401,0.07238781526367499,0.03931439952186485,0.1114589267576401,3000
all_high,resnet18_logit,convnext_tiny_logit,auroc,0.02398976113355411,-0.008909534400099294,0.06048206274827638,0.02398976113355411,-0.008909534400099294,0.06048206274827638,3000
all_high,resnet18_logit,convnext_tiny_logit,brier,-0.010382352452344645,-0.033706420217356155,0.013647419462012852,0.010382352452344645,-0.013647419462012844,0.033706420217356155,3000
all_high,resnet18_logit,efficientnet_b0_logit,balanced_accuracy,0.005158860137569499,-0.03299679883120768,0.05139114623982712,0.005158860137569499,-0.03299679883120768,0.05139114623982712,3000
all_high,resnet18_logit,efficientnet_b0_logit,auroc,0.01404811296720887,-0.03332932770747167,0.06389965178003493,0.01404811296720887,-0.03332932770747167,0.06389965178003493,3000
all_high,resnet18_logit,efficientnet_b0_logit,brier,-0.021727906128934826,-0.05296414021114658,0.010150139449408064,0.021727906128934826,-0.010150139449408034,0.0529641402111466,3000
all_high,resnet18_logit,handcrafted_logit,balanced_accuracy,0.08461622447865491,0.039045909252307505,0.12428328583467099,0.08461622447865491,0.039045909252307505,0.12428328583467099,3000
all_high,resnet18_logit,handcrafted_logit,auroc,0.13167376351130033,0.08483742089856985,0.1733635163032959,0.13167376351130033,0.08483742089856985,0.1733635163032959,3000
all_high,resnet18_logit,handcrafted_logit,brier,-0.04788114798683657,-0.07444590050977866,-0.01681519473108205,0.04788114798683657,0.016815194731082055,0.07444590050977866,3000
all_high,resnet18_logit,prior_prevalence,balanced_accuracy,0.15532081377151796,0.12148234784482778,0.19135549075514774,0.15532081377151796,0.12148234784482778,0.19135549075514774,3000
all_high,resnet18_logit,prior_prevalence,auroc,0.23451128822894296,0.18677717455895604,0.2749456325965122,0.23451128822894296,0.18677717455895604,0.2749456325965122,3000
all_high,resnet18_logit,prior_prevalence,brier,-0.08051589412771615,-0.11877088372724626,-0.03688874657028149,0.08051589412771615,0.036888746570281496,0.11877088372724626,3000
all_high,resnet18_logit,swin_t_logit,balanced_accuracy,0.09318702915165411,0.06046450439596232,0.12904272076167442,0.09318702915165411,0.06046450439596232,0.12904272076167442,3000
all_high,resnet18_logit,swin_t_logit,auroc,-0.04750639929152867,-0.08452280199926963,-0.01521540755805137,-0.04750639929152867,-0.08452280199926963,-0.01521540755805137,3000
all_high,resnet18_logit,swin_t_logit,brier,-0.04216694658996056,-0.07159928931524333,-0.009296926682396426,0.04216694658996056,0.009296926682396433,0.07159928931524334,3000
spatial_high,resnet18_logit,color_shortcut_logit,balanced_accuracy,0.13001783309677173,0.09206326125241274,0.16883131020232647,0.13001783309677173,0.09206326125241274,0.16883131020232647,3000
spatial_high,resnet18_logit,color_shortcut_logit,auroc,0.12787058266914142,0.08690658569825235,0.16890134165182474,0.12787058266914142,0.08690658569825235,0.16890134165182474,3000
spatial_high,resnet18_logit,color_shortcut_logit,brier,-0.03495319420855286,-0.05943661895770347,-0.010251516079795197,0.03495319420855286,0.010251516079795199,0.05943661895770347,3000
spatial_high,resnet18_logit,convnext_tiny_logit,balanced_accuracy,0.07238781526367499,0.03843437540852382,0.10708649113585277,0.07238781526367499,0.03843437540852382,0.10708649113585277,3000
spatial_high,resnet18_logit,convnext_tiny_logit,auroc,0.02398976113355411,-0.010275932076545733,0.05762139907097386,0.02398976113355411,-0.010275932076545733,0.05762139907097386,3000
spatial_high,resnet18_logit,convnext_tiny_logit,brier,-0.010382352452344645,-0.03506876235654705,0.013171741474488187,0.010382352452344645,-0.013171741474488179,0.03506876235654705,3000
spatial_high,resnet18_logit,efficientnet_b0_logit,balanced_accuracy,0.005158860137569499,-0.03435675240458567,0.044871143496339916,0.005158860137569499,-0.03435675240458567,0.044871143496339916,3000
spatial_high,resnet18_logit,efficientnet_b0_logit,auroc,0.01404811296720887,-0.02779181801808413,0.0579201269091804,0.01404811296720887,-0.02779181801808413,0.0579201269091804,3000
spatial_high,resnet18_logit,efficientnet_b0_logit,brier,-0.021727906128934826,-0.05118889432780458,0.007630336471663733,0.021727906128934826,-0.007630336471663715,0.05118889432780459,3000
spatial_high,resnet18_logit,handcrafted_logit,balanced_accuracy,0.08461622447865491,0.041648660878956356,0.126413801962732,0.08461622447865491,0.041648660878956356,0.126413801962732,3000
spatial_high,resnet18_logit,handcrafted_logit,auroc,0.13167376351130033,0.08759980605366653,0.17507277591809936,0.13167376351130033,0.08759980605366653,0.17507277591809936,3000
spatial_high,resnet18_logit,handcrafted_logit,brier,-0.04788114798683657,-0.07402576600932209,-0.020373710684612453,0.04788114798683657,0.020373710684612453,0.0740257660093221,3000
spatial_high,resnet18_logit,prior_prevalence,balanced_accuracy,0.15532081377151796,0.12087699769718903,0.18908057290252517,0.15532081377151796,0.12087699769718903,0.18908057290252517,3000
spatial_high,resnet18_logit,prior_prevalence,auroc,0.23451128822894296,0.19346175076051217,0.2733404162980452,0.23451128822894296,0.19346175076051217,0.2733404162980452,3000
spatial_high,resnet18_logit,prior_prevalence,brier,-0.08051589412771615,-0.11247182916952661,-0.0469313964818342,0.08051589412771615,0.046931396481834205,0.11247182916952662,3000
spatial_high,resnet18_logit,swin_t_logit,balanced_accuracy,0.09318702915165411,0.06105031921345724,0.12846807209979325,0.09318702915165411,0.06105031921345724,0.12846807209979325,3000
spatial_high,resnet18_logit,swin_t_logit,auroc,-0.04750639929152867,-0.08141957370943431,-0.013597709433979217,-0.04750639929152867,-0.08141957370943431,-0.013597709433979217,3000
spatial_high,resnet18_logit,swin_t_logit,brier,-0.04216694658996056,-0.07342017458511754,-0.010480513517733275,0.04216694658996056,0.010480513517733278,0.07342017458511754,3000
