repetition,dose,train_images,train_families,test_anchors,test_file_overlap,test_sha_overlap,train_views_per_family,train_class_counts,test_anchor_sha256,probe_anchor_sha256,sentinel_anchor_sha256,probe_test_families,sentinel_test_families,exposed_sentinel_families,exposed_test_families,actual_exposure_fraction,status
0,0.0,1142,571,245,0,0,2,healthy:596;iris_yellow_virus:396;purple_blotch:24;stemphylium_colletotrichum_leaf_blight:126,d13095be7ae87d91637fb4f09cb73bf81d1073de5139d51cd05f584670e8bbed,246a7341cdf9726318643531b1b3746f10c36e55d79a127294d8ed378fc58bad,e84e614e698a3995f6433a4ace1843a89d07dfdcd3ed475fce67cd50414d1b8f,163,82,0,0,0.0,PASS
0,0.5,1142,571,245,0,0,2,healthy:596;iris_yellow_virus:396;purple_blotch:24;stemphylium_colletotrichum_leaf_blight:126,d13095be7ae87d91637fb4f09cb73bf81d1073de5139d51cd05f584670e8bbed,246a7341cdf9726318643531b1b3746f10c36e55d79a127294d8ed378fc58bad,e84e614e698a3995f6433a4ace1843a89d07dfdcd3ed475fce67cd50414d1b8f,163,82,0,81,0.4969325153374233,PASS
0,1.0,1142,571,245,0,0,2,healthy:596;iris_yellow_virus:396;purple_blotch:24;stemphylium_colletotrichum_leaf_blight:126,d13095be7ae87d91637fb4f09cb73bf81d1073de5139d51cd05f584670e8bbed,246a7341cdf9726318643531b1b3746f10c36e55d79a127294d8ed378fc58bad,e84e614e698a3995f6433a4ace1843a89d07dfdcd3ed475fce67cd50414d1b8f,163,82,0,163,1.0,PASS
1,0.0,1142,571,245,0,0,2,healthy:596;iris_yellow_virus:396;purple_blotch:24;stemphylium_colletotrichum_leaf_blight:126,0322b363f298e33a2b5df1050553714be1542b7e6d4c48cfd7177975718c6503,0c5e72cfb6a5bd69cba5abad408ed3a6aa14861ca8ddc53db03b3f0c1b10885c,bd4bf9f6fa3a5dce0eccd56a39c33ac2edc54ba955cd145dd39a858eee808384,163,82,0,0,0.0,PASS
1,0.5,1142,571,245,0,0,2,healthy:596;iris_yellow_virus:396;purple_blotch:24;stemphylium_colletotrichum_leaf_blight:126,0322b363f298e33a2b5df1050553714be1542b7e6d4c48cfd7177975718c6503,0c5e72cfb6a5bd69cba5abad408ed3a6aa14861ca8ddc53db03b3f0c1b10885c,bd4bf9f6fa3a5dce0eccd56a39c33ac2edc54ba955cd145dd39a858eee808384,163,82,0,81,0.4969325153374233,PASS
1,1.0,1142,571,245,0,0,2,healthy:596;iris_yellow_virus:396;purple_blotch:24;stemphylium_colletotrichum_leaf_blight:126,0322b363f298e33a2b5df1050553714be1542b7e6d4c48cfd7177975718c6503,0c5e72cfb6a5bd69cba5abad408ed3a6aa14861ca8ddc53db03b3f0c1b10885c,bd4bf9f6fa3a5dce0eccd56a39c33ac2edc54ba955cd145dd39a858eee808384,163,82,0,163,1.0,PASS
2,0.0,1142,571,245,0,0,2,healthy:596;iris_yellow_virus:396;purple_blotch:24;stemphylium_colletotrichum_leaf_blight:126,709af2f06988697fb739396e8bfcf52e0abde40c812df489a43fc2586f696ab0,a7d75a9f0968f7333a4bbce2e657f1c5290cafc3ebfca74802630e4c1f98926f,8c8dfd314390e9a073f7316bac9444ec109486b721ec23621c1828da9ef8d630,163,82,0,0,0.0,PASS
2,0.5,1142,571,245,0,0,2,healthy:596;iris_yellow_virus:396;purple_blotch:24;stemphylium_colletotrichum_leaf_blight:126,709af2f06988697fb739396e8bfcf52e0abde40c812df489a43fc2586f696ab0,a7d75a9f0968f7333a4bbce2e657f1c5290cafc3ebfca74802630e4c1f98926f,8c8dfd314390e9a073f7316bac9444ec109486b721ec23621c1828da9ef8d630,163,82,0,81,0.4969325153374233,PASS
2,1.0,1142,571,245,0,0,2,healthy:596;iris_yellow_virus:396;purple_blotch:24;stemphylium_colletotrichum_leaf_blight:126,709af2f06988697fb739396e8bfcf52e0abde40c812df489a43fc2586f696ab0,a7d75a9f0968f7333a4bbce2e657f1c5290cafc3ebfca74802630e4c1f98926f,8c8dfd314390e9a073f7316bac9444ec109486b721ec23621c1828da9ef8d630,163,82,0,163,1.0,PASS
3,0.0,1142,571,245,0,0,2,healthy:596;iris_yellow_virus:396;purple_blotch:24;stemphylium_colletotrichum_leaf_blight:126,cf73f8e9e1c874bbea8ae0661ae09d3f96d7223dcd7fe5d597f9adf0ae1f62ce,03f1c413d27f3b6e4953a85175f3b1acacd98aae16ad35814b9bf6f2a2096379,2214d05ef38110c24e0fae4122b29e2c5d86c399ade3f6250a5f5535daf9e3f4,163,82,0,0,0.0,PASS
3,0.5,1142,571,245,0,0,2,healthy:596;iris_yellow_virus:396;purple_blotch:24;stemphylium_colletotrichum_leaf_blight:126,cf73f8e9e1c874bbea8ae0661ae09d3f96d7223dcd7fe5d597f9adf0ae1f62ce,03f1c413d27f3b6e4953a85175f3b1acacd98aae16ad35814b9bf6f2a2096379,2214d05ef38110c24e0fae4122b29e2c5d86c399ade3f6250a5f5535daf9e3f4,163,82,0,81,0.4969325153374233,PASS
3,1.0,1142,571,245,0,0,2,healthy:596;iris_yellow_virus:396;purple_blotch:24;stemphylium_colletotrichum_leaf_blight:126,cf73f8e9e1c874bbea8ae0661ae09d3f96d7223dcd7fe5d597f9adf0ae1f62ce,03f1c413d27f3b6e4953a85175f3b1acacd98aae16ad35814b9bf6f2a2096379,2214d05ef38110c24e0fae4122b29e2c5d86c399ade3f6250a5f5535daf9e3f4,163,82,0,163,1.0,PASS
4,0.0,1142,571,245,0,0,2,healthy:596;iris_yellow_virus:396;purple_blotch:24;stemphylium_colletotrichum_leaf_blight:126,0a90948a8446f6ad97e93414929d7b7d0b45033fe4589354a198d77760be06c6,f66aaa812981c2ee02f388744d0a6fca86ac53e66db56df11697a9e0323c9602,bd14be24ca471f6ef631af3526a51cce0b171caa04039559e6b25f272504c832,163,82,0,0,0.0,PASS
4,0.5,1142,571,245,0,0,2,healthy:596;iris_yellow_virus:396;purple_blotch:24;stemphylium_colletotrichum_leaf_blight:126,0a90948a8446f6ad97e93414929d7b7d0b45033fe4589354a198d77760be06c6,f66aaa812981c2ee02f388744d0a6fca86ac53e66db56df11697a9e0323c9602,bd14be24ca471f6ef631af3526a51cce0b171caa04039559e6b25f272504c832,163,82,0,81,0.4969325153374233,PASS
4,1.0,1142,571,245,0,0,2,healthy:596;iris_yellow_virus:396;purple_blotch:24;stemphylium_colletotrichum_leaf_blight:126,0a90948a8446f6ad97e93414929d7b7d0b45033fe4589354a198d77760be06c6,f66aaa812981c2ee02f388744d0a6fca86ac53e66db56df11697a9e0323c9602,bd14be24ca471f6ef631af3526a51cce0b171caa04039559e6b25f272504c832,163,82,0,163,1.0,PASS
5,0.0,1142,571,245,0,0,2,healthy:596;iris_yellow_virus:396;purple_blotch:24;stemphylium_colletotrichum_leaf_blight:126,67aed090f9ab45df2256faf1023e2cedc23f4f09275e30759e4982a0692e5d2d,42a9db44fd7a360327a358afa1c904380a9e5da636d9c59d1c014451c71501e9,a9849b17ec16bb137ae16886f4ee9c548553d2fc599d9da1015dd235eba19e4d,163,82,0,0,0.0,PASS
5,0.5,1142,571,245,0,0,2,healthy:596;iris_yellow_virus:396;purple_blotch:24;stemphylium_colletotrichum_leaf_blight:126,67aed090f9ab45df2256faf1023e2cedc23f4f09275e30759e4982a0692e5d2d,42a9db44fd7a360327a358afa1c904380a9e5da636d9c59d1c014451c71501e9,a9849b17ec16bb137ae16886f4ee9c548553d2fc599d9da1015dd235eba19e4d,163,82,0,81,0.4969325153374233,PASS
5,1.0,1142,571,245,0,0,2,healthy:596;iris_yellow_virus:396;purple_blotch:24;stemphylium_colletotrichum_leaf_blight:126,67aed090f9ab45df2256faf1023e2cedc23f4f09275e30759e4982a0692e5d2d,42a9db44fd7a360327a358afa1c904380a9e5da636d9c59d1c014451c71501e9,a9849b17ec16bb137ae16886f4ee9c548553d2fc599d9da1015dd235eba19e4d,163,82,0,163,1.0,PASS
6,0.0,1142,571,245,0,0,2,healthy:596;iris_yellow_virus:396;purple_blotch:24;stemphylium_colletotrichum_leaf_blight:126,adf46fa65e1ed5ce2fc1999690714144c1dfe9e45ecfa0c127e81adc24f465e8,2aee929ed1253ad48b05f8241aed0ecca4499267a866dc1604e7e131925902a0,0ec2f0e17a6e657a85d3c07b021cabd1218b533a2a6e05faca0f612f77dc0afd,163,82,0,0,0.0,PASS
6,0.5,1142,571,245,0,0,2,healthy:596;iris_yellow_virus:396;purple_blotch:24;stemphylium_colletotrichum_leaf_blight:126,adf46fa65e1ed5ce2fc1999690714144c1dfe9e45ecfa0c127e81adc24f465e8,2aee929ed1253ad48b05f8241aed0ecca4499267a866dc1604e7e131925902a0,0ec2f0e17a6e657a85d3c07b021cabd1218b533a2a6e05faca0f612f77dc0afd,163,82,0,81,0.4969325153374233,PASS
6,1.0,1142,571,245,0,0,2,healthy:596;iris_yellow_virus:396;purple_blotch:24;stemphylium_colletotrichum_leaf_blight:126,adf46fa65e1ed5ce2fc1999690714144c1dfe9e45ecfa0c127e81adc24f465e8,2aee929ed1253ad48b05f8241aed0ecca4499267a866dc1604e7e131925902a0,0ec2f0e17a6e657a85d3c07b021cabd1218b533a2a6e05faca0f612f77dc0afd,163,82,0,163,1.0,PASS
7,0.0,1142,571,245,0,0,2,healthy:596;iris_yellow_virus:396;purple_blotch:24;stemphylium_colletotrichum_leaf_blight:126,68d96f77cf173b583e222d6a07ff808168e779438c21cfd14665270cf31291ca,0b031d83dd7e468cc5e96f5e30b3e0a460a1706365b7b260a6d95f853a3a7fc5,beb21ba03a195493200f9f752088fa4c8bf3665937dc9e22785198c42cad154b,163,82,0,0,0.0,PASS
7,0.5,1142,571,245,0,0,2,healthy:596;iris_yellow_virus:396;purple_blotch:24;stemphylium_colletotrichum_leaf_blight:126,68d96f77cf173b583e222d6a07ff808168e779438c21cfd14665270cf31291ca,0b031d83dd7e468cc5e96f5e30b3e0a460a1706365b7b260a6d95f853a3a7fc5,beb21ba03a195493200f9f752088fa4c8bf3665937dc9e22785198c42cad154b,163,82,0,81,0.4969325153374233,PASS
7,1.0,1142,571,245,0,0,2,healthy:596;iris_yellow_virus:396;purple_blotch:24;stemphylium_colletotrichum_leaf_blight:126,68d96f77cf173b583e222d6a07ff808168e779438c21cfd14665270cf31291ca,0b031d83dd7e468cc5e96f5e30b3e0a460a1706365b7b260a6d95f853a3a7fc5,beb21ba03a195493200f9f752088fa4c8bf3665937dc9e22785198c42cad154b,163,82,0,163,1.0,PASS
8,0.0,1142,571,245,0,0,2,healthy:596;iris_yellow_virus:396;purple_blotch:24;stemphylium_colletotrichum_leaf_blight:126,71ebc03411f1930f00bf181400b4e14b33a57dc4008ed1c9250e44fe13ec1212,9ae37d8ce9bc3b08ae4a71e24c1e3dbd862a508764e929479a5ecdeeee440d85,cc3f3ff12cd69589517b3e412a4995a27b2de56f04b89be603cb80c8b4c67fc8,163,82,0,0,0.0,PASS
8,0.5,1142,571,245,0,0,2,healthy:596;iris_yellow_virus:396;purple_blotch:24;stemphylium_colletotrichum_leaf_blight:126,71ebc03411f1930f00bf181400b4e14b33a57dc4008ed1c9250e44fe13ec1212,9ae37d8ce9bc3b08ae4a71e24c1e3dbd862a508764e929479a5ecdeeee440d85,cc3f3ff12cd69589517b3e412a4995a27b2de56f04b89be603cb80c8b4c67fc8,163,82,0,81,0.4969325153374233,PASS
8,1.0,1142,571,245,0,0,2,healthy:596;iris_yellow_virus:396;purple_blotch:24;stemphylium_colletotrichum_leaf_blight:126,71ebc03411f1930f00bf181400b4e14b33a57dc4008ed1c9250e44fe13ec1212,9ae37d8ce9bc3b08ae4a71e24c1e3dbd862a508764e929479a5ecdeeee440d85,cc3f3ff12cd69589517b3e412a4995a27b2de56f04b89be603cb80c8b4c67fc8,163,82,0,163,1.0,PASS
9,0.0,1142,571,245,0,0,2,healthy:596;iris_yellow_virus:396;purple_blotch:24;stemphylium_colletotrichum_leaf_blight:126,934a7a4b9c70a542073b73d8d1f29639c036e5a2b0b2fc98b18a29359e822f2d,e2ccf99e12c2ea9a999de5c2fe64df6c9e7d1cd55bbbb4e7ab402ebe8d8d3c18,141ddbe95c3fe6c41b7dac7838f28e1d78f638c34643b74bcf4ef56a9180375e,163,82,0,0,0.0,PASS
9,0.5,1142,571,245,0,0,2,healthy:596;iris_yellow_virus:396;purple_blotch:24;stemphylium_colletotrichum_leaf_blight:126,934a7a4b9c70a542073b73d8d1f29639c036e5a2b0b2fc98b18a29359e822f2d,e2ccf99e12c2ea9a999de5c2fe64df6c9e7d1cd55bbbb4e7ab402ebe8d8d3c18,141ddbe95c3fe6c41b7dac7838f28e1d78f638c34643b74bcf4ef56a9180375e,163,82,0,81,0.4969325153374233,PASS
9,1.0,1142,571,245,0,0,2,healthy:596;iris_yellow_virus:396;purple_blotch:24;stemphylium_colletotrichum_leaf_blight:126,934a7a4b9c70a542073b73d8d1f29639c036e5a2b0b2fc98b18a29359e822f2d,e2ccf99e12c2ea9a999de5c2fe64df6c9e7d1cd55bbbb4e7ab402ebe8d8d3c18,141ddbe95c3fe6c41b7dac7838f28e1d78f638c34643b74bcf4ef56a9180375e,163,82,0,163,1.0,PASS
10,0.0,1142,571,245,0,0,2,healthy:596;iris_yellow_virus:396;purple_blotch:24;stemphylium_colletotrichum_leaf_blight:126,a74cc595e2d32d7277b7ad9cda24a37f34cc17f752feef6386d092b0162cd965,4df32131ecc63d7f77f3f7d8888b94b2affa4bf203972b8805a2ab6f40a02498,1ec7dce30b429bfb74a6681b33560de6245113fdf5a641902528d8b49d070ca0,163,82,0,0,0.0,PASS
10,0.5,1142,571,245,0,0,2,healthy:596;iris_yellow_virus:396;purple_blotch:24;stemphylium_colletotrichum_leaf_blight:126,a74cc595e2d32d7277b7ad9cda24a37f34cc17f752feef6386d092b0162cd965,4df32131ecc63d7f77f3f7d8888b94b2affa4bf203972b8805a2ab6f40a02498,1ec7dce30b429bfb74a6681b33560de6245113fdf5a641902528d8b49d070ca0,163,82,0,81,0.4969325153374233,PASS
10,1.0,1142,571,245,0,0,2,healthy:596;iris_yellow_virus:396;purple_blotch:24;stemphylium_colletotrichum_leaf_blight:126,a74cc595e2d32d7277b7ad9cda24a37f34cc17f752feef6386d092b0162cd965,4df32131ecc63d7f77f3f7d8888b94b2affa4bf203972b8805a2ab6f40a02498,1ec7dce30b429bfb74a6681b33560de6245113fdf5a641902528d8b49d070ca0,163,82,0,163,1.0,PASS
11,0.0,1142,571,245,0,0,2,healthy:596;iris_yellow_virus:396;purple_blotch:24;stemphylium_colletotrichum_leaf_blight:126,8fbf404aa483d9c9944cce9dc0c50e8f8956e5b3e7b564c989358e68aa0837c8,ee1463cb09d3288fb52b3c76ea07a67406d9ae67b3eee87a0e367366907cd3f8,abee884c8fe5aa314d9adc5dff9ef2aef7907b24384d8c54f403d6506b91814a,163,82,0,0,0.0,PASS
11,0.5,1142,571,245,0,0,2,healthy:596;iris_yellow_virus:396;purple_blotch:24;stemphylium_colletotrichum_leaf_blight:126,8fbf404aa483d9c9944cce9dc0c50e8f8956e5b3e7b564c989358e68aa0837c8,ee1463cb09d3288fb52b3c76ea07a67406d9ae67b3eee87a0e367366907cd3f8,abee884c8fe5aa314d9adc5dff9ef2aef7907b24384d8c54f403d6506b91814a,163,82,0,81,0.4969325153374233,PASS
11,1.0,1142,571,245,0,0,2,healthy:596;iris_yellow_virus:396;purple_blotch:24;stemphylium_colletotrichum_leaf_blight:126,8fbf404aa483d9c9944cce9dc0c50e8f8956e5b3e7b564c989358e68aa0837c8,ee1463cb09d3288fb52b3c76ea07a67406d9ae67b3eee87a0e367366907cd3f8,abee884c8fe5aa314d9adc5dff9ef2aef7907b24384d8c54f403d6506b91814a,163,82,0,163,1.0,PASS
12,0.0,1142,571,245,0,0,2,healthy:596;iris_yellow_virus:396;purple_blotch:24;stemphylium_colletotrichum_leaf_blight:126,30b4dc7826b82bfa3f56ee39bb7143da5b0e53295e57f5087c3dd379bac861cf,3c7adc384ac8d052e109e6f7df657e33f9761b22977aabba1e8b8f6103c2924f,984c65a31c889bc665ee9b5bdead3f9a390d287a0b8ac338145f6eae9bb620be,163,82,0,0,0.0,PASS
12,0.5,1142,571,245,0,0,2,healthy:596;iris_yellow_virus:396;purple_blotch:24;stemphylium_colletotrichum_leaf_blight:126,30b4dc7826b82bfa3f56ee39bb7143da5b0e53295e57f5087c3dd379bac861cf,3c7adc384ac8d052e109e6f7df657e33f9761b22977aabba1e8b8f6103c2924f,984c65a31c889bc665ee9b5bdead3f9a390d287a0b8ac338145f6eae9bb620be,163,82,0,81,0.4969325153374233,PASS
12,1.0,1142,571,245,0,0,2,healthy:596;iris_yellow_virus:396;purple_blotch:24;stemphylium_colletotrichum_leaf_blight:126,30b4dc7826b82bfa3f56ee39bb7143da5b0e53295e57f5087c3dd379bac861cf,3c7adc384ac8d052e109e6f7df657e33f9761b22977aabba1e8b8f6103c2924f,984c65a31c889bc665ee9b5bdead3f9a390d287a0b8ac338145f6eae9bb620be,163,82,0,163,1.0,PASS
13,0.0,1142,571,245,0,0,2,healthy:596;iris_yellow_virus:396;purple_blotch:24;stemphylium_colletotrichum_leaf_blight:126,54978fc13c3f351f3ff7be235b3e1d461a185121555ae26e8ba2ea65307194dd,3fed32ca55987317d366d0cc771ecb816e42269803d1ec10d1e6cb2c6c523454,b86a99521ec7b1a2cb3cca3be8d7080c8997380d4ea124c440083a684a7c8c1a,163,82,0,0,0.0,PASS
13,0.5,1142,571,245,0,0,2,healthy:596;iris_yellow_virus:396;purple_blotch:24;stemphylium_colletotrichum_leaf_blight:126,54978fc13c3f351f3ff7be235b3e1d461a185121555ae26e8ba2ea65307194dd,3fed32ca55987317d366d0cc771ecb816e42269803d1ec10d1e6cb2c6c523454,b86a99521ec7b1a2cb3cca3be8d7080c8997380d4ea124c440083a684a7c8c1a,163,82,0,81,0.4969325153374233,PASS
13,1.0,1142,571,245,0,0,2,healthy:596;iris_yellow_virus:396;purple_blotch:24;stemphylium_colletotrichum_leaf_blight:126,54978fc13c3f351f3ff7be235b3e1d461a185121555ae26e8ba2ea65307194dd,3fed32ca55987317d366d0cc771ecb816e42269803d1ec10d1e6cb2c6c523454,b86a99521ec7b1a2cb3cca3be8d7080c8997380d4ea124c440083a684a7c8c1a,163,82,0,163,1.0,PASS
14,0.0,1142,571,245,0,0,2,healthy:596;iris_yellow_virus:396;purple_blotch:24;stemphylium_colletotrichum_leaf_blight:126,e4ebf872fb15ab9f03aac44eb664a2b427bd0406c61be904ebb588232d9d8b0a,d1c255301d00a12278400334783d914d5bcd30e9ff245cfd430f011c71eaf0c3,be40f85cbc10a9123f8e2e8d54a6fd045289bdb8b7de1b716f54b5078b32c93f,163,82,0,0,0.0,PASS
14,0.5,1142,571,245,0,0,2,healthy:596;iris_yellow_virus:396;purple_blotch:24;stemphylium_colletotrichum_leaf_blight:126,e4ebf872fb15ab9f03aac44eb664a2b427bd0406c61be904ebb588232d9d8b0a,d1c255301d00a12278400334783d914d5bcd30e9ff245cfd430f011c71eaf0c3,be40f85cbc10a9123f8e2e8d54a6fd045289bdb8b7de1b716f54b5078b32c93f,163,82,0,81,0.4969325153374233,PASS
14,1.0,1142,571,245,0,0,2,healthy:596;iris_yellow_virus:396;purple_blotch:24;stemphylium_colletotrichum_leaf_blight:126,e4ebf872fb15ab9f03aac44eb664a2b427bd0406c61be904ebb588232d9d8b0a,d1c255301d00a12278400334783d914d5bcd30e9ff245cfd430f011c71eaf0c3,be40f85cbc10a9123f8e2e8d54a6fd045289bdb8b7de1b716f54b5078b32c93f,163,82,0,163,1.0,PASS
15,0.0,1142,571,245,0,0,2,healthy:596;iris_yellow_virus:396;purple_blotch:24;stemphylium_colletotrichum_leaf_blight:126,c76dd4ed3e0b7d5c290b64f4423b6b4f18b9433b59375f4ad7bae4071c130c52,d35c1dc631a89374ce0f869665acda3b2701ba0c77db773b3baedae5f0a0dc47,888053757a54358e7141d8afd6499d96f4103f6e0fe18a55e725403840da1f22,163,82,0,0,0.0,PASS
15,0.5,1142,571,245,0,0,2,healthy:596;iris_yellow_virus:396;purple_blotch:24;stemphylium_colletotrichum_leaf_blight:126,c76dd4ed3e0b7d5c290b64f4423b6b4f18b9433b59375f4ad7bae4071c130c52,d35c1dc631a89374ce0f869665acda3b2701ba0c77db773b3baedae5f0a0dc47,888053757a54358e7141d8afd6499d96f4103f6e0fe18a55e725403840da1f22,163,82,0,81,0.4969325153374233,PASS
15,1.0,1142,571,245,0,0,2,healthy:596;iris_yellow_virus:396;purple_blotch:24;stemphylium_colletotrichum_leaf_blight:126,c76dd4ed3e0b7d5c290b64f4423b6b4f18b9433b59375f4ad7bae4071c130c52,d35c1dc631a89374ce0f869665acda3b2701ba0c77db773b3baedae5f0a0dc47,888053757a54358e7141d8afd6499d96f4103f6e0fe18a55e725403840da1f22,163,82,0,163,1.0,PASS
16,0.0,1142,571,245,0,0,2,healthy:596;iris_yellow_virus:396;purple_blotch:24;stemphylium_colletotrichum_leaf_blight:126,59422796a879d57d8894576ddf4c04b5d07309bf73cb8168e4834ab4f6f4c79f,234315cd2076f10a07d4ff5c64a6da9580e8d0cb7d1d0eff3429a09ae5e93015,18225a86a2673b13cd0d51daf3f50243dca3b2646e3557dc3a684fd9d0d7c428,163,82,0,0,0.0,PASS
16,0.5,1142,571,245,0,0,2,healthy:596;iris_yellow_virus:396;purple_blotch:24;stemphylium_colletotrichum_leaf_blight:126,59422796a879d57d8894576ddf4c04b5d07309bf73cb8168e4834ab4f6f4c79f,234315cd2076f10a07d4ff5c64a6da9580e8d0cb7d1d0eff3429a09ae5e93015,18225a86a2673b13cd0d51daf3f50243dca3b2646e3557dc3a684fd9d0d7c428,163,82,0,81,0.4969325153374233,PASS
16,1.0,1142,571,245,0,0,2,healthy:596;iris_yellow_virus:396;purple_blotch:24;stemphylium_colletotrichum_leaf_blight:126,59422796a879d57d8894576ddf4c04b5d07309bf73cb8168e4834ab4f6f4c79f,234315cd2076f10a07d4ff5c64a6da9580e8d0cb7d1d0eff3429a09ae5e93015,18225a86a2673b13cd0d51daf3f50243dca3b2646e3557dc3a684fd9d0d7c428,163,82,0,163,1.0,PASS
17,0.0,1142,571,245,0,0,2,healthy:596;iris_yellow_virus:396;purple_blotch:24;stemphylium_colletotrichum_leaf_blight:126,f5a91cf7a82178cd598c3afb7649d80a4ed5a114f62c7d7aedd64f20fcbbaf2a,a64438ac889a281aafc7083e4f0137f038e2a46e59348dd203a6bd2d76c7066a,50dc14ca98ce2793adc7ee48d178ae2b7cbadfc18a6117ae5a92a6bc1a2ae413,163,82,0,0,0.0,PASS
17,0.5,1142,571,245,0,0,2,healthy:596;iris_yellow_virus:396;purple_blotch:24;stemphylium_colletotrichum_leaf_blight:126,f5a91cf7a82178cd598c3afb7649d80a4ed5a114f62c7d7aedd64f20fcbbaf2a,a64438ac889a281aafc7083e4f0137f038e2a46e59348dd203a6bd2d76c7066a,50dc14ca98ce2793adc7ee48d178ae2b7cbadfc18a6117ae5a92a6bc1a2ae413,163,82,0,81,0.4969325153374233,PASS
17,1.0,1142,571,245,0,0,2,healthy:596;iris_yellow_virus:396;purple_blotch:24;stemphylium_colletotrichum_leaf_blight:126,f5a91cf7a82178cd598c3afb7649d80a4ed5a114f62c7d7aedd64f20fcbbaf2a,a64438ac889a281aafc7083e4f0137f038e2a46e59348dd203a6bd2d76c7066a,50dc14ca98ce2793adc7ee48d178ae2b7cbadfc18a6117ae5a92a6bc1a2ae413,163,82,0,163,1.0,PASS
18,0.0,1142,571,245,0,0,2,healthy:596;iris_yellow_virus:396;purple_blotch:24;stemphylium_colletotrichum_leaf_blight:126,1e81f63f5038be121b77620eed618bf387921d9079bbc135c98efa36bfdfa6f9,38f616af1c6371016d0f759070b9af16a6411203be12e26f9d8cccdb4b5a0ad3,319876dabfc1c92ff0659a370207cfa4f21a88f3cbb9e3d5de90441a6776590c,163,82,0,0,0.0,PASS
18,0.5,1142,571,245,0,0,2,healthy:596;iris_yellow_virus:396;purple_blotch:24;stemphylium_colletotrichum_leaf_blight:126,1e81f63f5038be121b77620eed618bf387921d9079bbc135c98efa36bfdfa6f9,38f616af1c6371016d0f759070b9af16a6411203be12e26f9d8cccdb4b5a0ad3,319876dabfc1c92ff0659a370207cfa4f21a88f3cbb9e3d5de90441a6776590c,163,82,0,81,0.4969325153374233,PASS
18,1.0,1142,571,245,0,0,2,healthy:596;iris_yellow_virus:396;purple_blotch:24;stemphylium_colletotrichum_leaf_blight:126,1e81f63f5038be121b77620eed618bf387921d9079bbc135c98efa36bfdfa6f9,38f616af1c6371016d0f759070b9af16a6411203be12e26f9d8cccdb4b5a0ad3,319876dabfc1c92ff0659a370207cfa4f21a88f3cbb9e3d5de90441a6776590c,163,82,0,163,1.0,PASS
19,0.0,1142,571,245,0,0,2,healthy:596;iris_yellow_virus:396;purple_blotch:24;stemphylium_colletotrichum_leaf_blight:126,1616c68192a763a0292529e7dd6358f3803a6a46fe95f4fffa09694b56a11208,6fc1c70682a8d33bcc62d101eccf836f99b8bdf0c4cf75764883c8b861e6706f,18ad103b9f664b4ae848c94cd03c27a3dbff2cf43cb3edb81def6045d701e5ad,163,82,0,0,0.0,PASS
19,0.5,1142,571,245,0,0,2,healthy:596;iris_yellow_virus:396;purple_blotch:24;stemphylium_colletotrichum_leaf_blight:126,1616c68192a763a0292529e7dd6358f3803a6a46fe95f4fffa09694b56a11208,6fc1c70682a8d33bcc62d101eccf836f99b8bdf0c4cf75764883c8b861e6706f,18ad103b9f664b4ae848c94cd03c27a3dbff2cf43cb3edb81def6045d701e5ad,163,82,0,81,0.4969325153374233,PASS
19,1.0,1142,571,245,0,0,2,healthy:596;iris_yellow_virus:396;purple_blotch:24;stemphylium_colletotrichum_leaf_blight:126,1616c68192a763a0292529e7dd6358f3803a6a46fe95f4fffa09694b56a11208,6fc1c70682a8d33bcc62d101eccf836f99b8bdf0c4cf75764883c8b861e6706f,18ad103b9f664b4ae848c94cd03c27a3dbff2cf43cb3edb81def6045d701e5ad,163,82,0,163,1.0,PASS
20,0.0,1142,571,245,0,0,2,healthy:596;iris_yellow_virus:396;purple_blotch:24;stemphylium_colletotrichum_leaf_blight:126,cd77ab37bcf7799473fe2a9b8731f2ce33e92e687029025c1e825fb57dfc32c7,38e7e4dc312877594cfc38ddd24922dc93fdf8d458b42a1fee0024f3539919f3,96cd05e2c7d11d0b27251b3900ef5bc3949f4005ef0f5b599b7bda163027a2af,163,82,0,0,0.0,PASS
20,0.5,1142,571,245,0,0,2,healthy:596;iris_yellow_virus:396;purple_blotch:24;stemphylium_colletotrichum_leaf_blight:126,cd77ab37bcf7799473fe2a9b8731f2ce33e92e687029025c1e825fb57dfc32c7,38e7e4dc312877594cfc38ddd24922dc93fdf8d458b42a1fee0024f3539919f3,96cd05e2c7d11d0b27251b3900ef5bc3949f4005ef0f5b599b7bda163027a2af,163,82,0,81,0.4969325153374233,PASS
20,1.0,1142,571,245,0,0,2,healthy:596;iris_yellow_virus:396;purple_blotch:24;stemphylium_colletotrichum_leaf_blight:126,cd77ab37bcf7799473fe2a9b8731f2ce33e92e687029025c1e825fb57dfc32c7,38e7e4dc312877594cfc38ddd24922dc93fdf8d458b42a1fee0024f3539919f3,96cd05e2c7d11d0b27251b3900ef5bc3949f4005ef0f5b599b7bda163027a2af,163,82,0,163,1.0,PASS
21,0.0,1142,571,245,0,0,2,healthy:596;iris_yellow_virus:396;purple_blotch:24;stemphylium_colletotrichum_leaf_blight:126,68b0058b6366a180e961e19f04f0499106247315dd9c8978253058a05c2a4eff,966b9ad0da32c509113130f0566f5aeaa6d1544d6e5ba1b36ebd67004f3375c2,1971c27ca9246853a817c017a154a3f90ac8d91a45b0d6601ccd64d906df27eb,163,82,0,0,0.0,PASS
21,0.5,1142,571,245,0,0,2,healthy:596;iris_yellow_virus:396;purple_blotch:24;stemphylium_colletotrichum_leaf_blight:126,68b0058b6366a180e961e19f04f0499106247315dd9c8978253058a05c2a4eff,966b9ad0da32c509113130f0566f5aeaa6d1544d6e5ba1b36ebd67004f3375c2,1971c27ca9246853a817c017a154a3f90ac8d91a45b0d6601ccd64d906df27eb,163,82,0,81,0.4969325153374233,PASS
21,1.0,1142,571,245,0,0,2,healthy:596;iris_yellow_virus:396;purple_blotch:24;stemphylium_colletotrichum_leaf_blight:126,68b0058b6366a180e961e19f04f0499106247315dd9c8978253058a05c2a4eff,966b9ad0da32c509113130f0566f5aeaa6d1544d6e5ba1b36ebd67004f3375c2,1971c27ca9246853a817c017a154a3f90ac8d91a45b0d6601ccd64d906df27eb,163,82,0,163,1.0,PASS
22,0.0,1142,571,245,0,0,2,healthy:596;iris_yellow_virus:396;purple_blotch:24;stemphylium_colletotrichum_leaf_blight:126,6be096fe981c32cfd8bb2b89e0b16c95e8df3dbf3590b1269e59e6f35d972374,9feb28a90592ca898097f8209c69ba5b37636f5dbca0398a43857267ebd4aa85,e77c920450802e13a4f673df633b2f4b0e17011d54c7fefcb933bb7347adcb80,163,82,0,0,0.0,PASS
22,0.5,1142,571,245,0,0,2,healthy:596;iris_yellow_virus:396;purple_blotch:24;stemphylium_colletotrichum_leaf_blight:126,6be096fe981c32cfd8bb2b89e0b16c95e8df3dbf3590b1269e59e6f35d972374,9feb28a90592ca898097f8209c69ba5b37636f5dbca0398a43857267ebd4aa85,e77c920450802e13a4f673df633b2f4b0e17011d54c7fefcb933bb7347adcb80,163,82,0,81,0.4969325153374233,PASS
22,1.0,1142,571,245,0,0,2,healthy:596;iris_yellow_virus:396;purple_blotch:24;stemphylium_colletotrichum_leaf_blight:126,6be096fe981c32cfd8bb2b89e0b16c95e8df3dbf3590b1269e59e6f35d972374,9feb28a90592ca898097f8209c69ba5b37636f5dbca0398a43857267ebd4aa85,e77c920450802e13a4f673df633b2f4b0e17011d54c7fefcb933bb7347adcb80,163,82,0,163,1.0,PASS
23,0.0,1142,571,245,0,0,2,healthy:596;iris_yellow_virus:396;purple_blotch:24;stemphylium_colletotrichum_leaf_blight:126,5785caecae1393dbe10379dd8693ecd1e08af3e4c8390115bf9f7b4949a7653e,b69ad4e24c9d8e05476e87c679b886177e5b123ee17efdfcd97c599a2ee6b6bb,dc298846c92fac082793e0cdf9b12b243530278e3f14ef129c498c9a6329d10f,163,82,0,0,0.0,PASS
23,0.5,1142,571,245,0,0,2,healthy:596;iris_yellow_virus:396;purple_blotch:24;stemphylium_colletotrichum_leaf_blight:126,5785caecae1393dbe10379dd8693ecd1e08af3e4c8390115bf9f7b4949a7653e,b69ad4e24c9d8e05476e87c679b886177e5b123ee17efdfcd97c599a2ee6b6bb,dc298846c92fac082793e0cdf9b12b243530278e3f14ef129c498c9a6329d10f,163,82,0,81,0.4969325153374233,PASS
23,1.0,1142,571,245,0,0,2,healthy:596;iris_yellow_virus:396;purple_blotch:24;stemphylium_colletotrichum_leaf_blight:126,5785caecae1393dbe10379dd8693ecd1e08af3e4c8390115bf9f7b4949a7653e,b69ad4e24c9d8e05476e87c679b886177e5b123ee17efdfcd97c599a2ee6b6bb,dc298846c92fac082793e0cdf9b12b243530278e3f14ef129c498c9a6329d10f,163,82,0,163,1.0,PASS
24,0.0,1142,571,245,0,0,2,healthy:596;iris_yellow_virus:396;purple_blotch:24;stemphylium_colletotrichum_leaf_blight:126,b158184b770760de2ad6bb84b68980377baf6c47d724f4c0adac714fce3c30f9,94dc18e53108d7c63a2c31046d0aea79bf890e1430c96e4b8f56d0cd54ec9e82,52768ec3875e8bc686b1d259289850224397eae5f5f30ec48be7d7047ef34f03,163,82,0,0,0.0,PASS
24,0.5,1142,571,245,0,0,2,healthy:596;iris_yellow_virus:396;purple_blotch:24;stemphylium_colletotrichum_leaf_blight:126,b158184b770760de2ad6bb84b68980377baf6c47d724f4c0adac714fce3c30f9,94dc18e53108d7c63a2c31046d0aea79bf890e1430c96e4b8f56d0cd54ec9e82,52768ec3875e8bc686b1d259289850224397eae5f5f30ec48be7d7047ef34f03,163,82,0,81,0.4969325153374233,PASS
24,1.0,1142,571,245,0,0,2,healthy:596;iris_yellow_virus:396;purple_blotch:24;stemphylium_colletotrichum_leaf_blight:126,b158184b770760de2ad6bb84b68980377baf6c47d724f4c0adac714fce3c30f9,94dc18e53108d7c63a2c31046d0aea79bf890e1430c96e4b8f56d0cd54ec9e82,52768ec3875e8bc686b1d259289850224397eae5f5f30ec48be7d7047ef34f03,163,82,0,163,1.0,PASS
25,0.0,1142,571,245,0,0,2,healthy:596;iris_yellow_virus:396;purple_blotch:24;stemphylium_colletotrichum_leaf_blight:126,9c284140668815209f4f69f620282c70a14a5ba1d9ddd547497d9038350b1587,6108604811393c80827d8df3a9d35308b93a8a4aa9842fbcf9d9a479632c5d9c,f6efcd011fd6a1a02f4177fb32a75945889b09c1f0e1320323d5718da7ef4b2c,163,82,0,0,0.0,PASS
25,0.5,1142,571,245,0,0,2,healthy:596;iris_yellow_virus:396;purple_blotch:24;stemphylium_colletotrichum_leaf_blight:126,9c284140668815209f4f69f620282c70a14a5ba1d9ddd547497d9038350b1587,6108604811393c80827d8df3a9d35308b93a8a4aa9842fbcf9d9a479632c5d9c,f6efcd011fd6a1a02f4177fb32a75945889b09c1f0e1320323d5718da7ef4b2c,163,82,0,81,0.4969325153374233,PASS
25,1.0,1142,571,245,0,0,2,healthy:596;iris_yellow_virus:396;purple_blotch:24;stemphylium_colletotrichum_leaf_blight:126,9c284140668815209f4f69f620282c70a14a5ba1d9ddd547497d9038350b1587,6108604811393c80827d8df3a9d35308b93a8a4aa9842fbcf9d9a479632c5d9c,f6efcd011fd6a1a02f4177fb32a75945889b09c1f0e1320323d5718da7ef4b2c,163,82,0,163,1.0,PASS
26,0.0,1142,571,245,0,0,2,healthy:596;iris_yellow_virus:396;purple_blotch:24;stemphylium_colletotrichum_leaf_blight:126,35a507b707e47d2622e0b2776ca93d8db70bfce3785e416c51fa3c7c1910f710,b1530f6ff49a57be11e8220cc3c1f3623edb74886f97bff34bcbd333fc7ca7ec,9b4fa4ccfd2062f6010443a56e433c70d3c45a25e1f2b414aa484963d032e3cf,163,82,0,0,0.0,PASS
26,0.5,1142,571,245,0,0,2,healthy:596;iris_yellow_virus:396;purple_blotch:24;stemphylium_colletotrichum_leaf_blight:126,35a507b707e47d2622e0b2776ca93d8db70bfce3785e416c51fa3c7c1910f710,b1530f6ff49a57be11e8220cc3c1f3623edb74886f97bff34bcbd333fc7ca7ec,9b4fa4ccfd2062f6010443a56e433c70d3c45a25e1f2b414aa484963d032e3cf,163,82,0,81,0.4969325153374233,PASS
26,1.0,1142,571,245,0,0,2,healthy:596;iris_yellow_virus:396;purple_blotch:24;stemphylium_colletotrichum_leaf_blight:126,35a507b707e47d2622e0b2776ca93d8db70bfce3785e416c51fa3c7c1910f710,b1530f6ff49a57be11e8220cc3c1f3623edb74886f97bff34bcbd333fc7ca7ec,9b4fa4ccfd2062f6010443a56e433c70d3c45a25e1f2b414aa484963d032e3cf,163,82,0,163,1.0,PASS
27,0.0,1142,571,245,0,0,2,healthy:596;iris_yellow_virus:396;purple_blotch:24;stemphylium_colletotrichum_leaf_blight:126,aa7e34504a50a6a67e7cb7b186b654c07ad4f8cc83c8f69ee30c6de2561ccbd0,9c8aaf39018ae67544f7092bdfad7c6ffba8bd045c8cafaba813977a17ee3ad7,e57a45421cb934c0036e14af91ab4f3a3c2c0cc475dc5ae66881f8f94d9ad8ab,163,82,0,0,0.0,PASS
27,0.5,1142,571,245,0,0,2,healthy:596;iris_yellow_virus:396;purple_blotch:24;stemphylium_colletotrichum_leaf_blight:126,aa7e34504a50a6a67e7cb7b186b654c07ad4f8cc83c8f69ee30c6de2561ccbd0,9c8aaf39018ae67544f7092bdfad7c6ffba8bd045c8cafaba813977a17ee3ad7,e57a45421cb934c0036e14af91ab4f3a3c2c0cc475dc5ae66881f8f94d9ad8ab,163,82,0,81,0.4969325153374233,PASS
27,1.0,1142,571,245,0,0,2,healthy:596;iris_yellow_virus:396;purple_blotch:24;stemphylium_colletotrichum_leaf_blight:126,aa7e34504a50a6a67e7cb7b186b654c07ad4f8cc83c8f69ee30c6de2561ccbd0,9c8aaf39018ae67544f7092bdfad7c6ffba8bd045c8cafaba813977a17ee3ad7,e57a45421cb934c0036e14af91ab4f3a3c2c0cc475dc5ae66881f8f94d9ad8ab,163,82,0,163,1.0,PASS
28,0.0,1142,571,245,0,0,2,healthy:596;iris_yellow_virus:396;purple_blotch:24;stemphylium_colletotrichum_leaf_blight:126,b754fc66929e7994d49a70965f9227cc7c45e98431a64d4fc46de235ac317065,a2428254d74c5fdd4a7df3c33a69d9958bf1acf2769051142ea5eb09ad43509e,8f88c907e7ceb22b3d58a5fd4b06ac72f36db19ef7d38bd89395f6bd0030a6a0,163,82,0,0,0.0,PASS
28,0.5,1142,571,245,0,0,2,healthy:596;iris_yellow_virus:396;purple_blotch:24;stemphylium_colletotrichum_leaf_blight:126,b754fc66929e7994d49a70965f9227cc7c45e98431a64d4fc46de235ac317065,a2428254d74c5fdd4a7df3c33a69d9958bf1acf2769051142ea5eb09ad43509e,8f88c907e7ceb22b3d58a5fd4b06ac72f36db19ef7d38bd89395f6bd0030a6a0,163,82,0,81,0.4969325153374233,PASS
28,1.0,1142,571,245,0,0,2,healthy:596;iris_yellow_virus:396;purple_blotch:24;stemphylium_colletotrichum_leaf_blight:126,b754fc66929e7994d49a70965f9227cc7c45e98431a64d4fc46de235ac317065,a2428254d74c5fdd4a7df3c33a69d9958bf1acf2769051142ea5eb09ad43509e,8f88c907e7ceb22b3d58a5fd4b06ac72f36db19ef7d38bd89395f6bd0030a6a0,163,82,0,163,1.0,PASS
29,0.0,1142,571,245,0,0,2,healthy:596;iris_yellow_virus:396;purple_blotch:24;stemphylium_colletotrichum_leaf_blight:126,533f2926ade6777f2a9c0cc39db26dfbfd5a5389c73ef7e7d7e9027f738821b5,f66bc486696e4c1cf8cf92c4e010b7a2b4777ad8d7fe020672a8315d3cfd3c3a,cd8bd59a5a2368efd9c18cc00e89c95815f7090d9205125b9b2dd73d15e0d12d,163,82,0,0,0.0,PASS
29,0.5,1142,571,245,0,0,2,healthy:596;iris_yellow_virus:396;purple_blotch:24;stemphylium_colletotrichum_leaf_blight:126,533f2926ade6777f2a9c0cc39db26dfbfd5a5389c73ef7e7d7e9027f738821b5,f66bc486696e4c1cf8cf92c4e010b7a2b4777ad8d7fe020672a8315d3cfd3c3a,cd8bd59a5a2368efd9c18cc00e89c95815f7090d9205125b9b2dd73d15e0d12d,163,82,0,81,0.4969325153374233,PASS
29,1.0,1142,571,245,0,0,2,healthy:596;iris_yellow_virus:396;purple_blotch:24;stemphylium_colletotrichum_leaf_blight:126,533f2926ade6777f2a9c0cc39db26dfbfd5a5389c73ef7e7d7e9027f738821b5,f66bc486696e4c1cf8cf92c4e010b7a2b4777ad8d7fe020672a8315d3cfd3c3a,cd8bd59a5a2368efd9c18cc00e89c95815f7090d9205125b9b2dd73d15e0d12d,163,82,0,163,1.0,PASS
