feature_model,evaluation_panel,repetition,exposed_minus_clean,dose
color_shortcut,probe,0,0.129925303454,0.5
color_shortcut,probe,1,0.2047910831,0.5
color_shortcut,probe,2,0.19628851540599995,0.5
color_shortcut,probe,3,0.21747782446299996,0.5
color_shortcut,probe,4,0.111076097105,0.5
color_shortcut,probe,5,0.16230742296900003,0.5
color_shortcut,probe,6,0.275513538748,0.5
color_shortcut,probe,7,0.13095238095299994,0.5
color_shortcut,probe,8,0.10611577964499996,0.5
color_shortcut,probe,9,0.017857142856999908,0.5
color_shortcut,probe,10,0.16454248366000007,0.5
color_shortcut,probe,11,0.14658029878599999,0.5
color_shortcut,probe,12,0.12556605975700003,0.5
color_shortcut,probe,13,0.17711834733899995,0.5
color_shortcut,probe,14,0.021294351074000017,0.5
color_shortcut,probe,15,0.144030112045,0.5
color_shortcut,probe,16,0.09442110177399998,0.5
color_shortcut,probe,17,0.09576914099,0.5
color_shortcut,probe,18,0.11872665733000004,0.5
color_shortcut,probe,19,0.20783730158700003,0.5
color_shortcut,probe,20,0.16202731092399997,0.5
color_shortcut,probe,21,0.18604691876700002,0.5
color_shortcut,probe,22,0.12850723622799998,0.5
color_shortcut,probe,23,0.17240896358600005,0.5
color_shortcut,probe,24,0.10955298786200002,0.5
color_shortcut,probe,25,0.09800420167999996,0.5
color_shortcut,probe,26,0.16086017740500003,0.5
color_shortcut,probe,27,0.13014122315599996,0.5
color_shortcut,probe,28,0.13591269841300002,0.5
color_shortcut,probe,29,0.170529878618,0.5
color_shortcut,sentinel,0,0.168927648579,0.5
color_shortcut,sentinel,1,0.008928571428000076,0.5
color_shortcut,sentinel,2,-0.014742524916999955,0.5
color_shortcut,sentinel,3,-0.10984219269099998,0.5
color_shortcut,sentinel,4,0.012458471761000012,0.5
color_shortcut,sentinel,5,-0.08093392395800003,0.5
color_shortcut,sentinel,6,0.08460225175300001,0.5
color_shortcut,sentinel,7,-0.015734588408999994,0.5
color_shortcut,sentinel,8,-0.008928571428999998,0.5
color_shortcut,sentinel,9,-0.00581395348899999,0.5
color_shortcut,sentinel,10,-0.056270764119000005,0.5
color_shortcut,sentinel,11,0.0017072720560000199,0.5
color_shortcut,sentinel,12,-0.12089331856700003,0.5
color_shortcut,sentinel,13,0.020556478405000023,0.5
color_shortcut,sentinel,14,0.014327242525000006,0.5
color_shortcut,sentinel,15,0.07071336286399998,0.5
color_shortcut,sentinel,16,-0.037998338871000015,0.5
color_shortcut,sentinel,17,-0.02367109634600001,0.5
color_shortcut,sentinel,18,-0.01884920634999998,0.5
color_shortcut,sentinel,19,0.17744093761500002,0.5
color_shortcut,sentinel,20,0.01474252491700001,0.5
color_shortcut,sentinel,21,0.08206441491400002,0.5
color_shortcut,sentinel,22,0.010335917312999987,0.5
color_shortcut,sentinel,23,-0.02196382428900001,0.5
color_shortcut,sentinel,24,-0.020556478404999967,0.5
color_shortcut,sentinel,25,0.04833425618299997,0.5
color_shortcut,sentinel,26,-0.002122554447999969,0.5
color_shortcut,sentinel,27,-0.021548541897000006,0.5
color_shortcut,sentinel,28,0.012043189369000007,0.5
color_shortcut,sentinel,29,0.0,0.5
resnet18,probe,0,-0.09605508870299995,0.5
resnet18,probe,1,0.21180555555500002,0.5
resnet18,probe,2,0.10508870214799992,0.5
resnet18,probe,3,0.09169584500399997,0.5
resnet18,probe,4,0.05516456582700002,0.5
resnet18,probe,5,0.17559523809499994,0.5
resnet18,probe,6,0.10661181139199993,0.5
resnet18,probe,7,0.034156162465000084,0.5
resnet18,probe,8,0.09169584500399997,0.5
resnet18,probe,9,0.013287815125999969,0.5
resnet18,probe,10,0.06639822595699996,0.5
resnet18,probe,11,0.05403244631199999,0.5
resnet18,probe,12,0.12436391223199994,0.5
resnet18,probe,13,0.10469771241799997,0.5
resnet18,probe,14,0.02444561157800007,0.5
resnet18,probe,15,0.12344187675099993,0.5
resnet18,probe,16,0.01835317460300001,0.5
resnet18,probe,17,0.07883403361399999,0.5
resnet18,probe,18,0.005561391223000034,0.5
resnet18,probe,19,0.10852591036400006,0.5
resnet18,probe,20,0.04613095238099996,0.5
resnet18,probe,21,0.019170168067000004,0.5
resnet18,probe,22,0.07933006535999998,0.5
resnet18,probe,23,0.09400093370700002,0.5
resnet18,probe,24,0.03164098972900009,0.5
resnet18,probe,25,0.06491013071899998,0.5
resnet18,probe,26,0.19501050420200006,0.5
resnet18,probe,27,0.029300887020999977,0.5
resnet18,probe,28,0.07128851540600001,0.5
resnet18,probe,29,0.11897759103600003,0.5
resnet18,sentinel,0,0.034007013658000074,0.5
resnet18,sentinel,1,-0.023671096346000065,0.5
resnet18,sentinel,2,-0.044642857143000036,0.5
resnet18,sentinel,3,0.025078442229999942,0.5
resnet18,sentinel,4,0.02507844222900002,0.5
resnet18,sentinel,5,0.0335917312659999,0.5
resnet18,sentinel,6,0.009920634919999949,0.5
resnet18,sentinel,7,0.01744186046499996,0.5
resnet18,sentinel,8,-0.011627906976000024,0.5
resnet18,sentinel,9,0.029185123661000012,0.5
resnet18,sentinel,10,-0.13081395348799996,0.5
resnet18,sentinel,11,-0.14285714285700007,0.5
resnet18,sentinel,12,-0.133928571429,0.5
resnet18,sentinel,13,-0.01744186046499996,0.5
resnet18,sentinel,14,0.07029808047200004,0.5
resnet18,sentinel,15,-0.007221299372999979,0.5
resnet18,sentinel,16,-0.013035252860999935,0.5
resnet18,sentinel,17,-0.013035252861000046,0.5
resnet18,sentinel,18,0.00722129937300009,0.5
resnet18,sentinel,19,-0.07837301587400003,0.5
resnet18,sentinel,20,0.02466315983800005,0.5
resnet18,sentinel,21,-0.0031146179400000085,0.5
resnet18,sentinel,22,0.03940568475399997,0.5
resnet18,sentinel,23,0.0,0.5
resnet18,sentinel,24,0.03670634920600002,0.5
resnet18,sentinel,25,0.06448412698399997,0.5
resnet18,sentinel,26,0.0058139534890000455,0.5
resnet18,sentinel,27,-0.036706349207,0.5
resnet18,sentinel,28,0.21626984127000004,0.5
resnet18,sentinel,29,-0.010335917311999898,0.5
color_shortcut,probe,0,0.22941760037300007,1.0
color_shortcut,probe,1,0.41245331465999996,1.0
color_shortcut,probe,2,0.254890289449,1.0
color_shortcut,probe,3,0.415073529411,1.0
color_shortcut,probe,4,0.21676587301500005,1.0
color_shortcut,probe,5,0.29893207282900003,1.0
color_shortcut,probe,6,0.379079131652,1.0
color_shortcut,probe,7,0.288585434174,1.0
color_shortcut,probe,8,0.147607376284,1.0
color_shortcut,probe,9,0.12680905695599998,1.0
color_shortcut,probe,10,0.29244864612500004,1.0
color_shortcut,probe,11,0.35371148459299995,1.0
color_shortcut,probe,12,0.32440476190500006,1.0
color_shortcut,probe,13,0.318703314659,1.0
color_shortcut,probe,14,0.19721055088699996,1.0
color_shortcut,probe,15,0.31374299719899995,1.0
color_shortcut,probe,16,0.24209850606899996,1.0
color_shortcut,probe,17,0.26771708683500006,1.0
color_shortcut,probe,18,0.27207633053200003,1.0
color_shortcut,probe,19,0.35647175536900005,1.0
color_shortcut,probe,20,0.35009337068199997,1.0
color_shortcut,probe,21,0.336455415499,1.0
color_shortcut,probe,22,0.18735994397699995,1.0
color_shortcut,probe,23,0.36139705882400003,1.0
color_shortcut,probe,24,0.23249883286599998,1.0
color_shortcut,probe,25,0.236858076564,1.0
color_shortcut,probe,26,0.19320728291300004,1.0
color_shortcut,probe,27,0.30867763772199996,1.0
color_shortcut,probe,28,0.317180205416,1.0
color_shortcut,probe,29,0.283946078432,1.0
color_shortcut,sentinel,0,0.18325489110399995,1.0
color_shortcut,sentinel,1,0.07341269841200004,1.0
color_shortcut,sentinel,2,-0.00851328903599996,1.0
color_shortcut,sentinel,3,-0.14613325950599998,1.0
color_shortcut,sentinel,4,0.028608342562000066,1.0
color_shortcut,sentinel,5,-0.06619139904100002,1.0
color_shortcut,sentinel,6,0.11918604651200004,1.0
color_shortcut,sentinel,7,-0.04761904761899999,1.0
color_shortcut,sentinel,8,-0.12188538205999999,1.0
color_shortcut,sentinel,9,-0.037998338871000015,1.0
color_shortcut,sentinel,10,-0.01827242524899997,1.0
color_shortcut,sentinel,11,0.029485049832999988,1.0
color_shortcut,sentinel,12,-0.160598929494,1.0
color_shortcut,sentinel,13,0.06889073458799999,1.0
color_shortcut,sentinel,14,0.008513289036999994,1.0
color_shortcut,sentinel,15,0.046626984127000004,1.0
color_shortcut,sentinel,16,0.0014073458839999886,1.0
color_shortcut,sentinel,17,0.002699335547999948,1.0
color_shortcut,sentinel,18,-0.08289497969799997,1.0
color_shortcut,sentinel,19,0.112956810631,1.0
color_shortcut,sentinel,20,-0.029900332226000026,1.0
color_shortcut,sentinel,21,0.067321889997,1.0
color_shortcut,sentinel,22,-0.0026993355480000036,1.0
color_shortcut,sentinel,23,-0.011327980805000026,1.0
color_shortcut,sentinel,24,0.01785714285700002,1.0
color_shortcut,sentinel,25,-0.125415282392,1.0
color_shortcut,sentinel,26,0.09198504983400002,1.0
color_shortcut,sentinel,27,-0.04309708379499999,1.0
color_shortcut,sentinel,28,0.06889073458899997,1.0
color_shortcut,sentinel,29,0.03940568475499995,1.0
resnet18,probe,0,-0.037237394957999936,1.0
resnet18,probe,1,0.308887721755,1.0
resnet18,probe,2,0.18796101774099994,1.0
resnet18,probe,3,0.12485994397700007,1.0
resnet18,probe,4,0.09470704948700004,1.0
resnet18,probe,5,0.266690009337,1.0
resnet18,probe,6,0.11554038282000001,1.0
resnet18,probe,7,0.217051820728,1.0
resnet18,probe,8,0.11391223155899999,1.0
resnet18,probe,9,0.17733426704,1.0
resnet18,probe,10,0.151114612511,1.0
resnet18,probe,11,0.26970121381900003,1.0
resnet18,probe,12,0.24383753501399996,1.0
resnet18,probe,13,0.129750233426,1.0
resnet18,probe,14,0.11950863678800006,1.0
resnet18,probe,15,0.15954715219499993,1.0
resnet18,probe,16,0.04857609710600008,1.0
resnet18,probe,17,0.161531279179,1.0
resnet18,probe,18,0.12840219421100008,1.0
resnet18,probe,19,0.12333683473400003,1.0
resnet18,probe,20,0.08141923435999998,1.0
resnet18,probe,21,0.1159313725490001,1.0
resnet18,probe,22,0.17205298786199996,1.0
resnet18,probe,23,0.09318394024300003,1.0
resnet18,probe,24,0.14413515406100008,1.0
resnet18,probe,25,0.14820845004600003,1.0
resnet18,probe,26,0.238416199813,1.0
resnet18,probe,27,0.10072945845000003,1.0
resnet18,probe,28,0.17882236227800008,1.0
resnet18,probe,29,0.204154995331,1.0
resnet18,sentinel,0,0.02990033222600008,1.0
resnet18,sentinel,1,0.09140826873399999,1.0
resnet18,sentinel,2,-0.03712163159900006,1.0
resnet18,sentinel,3,-0.006229235880000017,1.0
resnet18,sentinel,4,0.040813030638000014,1.0
resnet18,sentinel,5,0.008928571427999965,1.0
resnet18,sentinel,6,0.0219638242889999,1.0
resnet18,sentinel,7,-0.013450535252999996,1.0
resnet18,sentinel,8,0.015734588408999994,1.0
resnet18,sentinel,9,0.029185123661000012,1.0
resnet18,sentinel,10,-0.12769933554799995,1.0
resnet18,sentinel,11,-0.14015780730900007,1.0
resnet18,sentinel,12,-0.09099298634200004,1.0
resnet18,sentinel,13,-0.014742524916999955,1.0
resnet18,sentinel,14,0.11281838316699999,1.0
resnet18,sentinel,15,-0.02196382428999999,1.0
resnet18,sentinel,16,-0.055555555556,1.0
resnet18,sentinel,17,-0.03982096714700001,1.0
resnet18,sentinel,18,0.004521963824000053,1.0
resnet18,sentinel,19,-0.07255906238499998,1.0
resnet18,sentinel,20,0.05144887412400001,1.0
resnet18,sentinel,21,-0.11238002953099996,1.0
resnet18,sentinel,22,0.0,1.0
resnet18,sentinel,23,-0.013035252860999935,1.0
resnet18,sentinel,24,0.0031146179400000085,1.0
resnet18,sentinel,25,0.026785714285999962,1.0
resnet18,sentinel,26,0.02466315983800005,1.0
resnet18,sentinel,27,-0.007221299372999979,1.0
resnet18,sentinel,28,0.15277777777800006,1.0
resnet18,sentinel,29,-0.12640734588399993,1.0
