model,bin,mean_probability,observed_fraction,n,analysis_set
convnext_tiny_logit,0,0.03662624228956592,0.2873134328358209,268,cold_locked_external
convnext_tiny_logit,1,0.14823486220574436,0.415929203539823,113,cold_locked_external
convnext_tiny_logit,2,0.2467286124201869,0.4084507042253521,71,cold_locked_external
convnext_tiny_logit,3,0.35147513892669063,0.5862068965517241,58,cold_locked_external
convnext_tiny_logit,4,0.44683921711678876,0.48214285714285715,56,cold_locked_external
convnext_tiny_logit,5,0.5415795217096274,0.5555555555555556,63,cold_locked_external
convnext_tiny_logit,6,0.6500765138667343,0.56,50,cold_locked_external
convnext_tiny_logit,7,0.7504432431025715,0.75,44,cold_locked_external
convnext_tiny_logit,8,0.8515435765396714,0.7560975609756098,41,cold_locked_external
convnext_tiny_logit,9,0.9508934516467114,0.9387755102040817,49,cold_locked_external
efficientnet_b0_logit,0,0.02283089181743822,0.3006535947712418,306,cold_locked_external
efficientnet_b0_logit,1,0.14197008725078447,0.3620689655172414,58,cold_locked_external
efficientnet_b0_logit,2,0.2506992083711925,0.44680851063829785,47,cold_locked_external
efficientnet_b0_logit,3,0.34483458415014834,0.3888888888888889,36,cold_locked_external
efficientnet_b0_logit,4,0.45376288536147547,0.42424242424242425,33,cold_locked_external
efficientnet_b0_logit,5,0.5459399382783684,0.43243243243243246,37,cold_locked_external
efficientnet_b0_logit,6,0.6470433283368986,0.6585365853658537,41,cold_locked_external
efficientnet_b0_logit,7,0.7551542824368962,0.5384615384615384,26,cold_locked_external
efficientnet_b0_logit,8,0.8553060600132576,0.5625,48,cold_locked_external
efficientnet_b0_logit,9,0.9727131579598006,0.7790055248618785,181,cold_locked_external
resnet18_logit,0,0.03059543095928863,0.24880382775119617,209,cold_locked_external
resnet18_logit,1,0.14762551355772258,0.3956043956043956,91,cold_locked_external
resnet18_logit,2,0.25563874450063695,0.2727272727272727,55,cold_locked_external
resnet18_logit,3,0.3487800866372349,0.35294117647058826,34,cold_locked_external
resnet18_logit,4,0.44672641256160134,0.48717948717948717,39,cold_locked_external
resnet18_logit,5,0.5501634331420203,0.5,48,cold_locked_external
resnet18_logit,6,0.657858681949882,0.48148148148148145,54,cold_locked_external
resnet18_logit,7,0.7519721480072828,0.5555555555555556,45,cold_locked_external
resnet18_logit,8,0.8516449888386759,0.6060606060606061,66,cold_locked_external
resnet18_logit,9,0.9679391830179757,0.8023255813953488,172,cold_locked_external
swin_t_logit,0,0.02373614881567708,0.30284552845528456,492,cold_locked_external
swin_t_logit,1,0.14106982504285215,0.5813953488372093,86,cold_locked_external
swin_t_logit,2,0.2461452484367677,0.6444444444444445,45,cold_locked_external
swin_t_logit,3,0.3426437578168951,0.6842105263157895,38,cold_locked_external
swin_t_logit,4,0.4474070943675932,0.7307692307692307,26,cold_locked_external
swin_t_logit,5,0.548007942712615,0.84,25,cold_locked_external
swin_t_logit,6,0.6457838115528092,0.8518518518518519,27,cold_locked_external
swin_t_logit,7,0.7555450993940896,0.875,24,cold_locked_external
swin_t_logit,8,0.8594208818963119,1.0,21,cold_locked_external
swin_t_logit,9,0.9453119501110991,0.9655172413793104,29,cold_locked_external
