region,split,label,n
Centre-Ouest,test,Alternaria,232
Centre-Ouest,test,Fusarium,314
Centre-Ouest,test,healthy,88
Centre-Ouest,test,virosis,102
Centre-Ouest,train,Alternaria,15
Centre-Ouest,train,Fusarium,152
Centre-Ouest,train,healthy,217
Centre-Sud,test,Alternaria,51
Centre-Sud,test,Fusarium,56
Centre-Sud,test,healthy,204
Centre-Sud,test,virosis,2
Centre-Sud,train,Alternaria,225
Centre-Sud,train,Fusarium,389
Centre-Sud,train,healthy,140
Centre-Sud,train,virosis,100
Plateau-Central,test,Alternaria,57
Plateau-Central,test,Fusarium,201
Plateau-Central,test,healthy,109
Plateau-Central,train,Alternaria,147
Plateau-Central,train,Fusarium,322
Plateau-Central,train,healthy,258
Plateau-Central,train,virosis,33
