variant,region,model,balanced_accuracy,roc_auc,brier,sensitivity,specificity
region_day_disjoint,equal_region_mean,color_shortcut_logit,0.7851276465110306,0.8525159583991916,0.1820630592274971,0.8058989666716713,0.7643563263503901
region_day_disjoint,minimum_region,color_shortcut_logit,0.7672558922558923,0.838138327721661,0.1289898911564748,0.7731481481481481,0.7522935779816514
region_day_disjoint,equal_region_mean,handcrafted_logit,0.7421357130085102,0.8320270709673508,0.19884255014377494,0.8231111181351799,0.6611603078818405
region_day_disjoint,minimum_region,handcrafted_logit,0.6754349046015713,0.7593469416386083,0.1143688933178876,0.7674418604651163,0.5113636363636364
region_day_disjoint,equal_region_mean,prior_prevalence,0.5,0.5,0.32643700776093637,0.6666666666666666,0.3333333333333333
region_day_disjoint,minimum_region,prior_prevalence,0.5,0.5,0.2105958886532263,0.0,0.0
region_day_disjoint,equal_region_mean,resnet18_logit,0.8519700161986016,0.955407897646682,0.09821261371085825,0.8562626378363761,0.8476773945608268
region_day_disjoint,minimum_region,resnet18_logit,0.8014870931537599,0.952149667206332,0.0610657682633997,0.8062015503875969,0.6477272727272727
region_only,equal_region_mean,color_shortcut_logit,0.8041773329452817,0.875666710787773,0.15635351623767912,0.8038525481126766,0.8045021177778868
region_only,minimum_region,color_shortcut_logit,0.7860901241230438,0.8598606073536733,0.1138693717245582,0.7339449541284404,0.7798165137614679
region_only,equal_region_mean,handcrafted_logit,0.7587351142385684,0.8475854018106848,0.17251958104441065,0.7862747060646688,0.7311955224124679
region_only,minimum_region,handcrafted_logit,0.7318537506745817,0.803223204264871,0.1077922779409831,0.7431192660550459,0.6931818181818182
region_only,equal_region_mean,prior_prevalence,0.5,0.5,0.29378302723701166,1.0,0.0
region_only,minimum_region,prior_prevalence,0.5,0.5,0.20913964465176,1.0,0.0
region_only,equal_region_mean,resnet18_logit,0.8687499485578515,0.9585902194450809,0.09137687035112675,0.8622321085991285,0.8752677885165743
region_only,minimum_region,resnet18_logit,0.8554994388327721,0.9503058103975536,0.0540041882151564,0.8073394495412844,0.7727272727272727
