model,endpoint,panel,stratum,metric,mean,split_sd,split_p025,split_p975,split_count
dinov2_cosine_1nn,multiclass,all_paired_probe,Potato___Early_blight,policy_BA_difference,0.007933333333333336,0.01033885651428573,-0.00655,0.028049999999999967,30
dinov2_cosine_1nn,multiclass,all_paired_probe,Potato___Early_blight,policy_label_disagreement,0.0154,0.012386310574790721,0.0014500000000000003,0.046749999999999986,30
dinov2_cosine_1nn,multiclass,all_paired_probe,Potato___Early_blight,exposure_gain,0.010200000000000002,0.010793995776707819,0.0,0.032199999999999986,30
dinov2_cosine_1nn,multiclass,all_paired_probe,Potato___Early_blight,exposure_loss,0.004066666666666666,0.004217642202359801,0.0,0.012549999999999999,30
dinov2_cosine_1nn,multiclass,all_paired_probe,Potato___Early_blight,exposure_wrong_to_wrong,0.0,0.0,0.0,0.0,30
dinov2_cosine_1nn,multiclass,all_paired_probe,Potato___Early_blight,exposure_turnover,0.014266666666666669,0.011224767360567012,0.0014500000000000003,0.03549999999999997,30
dinov2_cosine_1nn,multiclass,all_paired_probe,Potato___Early_blight,exposure_label_churn,0.014266666666666669,0.011224767360567012,0.0014500000000000003,0.03549999999999997,30
dinov2_cosine_1nn,multiclass,all_paired_probe,Potato___Early_blight,exposure_BA_delta,0.006133333333333334,0.011941620444921816,-0.0111,0.02855,30
dinov2_cosine_1nn,multiclass,all_paired_probe,Potato___Early_blight,sham_gain,0.004600000000000001,0.00765010705356693,0.0,0.02,30
dinov2_cosine_1nn,multiclass,all_paired_probe,Potato___Early_blight,sham_loss,0.006400000000000001,0.007228296885302164,0.0,0.02219999999999999,30
dinov2_cosine_1nn,multiclass,all_paired_probe,Potato___Early_blight,sham_wrong_to_wrong,0.0,0.0,0.0,0.0,30
dinov2_cosine_1nn,multiclass,all_paired_probe,Potato___Early_blight,sham_turnover,0.011000000000000003,0.01083735557514235,0.0,0.033499999999999974,30
dinov2_cosine_1nn,multiclass,all_paired_probe,Potato___Early_blight,sham_label_churn,0.011000000000000003,0.01083735557514235,0.0,0.033499999999999974,30
dinov2_cosine_1nn,multiclass,all_paired_probe,Potato___Early_blight,sham_BA_delta,-0.0017999999999999997,0.010202771766737602,-0.01855,0.017099999999999994,30
dinov2_cosine_1nn,multiclass,all_paired_probe,Potato___Early_blight,turnover_difference,0.003266666666666667,0.009149838262498692,-0.0151,0.022549999999999997,30
dinov2_cosine_1nn,multiclass,all_paired_probe,Potato___Early_blight,churn_difference,0.003266666666666667,0.009149838262498692,-0.0151,0.022549999999999997,30
dinov2_cosine_1nn,multiclass,all_paired_probe,Potato___Late_blight,policy_BA_difference,0.02653333333333334,0.019784587058047767,-0.005649999999999999,0.06564999999999999,30
dinov2_cosine_1nn,multiclass,all_paired_probe,Potato___Late_blight,policy_label_disagreement,0.05733333333333334,0.020886117041170462,0.024700000000000003,0.08965,30
dinov2_cosine_1nn,multiclass,all_paired_probe,Potato___Late_blight,exposure_gain,0.045000000000000005,0.025099800796022267,0.005800000000000001,0.09464999999999994,30
dinov2_cosine_1nn,multiclass,all_paired_probe,Potato___Late_blight,exposure_loss,0.01346666666666667,0.008270151286333918,0.0,0.028550000000000002,30
dinov2_cosine_1nn,multiclass,all_paired_probe,Potato___Late_blight,exposure_wrong_to_wrong,0.0,0.0,0.0,0.0,30
dinov2_cosine_1nn,multiclass,all_paired_probe,Potato___Late_blight,exposure_turnover,0.058466666666666674,0.026908187874932113,0.01545,0.1057999999999999,30
dinov2_cosine_1nn,multiclass,all_paired_probe,Potato___Late_blight,exposure_label_churn,0.058466666666666674,0.026908187874932113,0.01545,0.1057999999999999,30
dinov2_cosine_1nn,multiclass,all_paired_probe,Potato___Late_blight,exposure_BA_delta,0.03153333333333334,0.025937236357890126,-0.014550000000000002,0.08639999999999998,30
dinov2_cosine_1nn,multiclass,all_paired_probe,Potato___Late_blight,sham_gain,0.026200000000000005,0.018460395632178415,0.0,0.06619999999999998,30
dinov2_cosine_1nn,multiclass,all_paired_probe,Potato___Late_blight,sham_loss,0.021200000000000004,0.011949318260744073,0.0014500000000000003,0.04129999999999998,30
dinov2_cosine_1nn,multiclass,all_paired_probe,Potato___Late_blight,sham_wrong_to_wrong,0.00046666666666666666,0.001942861972369154,0.0,0.005649999999999992,30
dinov2_cosine_1nn,multiclass,all_paired_probe,Potato___Late_blight,sham_turnover,0.047400000000000005,0.022603936184533945,0.01835,0.09804999999999997,30
dinov2_cosine_1nn,multiclass,all_paired_probe,Potato___Late_blight,sham_label_churn,0.04786666666666668,0.02257208121938942,0.01835,0.09804999999999997,30
dinov2_cosine_1nn,multiclass,all_paired_probe,Potato___Late_blight,sham_BA_delta,0.005,0.02135900036405553,-0.0251,0.04039999999999998,30
dinov2_cosine_1nn,multiclass,all_paired_probe,Potato___Late_blight,turnover_difference,0.011066666666666667,0.02240525389945069,-0.02605,0.047149999999999956,30
dinov2_cosine_1nn,multiclass,all_paired_probe,Potato___Late_blight,churn_difference,0.0106,0.022097901289020876,-0.02605,0.047149999999999956,30
dinov2_cosine_1nn,multiclass,all_paired_probe,all_classes,policy_BA_difference,0.033988888888888895,0.02065433138237907,-8.74999999999986e-05,0.07375416666666666,30
dinov2_cosine_1nn,multiclass,all_paired_probe,all_classes,policy_label_disagreement,0.05646666666666667,0.02254983412704156,0.025250000000000005,0.09488749999999999,30
dinov2_cosine_1nn,multiclass,all_paired_probe,all_classes,exposure_gain,0.05103888888888889,0.0226683012989578,0.01375,0.0889583333333333,30
dinov2_cosine_1nn,multiclass,all_paired_probe,all_classes,exposure_loss,0.010427777777777777,0.0100574673782149,0.0013333333333333335,0.03369999999999999,30
dinov2_cosine_1nn,multiclass,all_paired_probe,all_classes,exposure_wrong_to_wrong,0.0002777777777777778,0.0015214515486254615,0.0,0.002291666666666655,30
dinov2_cosine_1nn,multiclass,all_paired_probe,all_classes,exposure_turnover,0.06146666666666668,0.024395896583543363,0.016233333333333332,0.10965000000000001,30
dinov2_cosine_1nn,multiclass,all_paired_probe,all_classes,exposure_label_churn,0.06174444444444446,0.024453479695555506,0.016233333333333332,0.10965000000000001,30
dinov2_cosine_1nn,multiclass,all_paired_probe,all_classes,exposure_BA_delta,0.040611111111111105,0.025196215937585458,-0.003733333333333332,0.08252499999999999,30
dinov2_cosine_1nn,multiclass,all_paired_probe,all_classes,sham_gain,0.022072222222222222,0.01636881457763157,0.0029666666666666665,0.053341666666666655,30
dinov2_cosine_1nn,multiclass,all_paired_probe,all_classes,sham_loss,0.015449999999999998,0.010521475028797491,0.0026000000000000003,0.03792916666666665,30
dinov2_cosine_1nn,multiclass,all_paired_probe,all_classes,sham_wrong_to_wrong,0.0018222222222222223,0.005190606999350978,0.0,0.017812499999999995,30
dinov2_cosine_1nn,multiclass,all_paired_probe,all_classes,sham_turnover,0.03752222222222223,0.020778467216623225,0.00715,0.0731708333333333,30
dinov2_cosine_1nn,multiclass,all_paired_probe,all_classes,sham_label_churn,0.03934444444444445,0.0216012688241875,0.00715,0.08525416666666666,30
dinov2_cosine_1nn,multiclass,all_paired_probe,all_classes,sham_BA_delta,0.006622222222222222,0.018042570632941967,-0.02702083333333333,0.04080416666666667,30
dinov2_cosine_1nn,multiclass,all_paired_probe,all_classes,turnover_difference,0.023944444444444445,0.024239400390478116,-0.013466666666666665,0.06884583333333331,30
dinov2_cosine_1nn,multiclass,all_paired_probe,all_classes,churn_difference,0.022399999999999996,0.024319260613382333,-0.013466666666666665,0.06727499999999997,30
dinov2_cosine_1nn,multiclass,all_paired_probe,healthy,policy_BA_difference,0.06750000000000002,0.06667923732058707,-0.0534375,0.18874999999999992,30
dinov2_cosine_1nn,multiclass,all_paired_probe,healthy,policy_label_disagreement,0.09666666666666665,0.06970792926417232,0.0,0.20687499999999998,30
dinov2_cosine_1nn,multiclass,all_paired_probe,healthy,exposure_gain,0.09791666666666667,0.07229931598538136,0.0,0.23187499999999997,30
dinov2_cosine_1nn,multiclass,all_paired_probe,healthy,exposure_loss,0.013749999999999997,0.027533287064056194,0.0,0.07624999999999993,30
dinov2_cosine_1nn,multiclass,all_paired_probe,healthy,exposure_wrong_to_wrong,0.0008333333333333334,0.004564354645876385,0.0,0.0068749999999999645,30
dinov2_cosine_1nn,multiclass,all_paired_probe,healthy,exposure_turnover,0.11166666666666666,0.0749952105750454,0.0,0.25,30
dinov2_cosine_1nn,multiclass,all_paired_probe,healthy,exposure_label_churn,0.1125,0.07528680792991467,0.0,0.25,30
dinov2_cosine_1nn,multiclass,all_paired_probe,healthy,exposure_BA_delta,0.08416666666666668,0.07966344436324663,-0.0534375,0.23187499999999997,30
dinov2_cosine_1nn,multiclass,all_paired_probe,healthy,sham_gain,0.035416666666666666,0.04573199350438441,0.0,0.14437499999999998,30
dinov2_cosine_1nn,multiclass,all_paired_probe,healthy,sham_loss,0.01875,0.032121469348450546,0.0,0.07968749999999991,30
dinov2_cosine_1nn,multiclass,all_paired_probe,healthy,sham_wrong_to_wrong,0.005000000000000001,0.015605591394068365,0.0,0.053437499999999985,30
dinov2_cosine_1nn,multiclass,all_paired_probe,healthy,sham_turnover,0.05416666666666666,0.05612614077380449,0.0,0.1615624999999999,30
dinov2_cosine_1nn,multiclass,all_paired_probe,healthy,sham_label_churn,0.059166666666666666,0.05989694214365971,0.0,0.19781249999999995,30
dinov2_cosine_1nn,multiclass,all_paired_probe,healthy,sham_BA_delta,0.016666666666666666,0.05564408654849221,-0.0796875,0.11031249999999995,30
dinov2_cosine_1nn,multiclass,all_paired_probe,healthy,turnover_difference,0.0575,0.06859111734991889,-0.0534375,0.18874999999999992,30
dinov2_cosine_1nn,multiclass,all_paired_probe,healthy,churn_difference,0.05333333333333333,0.06963059342149745,-0.0534375,0.18874999999999992,30
dinov2_cosine_1nn,multiclass,selected_probe,Potato___Early_blight,policy_BA_difference,0.016133333333333336,0.014573791623968367,0.0,0.04549999999999997,30
dinov2_cosine_1nn,multiclass,selected_probe,Potato___Early_blight,policy_label_disagreement,0.0188,0.0172334878491928,0.0,0.06329999999999998,30
dinov2_cosine_1nn,multiclass,selected_probe,Potato___Early_blight,exposure_gain,0.0156,0.016587490093025133,0.0,0.04549999999999997,30
dinov2_cosine_1nn,multiclass,selected_probe,Potato___Early_blight,exposure_loss,0.0018666666666666664,0.003598211560870429,0.0,0.010199999999999989,30
dinov2_cosine_1nn,multiclass,selected_probe,Potato___Early_blight,exposure_wrong_to_wrong,0.0,0.0,0.0,0.0,30
dinov2_cosine_1nn,multiclass,selected_probe,Potato___Early_blight,exposure_turnover,0.01746666666666667,0.01832980112263639,0.0,0.05569999999999996,30
dinov2_cosine_1nn,multiclass,selected_probe,Potato___Early_blight,exposure_label_churn,0.01746666666666667,0.01832980112263639,0.0,0.05569999999999996,30
dinov2_cosine_1nn,multiclass,selected_probe,Potato___Early_blight,exposure_BA_delta,0.013733333333333332,0.015498461176858002,-0.0050999999999999995,0.0411,30
dinov2_cosine_1nn,multiclass,selected_probe,Potato___Early_blight,sham_gain,0.004533333333333334,0.007628139074972771,0.0,0.02219999999999999,30
dinov2_cosine_1nn,multiclass,selected_probe,Potato___Early_blight,sham_loss,0.006933333333333333,0.008266814978276547,0.0,0.02619999999999999,30
dinov2_cosine_1nn,multiclass,selected_probe,Potato___Early_blight,sham_wrong_to_wrong,0.0,0.0,0.0,0.0,30
dinov2_cosine_1nn,multiclass,selected_probe,Potato___Early_blight,sham_turnover,0.01146666666666667,0.012549854603727992,0.0,0.03679999999999996,30
dinov2_cosine_1nn,multiclass,selected_probe,Potato___Early_blight,sham_label_churn,0.01146666666666667,0.012549854603727992,0.0,0.03679999999999996,30
dinov2_cosine_1nn,multiclass,selected_probe,Potato___Early_blight,sham_BA_delta,-0.0024000000000000002,0.00977540897812747,-0.0211,0.016,30
dinov2_cosine_1nn,multiclass,selected_probe,Potato___Early_blight,turnover_difference,0.006,0.015817929591186206,-0.0182,0.03859999999999997,30
dinov2_cosine_1nn,multiclass,selected_probe,Potato___Early_blight,churn_difference,0.006,0.015817929591186206,-0.0182,0.03859999999999997,30
dinov2_cosine_1nn,multiclass,selected_probe,Potato___Late_blight,policy_BA_difference,0.05560000000000001,0.0271160977764259,0.012700000000000001,0.10839999999999998,30
dinov2_cosine_1nn,multiclass,selected_probe,Potato___Late_blight,policy_label_disagreement,0.06613333333333335,0.029105910447682373,0.018500000000000003,0.11349999999999998,30
dinov2_cosine_1nn,multiclass,selected_probe,Potato___Late_blight,exposure_gain,0.066,0.03677705431567258,0.005800000000000001,0.1364999999999999,30
dinov2_cosine_1nn,multiclass,selected_probe,Potato___Late_blight,exposure_loss,0.005333333333333334,0.006994250512376937,0.0,0.01819999999999999,30
dinov2_cosine_1nn,multiclass,selected_probe,Potato___Late_blight,exposure_wrong_to_wrong,0.0,0.0,0.0,0.0,30
dinov2_cosine_1nn,multiclass,selected_probe,Potato___Late_blight,exposure_turnover,0.07133333333333333,0.03909434506539219,0.014500000000000002,0.1430999999999999,30
dinov2_cosine_1nn,multiclass,selected_probe,Potato___Late_blight,exposure_label_churn,0.07133333333333333,0.03909434506539219,0.014500000000000002,0.1430999999999999,30
dinov2_cosine_1nn,multiclass,selected_probe,Potato___Late_blight,exposure_BA_delta,0.060666666666666674,0.03570118643187756,-0.0010999999999999996,0.12989999999999996,30
dinov2_cosine_1nn,multiclass,selected_probe,Potato___Late_blight,sham_gain,0.02586666666666667,0.019190035728584978,0.0,0.064,30
dinov2_cosine_1nn,multiclass,selected_probe,Potato___Late_blight,sham_loss,0.020800000000000003,0.0130526784145287,0.0,0.04619999999999999,30
dinov2_cosine_1nn,multiclass,selected_probe,Potato___Late_blight,sham_wrong_to_wrong,0.00013333333333333334,0.0007302967433402214,0.0,0.0010999999999999944,30
dinov2_cosine_1nn,multiclass,selected_probe,Potato___Late_blight,sham_turnover,0.046666666666666676,0.026477489897351818,0.009800000000000001,0.09859999999999997,30
dinov2_cosine_1nn,multiclass,selected_probe,Potato___Late_blight,sham_label_churn,0.046800000000000015,0.02655690052542354,0.009800000000000001,0.09859999999999997,30
dinov2_cosine_1nn,multiclass,selected_probe,Potato___Late_blight,sham_BA_delta,0.005066666666666666,0.019395935111527228,-0.027299999999999998,0.03309999999999999,30
dinov2_cosine_1nn,multiclass,selected_probe,Potato___Late_blight,turnover_difference,0.02466666666666667,0.03318634257240972,-0.0262,0.08589999999999995,30
dinov2_cosine_1nn,multiclass,selected_probe,Potato___Late_blight,churn_difference,0.024533333333333338,0.03304723196017914,-0.0262,0.08589999999999995,30
dinov2_cosine_1nn,multiclass,selected_probe,all_classes,policy_BA_difference,0.06474444444444444,0.03186750387652855,0.022533333333333336,0.12104166666666666,30
dinov2_cosine_1nn,multiclass,selected_probe,all_classes,policy_label_disagreement,0.07303333333333334,0.03244096908379565,0.023500000000000004,0.1277,30
dinov2_cosine_1nn,multiclass,selected_probe,all_classes,exposure_gain,0.07692222222222224,0.03420634739033087,0.01876666666666667,0.13694999999999996,30
dinov2_cosine_1nn,multiclass,selected_probe,all_classes,exposure_loss,0.0049,0.008898813903486739,0.0,0.024641666666666624,30
dinov2_cosine_1nn,multiclass,selected_probe,all_classes,exposure_wrong_to_wrong,0.0,0.0,0.0,0.0,30
dinov2_cosine_1nn,multiclass,selected_probe,all_classes,exposure_turnover,0.08182222222222224,0.03413593889719981,0.019733333333333335,0.14131666666666662,30
dinov2_cosine_1nn,multiclass,selected_probe,all_classes,exposure_label_churn,0.08182222222222224,0.03413593889719981,0.019733333333333335,0.14131666666666662,30
dinov2_cosine_1nn,multiclass,selected_probe,all_classes,exposure_BA_delta,0.07202222222222222,0.036513885810201145,0.011266666666666666,0.1325833333333333,30
dinov2_cosine_1nn,multiclass,selected_probe,all_classes,sham_gain,0.02318888888888889,0.021573838870888862,0.0009666666666666669,0.06537499999999997,30
dinov2_cosine_1nn,multiclass,selected_probe,all_classes,sham_loss,0.015911111111111115,0.013696752232239819,0.0023000000000000004,0.054041666666666655,30
dinov2_cosine_1nn,multiclass,selected_probe,all_classes,sham_wrong_to_wrong,0.0019888888888888886,0.006801218807458122,0.0,0.021249999999999977,30
dinov2_cosine_1nn,multiclass,selected_probe,all_classes,sham_turnover,0.0391,0.026580053305373094,0.005933333333333333,0.08473333333333333,30
dinov2_cosine_1nn,multiclass,selected_probe,all_classes,sham_label_churn,0.04108888888888888,0.02699041029263924,0.005933333333333333,0.08473333333333333,30
dinov2_cosine_1nn,multiclass,selected_probe,all_classes,sham_BA_delta,0.007277777777777778,0.024485993076867614,-0.038674999999999994,0.058108333333333304,30
dinov2_cosine_1nn,multiclass,selected_probe,all_classes,turnover_difference,0.042722222222222224,0.03877907593694861,-0.025366666666666666,0.1106333333333333,30
dinov2_cosine_1nn,multiclass,selected_probe,all_classes,churn_difference,0.04073333333333332,0.03817477452404514,-0.025366666666666666,0.1106333333333333,30
dinov2_cosine_1nn,multiclass,selected_probe,healthy,policy_BA_difference,0.12250000000000001,0.10220626541291475,-0.013749999999999997,0.2956249999999999,30
dinov2_cosine_1nn,multiclass,selected_probe,healthy,policy_label_disagreement,0.13416666666666668,0.09923920364568573,0.0,0.2956249999999999,30
dinov2_cosine_1nn,multiclass,selected_probe,healthy,exposure_gain,0.14916666666666664,0.10896917733559064,0.0,0.35687499999999994,30
dinov2_cosine_1nn,multiclass,selected_probe,healthy,exposure_loss,0.007499999999999999,0.02469643280118504,0.0,0.0706249999999999,30
dinov2_cosine_1nn,multiclass,selected_probe,healthy,exposure_wrong_to_wrong,0.0,0.0,0.0,0.0,30
dinov2_cosine_1nn,multiclass,selected_probe,healthy,exposure_turnover,0.15666666666666668,0.1102374657300081,0.0,0.35687499999999994,30
dinov2_cosine_1nn,multiclass,selected_probe,healthy,exposure_label_churn,0.15666666666666668,0.1102374657300081,0.0,0.35687499999999994,30
dinov2_cosine_1nn,multiclass,selected_probe,healthy,exposure_BA_delta,0.14166666666666664,0.11320817971340669,0.0,0.35687499999999994,30
dinov2_cosine_1nn,multiclass,selected_probe,healthy,sham_gain,0.03916666666666667,0.05823678380976878,0.0,0.1456249999999999,30
dinov2_cosine_1nn,multiclass,selected_probe,healthy,sham_loss,0.02,0.040150578644861906,0.0,0.13187499999999996,30
dinov2_cosine_1nn,multiclass,selected_probe,healthy,sham_wrong_to_wrong,0.005833333333333333,0.020430003853921914,0.0,0.06374999999999993,30
dinov2_cosine_1nn,multiclass,selected_probe,healthy,sham_turnover,0.05916666666666667,0.07055302888648703,0.0,0.2,30
dinov2_cosine_1nn,multiclass,selected_probe,healthy,sham_label_churn,0.065,0.07239737088005908,0.0,0.2,30
dinov2_cosine_1nn,multiclass,selected_probe,healthy,sham_BA_delta,0.01916666666666667,0.07091864369112331,-0.131875,0.1456249999999999,30
dinov2_cosine_1nn,multiclass,selected_probe,healthy,turnover_difference,0.09749999999999999,0.11378102077963255,-0.075,0.27749999999999986,30
dinov2_cosine_1nn,multiclass,selected_probe,healthy,churn_difference,0.09166666666666666,0.1118676352485023,-0.075,0.27749999999999986,30
dinov2_cosine_1nn,multiclass,sentinel,Potato___Early_blight,policy_BA_difference,-0.003733333333333333,0.012689755122045156,-0.0251,0.024,30
dinov2_cosine_1nn,multiclass,sentinel,Potato___Early_blight,policy_label_disagreement,0.015200000000000002,0.015018149938864205,0.0,0.045099999999999994,30
dinov2_cosine_1nn,multiclass,sentinel,Potato___Early_blight,exposure_gain,0.009733333333333335,0.01384379191958055,0.0,0.037099999999999994,30
dinov2_cosine_1nn,multiclass,sentinel,Potato___Early_blight,exposure_loss,0.007866666666666668,0.01195316530963829,0.0,0.037099999999999994,30
dinov2_cosine_1nn,multiclass,sentinel,Potato___Early_blight,exposure_wrong_to_wrong,0.0,0.0,0.0,0.0,30
dinov2_cosine_1nn,multiclass,sentinel,Potato___Early_blight,exposure_turnover,0.017600000000000005,0.017119458579901572,0.0,0.0491,30
dinov2_cosine_1nn,multiclass,sentinel,Potato___Early_blight,exposure_label_churn,0.017600000000000005,0.017119458579901572,0.0,0.0491,30
dinov2_cosine_1nn,multiclass,sentinel,Potato___Early_blight,exposure_BA_delta,0.0018666666666666664,0.01939024520720154,-0.0371,0.037099999999999994,30
dinov2_cosine_1nn,multiclass,sentinel,Potato___Early_blight,sham_gain,0.0104,0.015531058982034945,0.0,0.04369999999999996,30
dinov2_cosine_1nn,multiclass,sentinel,Potato___Early_blight,sham_loss,0.0048,0.008687684505607094,0.0,0.02219999999999999,30
dinov2_cosine_1nn,multiclass,sentinel,Potato___Early_blight,sham_wrong_to_wrong,0.0,0.0,0.0,0.0,30
dinov2_cosine_1nn,multiclass,sentinel,Potato___Early_blight,sham_turnover,0.015200000000000002,0.01698356203245788,0.0,0.04659999999999997,30
dinov2_cosine_1nn,multiclass,sentinel,Potato___Early_blight,sham_label_churn,0.015200000000000002,0.01698356203245788,0.0,0.04659999999999997,30
dinov2_cosine_1nn,multiclass,sentinel,Potato___Early_blight,sham_BA_delta,0.005600000000000002,0.01857250470546401,-0.0222,0.04369999999999996,30
dinov2_cosine_1nn,multiclass,sentinel,Potato___Early_blight,turnover_difference,0.0024,0.014155783514046536,-0.0211,0.03239999999999998,30
dinov2_cosine_1nn,multiclass,sentinel,Potato___Early_blight,churn_difference,0.0024,0.014155783514046536,-0.0211,0.03239999999999998,30
dinov2_cosine_1nn,multiclass,sentinel,Potato___Late_blight,policy_BA_difference,-0.008533333333333334,0.02669332001331669,-0.05600000000000001,0.043299999999999984,30
dinov2_cosine_1nn,multiclass,sentinel,Potato___Late_blight,policy_label_disagreement,0.05120000000000001,0.03547354526676327,0.0029000000000000007,0.11639999999999999,30
dinov2_cosine_1nn,multiclass,sentinel,Potato___Late_blight,exposure_gain,0.023866666666666668,0.023895943001983055,0.0,0.06909999999999998,30
dinov2_cosine_1nn,multiclass,sentinel,Potato___Late_blight,exposure_loss,0.02813333333333334,0.024057020386678344,0.0,0.07529999999999998,30
dinov2_cosine_1nn,multiclass,sentinel,Potato___Late_blight,exposure_wrong_to_wrong,0.0017333333333333333,0.005723113050473995,0.0,0.021099999999999994,30
dinov2_cosine_1nn,multiclass,sentinel,Potato___Late_blight,exposure_turnover,0.052000000000000005,0.036855729915254785,0.0029000000000000007,0.116,30
dinov2_cosine_1nn,multiclass,sentinel,Potato___Late_blight,exposure_label_churn,0.053733333333333334,0.03810234252309334,0.0029000000000000007,0.1204,30
dinov2_cosine_1nn,multiclass,sentinel,Potato___Late_blight,exposure_BA_delta,-0.004266666666666665,0.03067845850253813,-0.05499999999999999,0.052000000000000005,30
dinov2_cosine_1nn,multiclass,sentinel,Potato___Late_blight,sham_gain,0.026666666666666672,0.024976310615341547,0.0,0.07929999999999998,30
dinov2_cosine_1nn,multiclass,sentinel,Potato___Late_blight,sham_loss,0.0224,0.016924986629648874,0.0,0.052000000000000005,30
dinov2_cosine_1nn,multiclass,sentinel,Potato___Late_blight,sham_wrong_to_wrong,0.0012000000000000001,0.004596850496019924,0.0,0.012399999999999977,30
dinov2_cosine_1nn,multiclass,sentinel,Potato___Late_blight,sham_turnover,0.04906666666666668,0.03237595247788974,0.004,0.11099999999999995,30
dinov2_cosine_1nn,multiclass,sentinel,Potato___Late_blight,sham_label_churn,0.050266666666666675,0.03375666813650543,0.004,0.12839999999999996,30
dinov2_cosine_1nn,multiclass,sentinel,Potato___Late_blight,sham_BA_delta,0.004266666666666667,0.027791009875228673,-0.0324,0.0531,30
dinov2_cosine_1nn,multiclass,sentinel,Potato___Late_blight,turnover_difference,0.0029333333333333334,0.02390633061927658,-0.033100000000000004,0.04619999999999999,30
dinov2_cosine_1nn,multiclass,sentinel,Potato___Late_blight,churn_difference,0.003466666666666666,0.023506027595774946,-0.0331,0.04619999999999999,30
dinov2_cosine_1nn,multiclass,sentinel,all_classes,policy_BA_difference,-0.0007555555555555567,0.02417907859358454,-0.043008333333333336,0.05324999999999999,30
dinov2_cosine_1nn,multiclass,sentinel,all_classes,policy_label_disagreement,0.03796666666666667,0.025341703094086083,0.003266666666666667,0.08864999999999999,30
dinov2_cosine_1nn,multiclass,sentinel,all_classes,exposure_gain,0.016755555555555558,0.01675263651311295,0.0,0.061433333333333326,30
dinov2_cosine_1nn,multiclass,sentinel,all_classes,exposure_loss,0.020055555555555552,0.020300441331731946,0.0,0.07077499999999999,30
dinov2_cosine_1nn,multiclass,sentinel,all_classes,exposure_wrong_to_wrong,0.0008555555555555555,0.0023710956345751647,0.0,0.008091666666666667,30
dinov2_cosine_1nn,multiclass,sentinel,all_classes,exposure_turnover,0.036811111111111114,0.027991745271071646,0.0009666666666666669,0.09959999999999998,30
dinov2_cosine_1nn,multiclass,sentinel,all_classes,exposure_label_churn,0.03766666666666667,0.02848552768260265,0.0009666666666666669,0.10346666666666667,30
dinov2_cosine_1nn,multiclass,sentinel,all_classes,exposure_BA_delta,-0.0032999999999999995,0.0245352744734309,-0.062075,0.03536666666666666,30
dinov2_cosine_1nn,multiclass,sentinel,all_classes,sham_gain,0.015133333333333332,0.01429186731201937,0.0,0.04932499999999999,30
dinov2_cosine_1nn,multiclass,sentinel,all_classes,sham_loss,0.01767777777777778,0.016116787215213996,0.0,0.051633333333333316,30
dinov2_cosine_1nn,multiclass,sentinel,all_classes,sham_wrong_to_wrong,0.0031777777777777776,0.010573491517034087,0.0,0.041666666666666664,30
dinov2_cosine_1nn,multiclass,sentinel,all_classes,sham_turnover,0.03281111111111111,0.023153441744657402,0.0013333333333333335,0.09195833333333332,30
dinov2_cosine_1nn,multiclass,sentinel,all_classes,sham_label_churn,0.03598888888888889,0.026217259579755584,0.0013333333333333335,0.09195833333333332,30
dinov2_cosine_1nn,multiclass,sentinel,all_classes,sham_BA_delta,-0.002544444444444444,0.019797341694946378,-0.03598333333333333,0.03407499999999999,30
dinov2_cosine_1nn,multiclass,sentinel,all_classes,turnover_difference,0.004,0.02533257712119974,-0.045066666666666665,0.05542499999999996,30
dinov2_cosine_1nn,multiclass,sentinel,all_classes,churn_difference,0.0016777777777777776,0.024909258051051927,-0.04143333333333333,0.05445833333333329,30
dinov2_cosine_1nn,multiclass,sentinel,healthy,policy_BA_difference,0.01,0.06584988152268555,-0.106875,0.175,30
dinov2_cosine_1nn,multiclass,sentinel,healthy,policy_label_disagreement,0.0475,0.06927892150948396,0.0,0.18874999999999992,30
dinov2_cosine_1nn,multiclass,sentinel,healthy,exposure_gain,0.016666666666666666,0.043218237955220055,0.0,0.125,30
dinov2_cosine_1nn,multiclass,sentinel,healthy,exposure_loss,0.024166666666666666,0.05020790110464022,0.0,0.13187499999999996,30
dinov2_cosine_1nn,multiclass,sentinel,healthy,exposure_wrong_to_wrong,0.0008333333333333334,0.004564354645876385,0.0,0.0068749999999999645,30
dinov2_cosine_1nn,multiclass,sentinel,healthy,exposure_turnover,0.040833333333333326,0.07556777425428861,0.0,0.25,30
dinov2_cosine_1nn,multiclass,sentinel,healthy,exposure_label_churn,0.041666666666666664,0.07665792054060164,0.0,0.25,30
dinov2_cosine_1nn,multiclass,sentinel,healthy,exposure_BA_delta,-0.0075000000000000015,0.05537878966560741,-0.131875,0.125,30
dinov2_cosine_1nn,multiclass,sentinel,healthy,sham_gain,0.008333333333333333,0.0317135164628078,0.0,0.125,30
dinov2_cosine_1nn,multiclass,sentinel,healthy,sham_loss,0.025833333333333337,0.042285632461199846,0.0,0.125,30
dinov2_cosine_1nn,multiclass,sentinel,healthy,sham_wrong_to_wrong,0.008333333333333333,0.03171351646280781,0.0,0.125,30
dinov2_cosine_1nn,multiclass,sentinel,healthy,sham_turnover,0.034166666666666665,0.05853209160047535,0.0,0.15937499999999982,30
dinov2_cosine_1nn,multiclass,sentinel,healthy,sham_label_churn,0.0425,0.06537359479600095,0.0,0.19562499999999988,30
dinov2_cosine_1nn,multiclass,sentinel,healthy,sham_BA_delta,-0.017500000000000005,0.046493418147459144,-0.125,0.03437499999999982,30
dinov2_cosine_1nn,multiclass,sentinel,healthy,turnover_difference,0.006666666666666667,0.06628482602315208,-0.125,0.13437499999999983,30
dinov2_cosine_1nn,multiclass,sentinel,healthy,churn_difference,-0.0008333333333333336,0.06932038727498588,-0.125,0.13437499999999983,30
dinov2_cosine_1nn,multiclass,unselected_paired_probe,Potato___Early_blight,policy_BA_difference,-0.0002666666666666669,0.01050101254012279,-0.0171,0.019299999999999984,30
dinov2_cosine_1nn,multiclass,unselected_paired_probe,Potato___Early_blight,policy_label_disagreement,0.012000000000000004,0.010020668296248921,0.0,0.03309999999999999,30
dinov2_cosine_1nn,multiclass,unselected_paired_probe,Potato___Early_blight,exposure_gain,0.0048,0.006758902175700552,0.0,0.02,30
dinov2_cosine_1nn,multiclass,unselected_paired_probe,Potato___Early_blight,exposure_loss,0.006266666666666667,0.006862860232782878,0.0,0.02219999999999999,30
dinov2_cosine_1nn,multiclass,unselected_paired_probe,Potato___Early_blight,exposure_wrong_to_wrong,0.0,0.0,0.0,0.0,30
dinov2_cosine_1nn,multiclass,unselected_paired_probe,Potato___Early_blight,exposure_turnover,0.011066666666666669,0.008046988442175482,0.0,0.028000000000000004,30
dinov2_cosine_1nn,multiclass,unselected_paired_probe,Potato___Early_blight,exposure_label_churn,0.011066666666666669,0.008046988442175482,0.0,0.028000000000000004,30
dinov2_cosine_1nn,multiclass,unselected_paired_probe,Potato___Early_blight,exposure_BA_delta,-0.0014666666666666667,0.010991323641959545,-0.0222,0.017099999999999994,30
dinov2_cosine_1nn,multiclass,unselected_paired_probe,Potato___Early_blight,sham_gain,0.004666666666666667,0.00891853294466402,0.0,0.028000000000000004,30
dinov2_cosine_1nn,multiclass,unselected_paired_probe,Potato___Early_blight,sham_loss,0.005866666666666668,0.006704261811473476,0.0,0.021099999999999994,30
dinov2_cosine_1nn,multiclass,unselected_paired_probe,Potato___Early_blight,sham_wrong_to_wrong,0.0,0.0,0.0,0.0,30
dinov2_cosine_1nn,multiclass,unselected_paired_probe,Potato___Early_blight,sham_turnover,0.010533333333333336,0.01058213632474097,0.0,0.036,30
dinov2_cosine_1nn,multiclass,unselected_paired_probe,Potato___Early_blight,sham_label_churn,0.010533333333333336,0.01058213632474097,0.0,0.036,30
dinov2_cosine_1nn,multiclass,unselected_paired_probe,Potato___Early_blight,sham_BA_delta,-0.0012000000000000001,0.011704405300923062,-0.0171,0.02219999999999999,30
dinov2_cosine_1nn,multiclass,unselected_paired_probe,Potato___Early_blight,turnover_difference,0.0005333333333333336,0.010595162635107014,-0.0211,0.019299999999999984,30
dinov2_cosine_1nn,multiclass,unselected_paired_probe,Potato___Early_blight,churn_difference,0.0005333333333333336,0.010595162635107014,-0.0211,0.019299999999999984,30
dinov2_cosine_1nn,multiclass,unselected_paired_probe,Potato___Late_blight,policy_BA_difference,-0.002533333333333333,0.02580528325126777,-0.0411,0.03929999999999998,30
dinov2_cosine_1nn,multiclass,unselected_paired_probe,Potato___Late_blight,policy_label_disagreement,0.048533333333333345,0.020088997388917992,0.024700000000000003,0.08839999999999998,30
dinov2_cosine_1nn,multiclass,unselected_paired_probe,Potato___Late_blight,exposure_gain,0.024000000000000004,0.017451410376755544,0.0,0.05569999999999996,30
dinov2_cosine_1nn,multiclass,unselected_paired_probe,Potato___Late_blight,exposure_loss,0.021600000000000005,0.012891055439521916,0.0,0.045099999999999994,30
dinov2_cosine_1nn,multiclass,unselected_paired_probe,Potato___Late_blight,exposure_wrong_to_wrong,0.0,0.0,0.0,0.0,30
dinov2_cosine_1nn,multiclass,unselected_paired_probe,Potato___Late_blight,exposure_turnover,0.04560000000000001,0.020787264005337168,0.015600000000000003,0.09169999999999996,30
dinov2_cosine_1nn,multiclass,unselected_paired_probe,Potato___Late_blight,exposure_label_churn,0.04560000000000001,0.020787264005337168,0.015600000000000003,0.09169999999999996,30
dinov2_cosine_1nn,multiclass,unselected_paired_probe,Potato___Late_blight,exposure_BA_delta,0.0023999999999999985,0.022568821948385588,-0.028000000000000004,0.0411,30
dinov2_cosine_1nn,multiclass,unselected_paired_probe,Potato___Late_blight,sham_gain,0.02653333333333334,0.01912523758397992,0.0,0.06839999999999997,30
dinov2_cosine_1nn,multiclass,unselected_paired_probe,Potato___Late_blight,sham_loss,0.021600000000000005,0.013880276256815541,0.0029000000000000007,0.048,30
dinov2_cosine_1nn,multiclass,unselected_paired_probe,Potato___Late_blight,sham_wrong_to_wrong,0.0008,0.00322062319949159,0.0,0.010199999999999989,30
dinov2_cosine_1nn,multiclass,unselected_paired_probe,Potato___Late_blight,sham_turnover,0.04813333333333335,0.021334339056753217,0.0229,0.09749999999999998,30
dinov2_cosine_1nn,multiclass,unselected_paired_probe,Potato___Late_blight,sham_label_churn,0.04893333333333335,0.021209843735029446,0.0229,0.09749999999999998,30
dinov2_cosine_1nn,multiclass,unselected_paired_probe,Potato___Late_blight,sham_BA_delta,0.004933333333333333,0.02572390989390775,-0.036,0.050599999999999964,30
dinov2_cosine_1nn,multiclass,unselected_paired_probe,Potato___Late_blight,turnover_difference,-0.0025333333333333336,0.019916607752521916,-0.0397,0.025099999999999997,30
dinov2_cosine_1nn,multiclass,unselected_paired_probe,Potato___Late_blight,churn_difference,-0.0033333333333333335,0.019905523983494412,-0.0397,0.025099999999999997,30
dinov2_cosine_1nn,multiclass,unselected_paired_probe,all_classes,policy_BA_difference,0.003233333333333334,0.024110720020840762,-0.03995,0.04941666666666665,30
dinov2_cosine_1nn,multiclass,unselected_paired_probe,all_classes,policy_label_disagreement,0.039900000000000005,0.020186325556267082,0.0143,0.07770833333333332,30
dinov2_cosine_1nn,multiclass,unselected_paired_probe,all_classes,exposure_gain,0.025155555555555553,0.019668465402514518,0.0009666666666666669,0.06487499999999999,30
dinov2_cosine_1nn,multiclass,unselected_paired_probe,all_classes,exposure_loss,0.015955555555555556,0.01644420109584881,0.002666666666666667,0.06244166666666665,30
dinov2_cosine_1nn,multiclass,unselected_paired_probe,all_classes,exposure_wrong_to_wrong,0.0005555555555555556,0.003042903097250923,0.0,0.00458333333333331,30
dinov2_cosine_1nn,multiclass,unselected_paired_probe,all_classes,exposure_turnover,0.04111111111111111,0.027631168659350648,0.011633333333333334,0.09789999999999993,30
dinov2_cosine_1nn,multiclass,unselected_paired_probe,all_classes,exposure_label_churn,0.041666666666666664,0.027161500813408335,0.013933333333333334,0.09789999999999993,30
dinov2_cosine_1nn,multiclass,unselected_paired_probe,all_classes,exposure_BA_delta,0.009200000000000002,0.023474221615631265,-0.037308333333333325,0.0521,30
dinov2_cosine_1nn,multiclass,unselected_paired_probe,all_classes,sham_gain,0.02095555555555555,0.017447838701432714,0.003266666666666667,0.06124999999999997,30
dinov2_cosine_1nn,multiclass,unselected_paired_probe,all_classes,sham_loss,0.014988888888888888,0.011120201262454596,0.0029000000000000007,0.04229166666666665,30
dinov2_cosine_1nn,multiclass,unselected_paired_probe,all_classes,sham_wrong_to_wrong,0.0016555555555555555,0.004465691550220566,0.0,0.016666666666666666,30
dinov2_cosine_1nn,multiclass,unselected_paired_probe,all_classes,sham_turnover,0.035944444444444446,0.022844314556036065,0.008966666666666668,0.08554166666666661,30
dinov2_cosine_1nn,multiclass,unselected_paired_probe,all_classes,sham_label_churn,0.0376,0.02396411749268195,0.008966666666666668,0.09303333333333329,30
dinov2_cosine_1nn,multiclass,unselected_paired_probe,all_classes,sham_BA_delta,0.005966666666666666,0.018284124135497952,-0.019491666666666668,0.045308333333333325,30
dinov2_cosine_1nn,multiclass,unselected_paired_probe,all_classes,turnover_difference,0.005166666666666666,0.02196492327339502,-0.029983333333333334,0.04644166666666665,30
dinov2_cosine_1nn,multiclass,unselected_paired_probe,all_classes,churn_difference,0.0040666666666666655,0.02299031946868139,-0.03644166666666667,0.04644166666666665,30
dinov2_cosine_1nn,multiclass,unselected_paired_probe,healthy,policy_BA_difference,0.0125,0.07032866193562318,-0.10937499999999999,0.13187499999999996,30
dinov2_cosine_1nn,multiclass,unselected_paired_probe,healthy,policy_label_disagreement,0.05916666666666667,0.06245113031932185,0.0,0.16374999999999992,30
dinov2_cosine_1nn,multiclass,unselected_paired_probe,healthy,exposure_gain,0.04666666666666667,0.05713464637233659,0.0,0.1456249999999999,30
dinov2_cosine_1nn,multiclass,unselected_paired_probe,healthy,exposure_loss,0.02,0.047069281292359995,0.0,0.1456249999999999,30
dinov2_cosine_1nn,multiclass,unselected_paired_probe,healthy,exposure_wrong_to_wrong,0.0016666666666666668,0.00912870929175277,0.0,0.013749999999999929,30
dinov2_cosine_1nn,multiclass,unselected_paired_probe,healthy,exposure_turnover,0.06666666666666667,0.07721815640224079,0.0,0.23437499999999983,30
dinov2_cosine_1nn,multiclass,unselected_paired_probe,healthy,exposure_label_churn,0.06833333333333333,0.07626330673412339,0.0,0.23437499999999983,30
dinov2_cosine_1nn,multiclass,unselected_paired_probe,healthy,exposure_BA_delta,0.02666666666666667,0.07069035603801702,-0.145625,0.125,30
dinov2_cosine_1nn,multiclass,unselected_paired_probe,healthy,sham_gain,0.03166666666666667,0.05371273099800798,0.0,0.16374999999999992,30
dinov2_cosine_1nn,multiclass,unselected_paired_probe,healthy,sham_loss,0.017499999999999998,0.03483334708243693,0.0,0.10687499999999997,30
dinov2_cosine_1nn,multiclass,unselected_paired_probe,healthy,sham_wrong_to_wrong,0.004166666666666667,0.013266715762630811,0.0,0.05,30
dinov2_cosine_1nn,multiclass,unselected_paired_probe,healthy,sham_turnover,0.049166666666666664,0.06742918805902123,0.0,0.19124999999999978,30
dinov2_cosine_1nn,multiclass,unselected_paired_probe,healthy,sham_label_churn,0.05333333333333333,0.07213891452264684,0.0,0.22749999999999987,30
dinov2_cosine_1nn,multiclass,unselected_paired_probe,healthy,sham_BA_delta,0.014166666666666668,0.06041641894519171,-0.106875,0.13187499999999996,30
dinov2_cosine_1nn,multiclass,unselected_paired_probe,healthy,turnover_difference,0.0175,0.06471089552772391,-0.081875,0.1456249999999999,30
dinov2_cosine_1nn,multiclass,unselected_paired_probe,healthy,churn_difference,0.014999999999999996,0.06935664948356579,-0.09562499999999999,0.1456249999999999,30
dinov2_logit,multiclass,all_paired_probe,Potato___Early_blight,policy_BA_difference,0.001666666666666667,0.00461133037377414,-0.006,0.012549999999999999,30
dinov2_logit,multiclass,all_paired_probe,Potato___Early_blight,policy_label_disagreement,0.0038000000000000004,0.004795112454184559,0.0,0.014549999999999999,30
dinov2_logit,multiclass,all_paired_probe,Potato___Early_blight,exposure_gain,0.0037333333333333333,0.006575468166541103,0.0,0.018,30
dinov2_logit,multiclass,all_paired_probe,Potato___Early_blight,exposure_loss,0.0009333333333333334,0.0021485092399203196,0.0,0.006549999999999998,30
dinov2_logit,multiclass,all_paired_probe,Potato___Early_blight,exposure_wrong_to_wrong,6.666666666666667e-05,0.0003651483716701107,0.0,0.0005499999999999972,30
dinov2_logit,multiclass,all_paired_probe,Potato___Early_blight,exposure_turnover,0.004666666666666667,0.006524930087263629,0.0,0.018,30
dinov2_logit,multiclass,all_paired_probe,Potato___Early_blight,exposure_label_churn,0.004733333333333334,0.006674363373145158,0.0,0.018549999999999997,30
dinov2_logit,multiclass,all_paired_probe,Potato___Early_blight,exposure_BA_delta,0.0027999999999999995,0.007289103818903846,-0.00655,0.018,30
dinov2_logit,multiclass,all_paired_probe,Potato___Early_blight,sham_gain,0.002266666666666667,0.005218887008663379,0.0,0.018,30
dinov2_logit,multiclass,all_paired_probe,Potato___Early_blight,sham_loss,0.0011333333333333334,0.002556038601690775,0.0,0.008549999999999997,30
dinov2_logit,multiclass,all_paired_probe,Potato___Early_blight,sham_wrong_to_wrong,0.0,0.0,0.0,0.0,30
dinov2_logit,multiclass,all_paired_probe,Potato___Early_blight,sham_turnover,0.0034000000000000002,0.005487289387993511,0.0,0.018,30
dinov2_logit,multiclass,all_paired_probe,Potato___Early_blight,sham_label_churn,0.0034000000000000002,0.005487289387993511,0.0,0.018,30
dinov2_logit,multiclass,all_paired_probe,Potato___Early_blight,sham_BA_delta,0.0011333333333333334,0.006117996817379955,-0.00855,0.018,30
dinov2_logit,multiclass,all_paired_probe,Potato___Early_blight,turnover_difference,0.0012666666666666664,0.004050826508541048,-0.004,0.011099999999999995,30
dinov2_logit,multiclass,all_paired_probe,Potato___Early_blight,churn_difference,0.001333333333333333,0.004113336872891042,-0.004,0.011099999999999995,30
dinov2_logit,multiclass,all_paired_probe,Potato___Late_blight,policy_BA_difference,0.004133333333333333,0.007064888086740011,-0.00655,0.02019999999999999,30
dinov2_logit,multiclass,all_paired_probe,Potato___Late_blight,policy_label_disagreement,0.008533333333333334,0.009511275824835064,0.0,0.03564999999999999,30
dinov2_logit,multiclass,all_paired_probe,Potato___Late_blight,exposure_gain,0.005866666666666668,0.00874044634437227,0.0,0.024749999999999984,30
dinov2_logit,multiclass,all_paired_probe,Potato___Late_blight,exposure_loss,0.0028666666666666675,0.006162922131213595,0.0,0.02219999999999999,30
dinov2_logit,multiclass,all_paired_probe,Potato___Late_blight,exposure_wrong_to_wrong,0.0,0.0,0.0,0.0,30
dinov2_logit,multiclass,all_paired_probe,Potato___Late_blight,exposure_turnover,0.008733333333333336,0.010177505057498244,0.0,0.029649999999999992,30
dinov2_logit,multiclass,all_paired_probe,Potato___Late_blight,exposure_label_churn,0.008733333333333336,0.010177505057498244,0.0,0.029649999999999992,30
dinov2_logit,multiclass,all_paired_probe,Potato___Late_blight,exposure_BA_delta,0.0029999999999999996,0.011188047809743371,-0.0222,0.022749999999999986,30
dinov2_logit,multiclass,all_paired_probe,Potato___Late_blight,sham_gain,0.004600000000000002,0.006217882997091313,0.0,0.018549999999999997,30
dinov2_logit,multiclass,all_paired_probe,Potato___Late_blight,sham_loss,0.005733333333333334,0.009892293529023884,0.0,0.03654999999999999,30
dinov2_logit,multiclass,all_paired_probe,Potato___Late_blight,sham_wrong_to_wrong,0.0,0.0,0.0,0.0,30
dinov2_logit,multiclass,all_paired_probe,Potato___Late_blight,sham_turnover,0.010333333333333335,0.010713617932118091,0.0,0.037099999999999994,30
dinov2_logit,multiclass,all_paired_probe,Potato___Late_blight,sham_label_churn,0.010333333333333335,0.010713617932118091,0.0,0.037099999999999994,30
dinov2_logit,multiclass,all_paired_probe,Potato___Late_blight,sham_BA_delta,-0.0011333333333333332,0.012580042578002978,-0.036,0.016,30
dinov2_logit,multiclass,all_paired_probe,Potato___Late_blight,turnover_difference,-0.0016,0.007636572619919903,-0.01655,0.013649999999999992,30
dinov2_logit,multiclass,all_paired_probe,Potato___Late_blight,churn_difference,-0.0016,0.007636572619919903,-0.01655,0.013649999999999992,30
dinov2_logit,multiclass,all_paired_probe,all_classes,policy_BA_difference,0.010961111111111112,0.017831946628507532,-0.011283333333333333,0.050112499999999956,30
dinov2_logit,multiclass,all_paired_probe,all_classes,policy_label_disagreement,0.018972222222222224,0.020359088801003646,0.0011500000000000002,0.0689625,30
dinov2_logit,multiclass,all_paired_probe,all_classes,exposure_gain,0.014727777777777779,0.022703084475459986,0.0,0.07819166666666663,30
dinov2_logit,multiclass,all_paired_probe,all_classes,exposure_loss,0.0039055555555555553,0.006521506321385595,0.0,0.020291666666666652,30
dinov2_logit,multiclass,all_paired_probe,all_classes,exposure_wrong_to_wrong,2.2222222222222227e-05,0.00012171612389003694,0.0,0.00018333333333333241,30
dinov2_logit,multiclass,all_paired_probe,all_classes,exposure_turnover,0.01863333333333334,0.02306518332882566,0.0,0.07874166666666663,30
dinov2_logit,multiclass,all_paired_probe,all_classes,exposure_label_churn,0.018655555555555557,0.023055568942432523,0.0,0.07874166666666663,30
dinov2_logit,multiclass,all_paired_probe,all_classes,exposure_BA_delta,0.010822222222222226,0.024164384883690958,-0.017758333333333334,0.07764166666666664,30
dinov2_logit,multiclass,all_paired_probe,all_classes,sham_gain,0.007844444444444444,0.01308079324733656,0.0,0.04074999999999996,30
dinov2_logit,multiclass,all_paired_probe,all_classes,sham_loss,0.007983333333333332,0.01104409049518793,0.0,0.039195833333333326,30
dinov2_logit,multiclass,all_paired_probe,all_classes,sham_wrong_to_wrong,0.0,0.0,0.0,0.0,30
dinov2_logit,multiclass,all_paired_probe,all_classes,sham_turnover,0.015827777777777777,0.018940089217471305,0.0,0.06867499999999999,30
dinov2_logit,multiclass,all_paired_probe,all_classes,sham_label_churn,0.015827777777777777,0.018940089217471305,0.0,0.06867499999999999,30
dinov2_logit,multiclass,all_paired_probe,all_classes,sham_BA_delta,-0.00013888888888888875,0.01508082206397117,-0.023399999999999997,0.028354166666666604,30
dinov2_logit,multiclass,all_paired_probe,all_classes,turnover_difference,0.002805555555555555,0.01836199866276662,-0.027091666666666667,0.04286249999999994,30
dinov2_logit,multiclass,all_paired_probe,all_classes,churn_difference,0.0028277777777777776,0.018361393538324396,-0.027091666666666667,0.04286249999999994,30
dinov2_logit,multiclass,all_paired_probe,healthy,policy_BA_difference,0.027083333333333334,0.05384797939623614,-0.026249999999999996,0.13999999999999985,30
dinov2_logit,multiclass,all_paired_probe,healthy,policy_label_disagreement,0.04458333333333333,0.06129733685689065,0.0,0.2034375,30
dinov2_logit,multiclass,all_paired_probe,healthy,exposure_gain,0.03458333333333333,0.06961124603620196,0.0,0.2331249999999999,30
dinov2_logit,multiclass,all_paired_probe,healthy,exposure_loss,0.007916666666666666,0.01841901347714541,0.0,0.05687499999999997,30
dinov2_logit,multiclass,all_paired_probe,healthy,exposure_wrong_to_wrong,0.0,0.0,0.0,0.0,30
dinov2_logit,multiclass,all_paired_probe,healthy,exposure_turnover,0.042499999999999996,0.07045113248887855,0.0,0.2331249999999999,30
dinov2_logit,multiclass,all_paired_probe,healthy,exposure_label_churn,0.042499999999999996,0.07045113248887855,0.0,0.2331249999999999,30
dinov2_logit,multiclass,all_paired_probe,healthy,exposure_BA_delta,0.02666666666666667,0.07352964841070775,-0.056875,0.2331249999999999,30
dinov2_logit,multiclass,all_paired_probe,healthy,sham_gain,0.016666666666666666,0.03998023937184325,0.0,0.11499999999999985,30
dinov2_logit,multiclass,all_paired_probe,healthy,sham_loss,0.017083333333333332,0.03306917601481553,0.0,0.11593749999999999,30
dinov2_logit,multiclass,all_paired_probe,healthy,sham_wrong_to_wrong,0.0,0.0,0.0,0.0,30
dinov2_logit,multiclass,all_paired_probe,healthy,sham_turnover,0.033749999999999995,0.056300264898010974,0.0,0.19437499999999996,30
dinov2_logit,multiclass,all_paired_probe,healthy,sham_label_churn,0.033749999999999995,0.056300264898010974,0.0,0.19437499999999996,30
dinov2_logit,multiclass,all_paired_probe,healthy,sham_BA_delta,-0.000416666666666667,0.047055924786059244,-0.07625,0.09687499999999982,30
dinov2_logit,multiclass,all_paired_probe,healthy,turnover_difference,0.00875,0.05552938799441682,-0.081875,0.13093749999999985,30
dinov2_logit,multiclass,all_paired_probe,healthy,churn_difference,0.00875,0.05552938799441682,-0.081875,0.13093749999999985,30
dinov2_logit,multiclass,selected_probe,Potato___Early_blight,policy_BA_difference,0.003466666666666667,0.006866878693300599,-0.0050999999999999995,0.017099999999999994,30
dinov2_logit,multiclass,selected_probe,Potato___Early_blight,policy_label_disagreement,0.0048000000000000004,0.006840044363639152,0.0,0.021099999999999994,30
dinov2_logit,multiclass,selected_probe,Potato___Early_blight,exposure_gain,0.0054666666666666665,0.009712179816169446,0.0,0.024399999999999977,30
dinov2_logit,multiclass,selected_probe,Potato___Early_blight,exposure_loss,0.0008,0.0026574553553196786,0.0,0.009099999999999995,30
dinov2_logit,multiclass,selected_probe,Potato___Early_blight,exposure_wrong_to_wrong,0.00013333333333333334,0.0007302967433402214,0.0,0.0010999999999999944,30
dinov2_logit,multiclass,selected_probe,Potato___Early_blight,exposure_turnover,0.006266666666666666,0.009609382388325354,0.0,0.024399999999999977,30
dinov2_logit,multiclass,selected_probe,Potato___Early_blight,exposure_label_churn,0.0063999999999999994,0.010053649191659988,0.0,0.025499999999999974,30
dinov2_logit,multiclass,selected_probe,Potato___Early_blight,exposure_BA_delta,0.004666666666666666,0.01050889059840264,-0.0091,0.024399999999999977,30
dinov2_logit,multiclass,selected_probe,Potato___Early_blight,sham_gain,0.0026666666666666666,0.0062440776538353875,0.0,0.02,30
dinov2_logit,multiclass,selected_probe,Potato___Early_blight,sham_loss,0.0014666666666666667,0.0038572219173312067,0.0,0.013099999999999995,30
dinov2_logit,multiclass,selected_probe,Potato___Early_blight,sham_wrong_to_wrong,0.0,0.0,0.0,0.0,30
dinov2_logit,multiclass,selected_probe,Potato___Early_blight,sham_turnover,0.0041333333333333335,0.0069268758611225525,0.0,0.02,30
dinov2_logit,multiclass,selected_probe,Potato___Early_blight,sham_label_churn,0.0041333333333333335,0.0069268758611225525,0.0,0.02,30
dinov2_logit,multiclass,selected_probe,Potato___Early_blight,sham_BA_delta,0.0012000000000000001,0.007729923941277237,-0.0131,0.02,30
dinov2_logit,multiclass,selected_probe,Potato___Early_blight,turnover_difference,0.0021333333333333334,0.006946759767284876,-0.0091,0.017099999999999994,30
dinov2_logit,multiclass,selected_probe,Potato___Early_blight,churn_difference,0.0022666666666666664,0.0072536950552131016,-0.0091,0.02,30
dinov2_logit,multiclass,selected_probe,Potato___Late_blight,policy_BA_difference,0.006933333333333334,0.010234941279191872,-0.006199999999999999,0.032,30
dinov2_logit,multiclass,selected_probe,Potato___Late_blight,policy_label_disagreement,0.0088,0.010987139817955825,0.0,0.03639999999999998,30
dinov2_logit,multiclass,selected_probe,Potato___Late_blight,exposure_gain,0.0072,0.01026006654545873,0.0,0.025499999999999974,30
dinov2_logit,multiclass,selected_probe,Potato___Late_blight,exposure_loss,0.0014666666666666667,0.004868854806464944,0.0,0.015299999999999984,30
dinov2_logit,multiclass,selected_probe,Potato___Late_blight,exposure_wrong_to_wrong,0.0,0.0,0.0,0.0,30
dinov2_logit,multiclass,selected_probe,Potato___Late_blight,exposure_turnover,0.008666666666666668,0.010613372610104648,0.0,0.028399999999999977,30
dinov2_logit,multiclass,selected_probe,Potato___Late_blight,exposure_label_churn,0.008666666666666668,0.010613372610104648,0.0,0.028399999999999977,30
dinov2_logit,multiclass,selected_probe,Potato___Late_blight,exposure_BA_delta,0.005733333333333334,0.012054283351839577,-0.0153,0.025499999999999974,30
dinov2_logit,multiclass,selected_probe,Potato___Late_blight,sham_gain,0.0044,0.00675481947996366,0.0,0.02,30
dinov2_logit,multiclass,selected_probe,Potato___Late_blight,sham_loss,0.005600000000000002,0.010794634682611286,0.0,0.038199999999999984,30
dinov2_logit,multiclass,selected_probe,Potato___Late_blight,sham_wrong_to_wrong,0.0,0.0,0.0,0.0,30
dinov2_logit,multiclass,selected_probe,Potato___Late_blight,sham_turnover,0.010000000000000002,0.011350224059766247,0.0,0.038199999999999984,30
dinov2_logit,multiclass,selected_probe,Potato___Late_blight,sham_label_churn,0.010000000000000002,0.011350224059766247,0.0,0.038199999999999984,30
dinov2_logit,multiclass,selected_probe,Potato___Late_blight,sham_BA_delta,-0.0012,0.013981268256812954,-0.0382,0.017099999999999994,30
dinov2_logit,multiclass,selected_probe,Potato___Late_blight,turnover_difference,-0.0013333333333333335,0.010310133392673086,-0.020399999999999998,0.01819999999999999,30
dinov2_logit,multiclass,selected_probe,Potato___Late_blight,churn_difference,-0.0013333333333333335,0.010310133392673086,-0.020399999999999998,0.01819999999999999,30
dinov2_logit,multiclass,selected_probe,all_classes,policy_BA_difference,0.019299999999999998,0.024105507232315256,-0.0014666666666666665,0.07633333333333334,30
dinov2_logit,multiclass,selected_probe,all_classes,policy_label_disagreement,0.021477777777777776,0.023720221635382607,0.0,0.07633333333333334,30
dinov2_logit,multiclass,selected_probe,all_classes,exposure_gain,0.0195,0.028649654133904252,0.0,0.0897166666666666,30
dinov2_logit,multiclass,selected_probe,all_classes,exposure_loss,0.0007555555555555556,0.0018752947831279956,0.0,0.006066666666666664,30
dinov2_logit,multiclass,selected_probe,all_classes,exposure_wrong_to_wrong,4.444444444444445e-05,0.00024343224778007388,0.0,0.00036666666666666483,30
dinov2_logit,multiclass,selected_probe,all_classes,exposure_turnover,0.02025555555555555,0.028475933689506024,0.0,0.0897166666666666,30
dinov2_logit,multiclass,selected_probe,all_classes,exposure_label_churn,0.0203,0.02847225577046898,0.0,0.0897166666666666,30
dinov2_logit,multiclass,selected_probe,all_classes,exposure_BA_delta,0.018744444444444446,0.028944084465444473,-0.0050999999999999995,0.0897166666666666,30
dinov2_logit,multiclass,selected_probe,all_classes,sham_gain,0.00791111111111111,0.012359535178718165,0.0,0.04081666666666665,30
dinov2_logit,multiclass,selected_probe,all_classes,sham_loss,0.008466666666666667,0.01237894640816597,0.0,0.042033333333333325,30
dinov2_logit,multiclass,selected_probe,all_classes,sham_wrong_to_wrong,0.0,0.0,0.0,0.0,30
dinov2_logit,multiclass,selected_probe,all_classes,sham_turnover,0.01637777777777778,0.02005122431234587,0.0,0.06438333333333329,30
dinov2_logit,multiclass,selected_probe,all_classes,sham_label_churn,0.01637777777777778,0.02005122431234587,0.0,0.06438333333333329,30
dinov2_logit,multiclass,selected_probe,all_classes,sham_BA_delta,-0.0005555555555555554,0.014489349591904531,-0.02775,0.025466666666666624,30
dinov2_logit,multiclass,selected_probe,all_classes,turnover_difference,0.003877777777777779,0.02567114206889378,-0.038891666666666665,0.0744,30
dinov2_logit,multiclass,selected_probe,all_classes,churn_difference,0.003922222222222222,0.025679677749099062,-0.038891666666666665,0.0744,30
dinov2_logit,multiclass,selected_probe,healthy,policy_BA_difference,0.047499999999999994,0.07262029259478182,0.0,0.225,30
dinov2_logit,multiclass,selected_probe,healthy,policy_label_disagreement,0.05083333333333333,0.07265985152055092,0.0,0.225,30
dinov2_logit,multiclass,selected_probe,healthy,exposure_gain,0.04583333333333333,0.08761281725367834,0.0,0.26624999999999976,30
dinov2_logit,multiclass,selected_probe,healthy,exposure_loss,0.0,0.0,0.0,0.0,30
dinov2_logit,multiclass,selected_probe,healthy,exposure_wrong_to_wrong,0.0,0.0,0.0,0.0,30
dinov2_logit,multiclass,selected_probe,healthy,exposure_turnover,0.04583333333333333,0.08761281725367834,0.0,0.26624999999999976,30
dinov2_logit,multiclass,selected_probe,healthy,exposure_label_churn,0.04583333333333333,0.08761281725367834,0.0,0.26624999999999976,30
dinov2_logit,multiclass,selected_probe,healthy,exposure_BA_delta,0.04583333333333333,0.08761281725367834,0.0,0.26624999999999976,30
dinov2_logit,multiclass,selected_probe,healthy,sham_gain,0.016666666666666666,0.037904902178945175,0.0,0.11374999999999993,30
dinov2_logit,multiclass,selected_probe,healthy,sham_loss,0.018333333333333333,0.03651483716701108,0.0,0.125,30
dinov2_logit,multiclass,selected_probe,healthy,sham_wrong_to_wrong,0.0,0.0,0.0,0.0,30
dinov2_logit,multiclass,selected_probe,healthy,sham_turnover,0.035,0.06074253182419871,0.0,0.18874999999999992,30
dinov2_logit,multiclass,selected_probe,healthy,sham_label_churn,0.035,0.06074253182419871,0.0,0.18874999999999992,30
dinov2_logit,multiclass,selected_probe,healthy,sham_BA_delta,-0.0016666666666666668,0.04301830671520763,-0.08875,0.07749999999999986,30
dinov2_logit,multiclass,selected_probe,healthy,turnover_difference,0.010833333333333334,0.07647496021724944,-0.106875,0.225,30
dinov2_logit,multiclass,selected_probe,healthy,churn_difference,0.010833333333333334,0.07647496021724944,-0.106875,0.225,30
dinov2_logit,multiclass,sentinel,Potato___Early_blight,policy_BA_difference,-0.00013333333333333334,0.001960530071414244,-0.0050999999999999995,0.004,30
dinov2_logit,multiclass,sentinel,Potato___Early_blight,policy_label_disagreement,0.0014666666666666667,0.004133407489138274,0.0,0.011299999999999984,30
dinov2_logit,multiclass,sentinel,Potato___Early_blight,exposure_gain,0.0016,0.005810810377338028,0.0,0.019299999999999984,30
dinov2_logit,multiclass,sentinel,Potato___Early_blight,exposure_loss,0.0002666666666666667,0.0010148325268098499,0.0,0.004,30
dinov2_logit,multiclass,sentinel,Potato___Early_blight,exposure_wrong_to_wrong,0.0,0.0,0.0,0.0,30
dinov2_logit,multiclass,sentinel,Potato___Early_blight,exposure_turnover,0.0018666666666666669,0.006452656941849256,0.0,0.020399999999999977,30
dinov2_logit,multiclass,sentinel,Potato___Early_blight,exposure_label_churn,0.0018666666666666669,0.006452656941849256,0.0,0.020399999999999977,30
dinov2_logit,multiclass,sentinel,Potato___Early_blight,exposure_BA_delta,0.0013333333333333333,0.005287156418010133,-0.0010999999999999996,0.01819999999999999,30
dinov2_logit,multiclass,sentinel,Potato___Early_blight,sham_gain,0.0017333333333333335,0.00678199102762976,0.0,0.023299999999999984,30
dinov2_logit,multiclass,sentinel,Potato___Early_blight,sham_loss,0.0002666666666666667,0.0010148325268098499,0.0,0.004,30
dinov2_logit,multiclass,sentinel,Potato___Early_blight,sham_wrong_to_wrong,0.0,0.0,0.0,0.0,30
dinov2_logit,multiclass,sentinel,Potato___Early_blight,sham_turnover,0.0020000000000000005,0.00678741228431288,0.0,0.023299999999999984,30
dinov2_logit,multiclass,sentinel,Potato___Early_blight,sham_label_churn,0.0020000000000000005,0.00678741228431288,0.0,0.023299999999999984,30
dinov2_logit,multiclass,sentinel,Potato___Early_blight,sham_BA_delta,0.0014666666666666667,0.0069268758611225525,-0.004,0.023299999999999984,30
dinov2_logit,multiclass,sentinel,Potato___Early_blight,turnover_difference,-0.00013333333333333334,0.0012793676598989842,-0.004,0.0010999999999999944,30
dinov2_logit,multiclass,sentinel,Potato___Early_blight,churn_difference,-0.00013333333333333334,0.0012793676598989842,-0.004,0.0010999999999999944,30
dinov2_logit,multiclass,sentinel,Potato___Late_blight,policy_BA_difference,0.0008,0.00829790168740225,-0.016,0.017099999999999994,30
dinov2_logit,multiclass,sentinel,Potato___Late_blight,policy_label_disagreement,0.009600000000000001,0.014728812954019165,0.0,0.04009999999999994,30
dinov2_logit,multiclass,sentinel,Potato___Late_blight,exposure_gain,0.0033333333333333335,0.0063968382994949195,0.0,0.021099999999999994,30
dinov2_logit,multiclass,sentinel,Potato___Late_blight,exposure_loss,0.0028,0.005956161689289968,0.0,0.02,30
dinov2_logit,multiclass,sentinel,Potato___Late_blight,exposure_wrong_to_wrong,0.0,0.0,0.0,0.0,30
dinov2_logit,multiclass,sentinel,Potato___Late_blight,exposure_turnover,0.006133333333333334,0.01000597522632777,0.0,0.03019999999999999,30
dinov2_logit,multiclass,sentinel,Potato___Late_blight,exposure_label_churn,0.006133333333333334,0.01000597522632777,0.0,0.03019999999999999,30
dinov2_logit,multiclass,sentinel,Potato___Late_blight,exposure_BA_delta,0.0005333333333333334,0.00725749711455789,-0.014199999999999999,0.014199999999999989,30
dinov2_logit,multiclass,sentinel,Potato___Late_blight,sham_gain,0.0037333333333333333,0.0095662241076697,0.0,0.036,30
dinov2_logit,multiclass,sentinel,Potato___Late_blight,sham_loss,0.004,0.007574913223583989,0.0,0.023299999999999984,30
dinov2_logit,multiclass,sentinel,Potato___Late_blight,sham_wrong_to_wrong,0.0,0.0,0.0,0.0,30
dinov2_logit,multiclass,sentinel,Potato___Late_blight,sham_turnover,0.007733333333333334,0.014628581691293609,0.0,0.04479999999999995,30
dinov2_logit,multiclass,sentinel,Potato___Late_blight,sham_label_churn,0.007733333333333334,0.014628581691293609,0.0,0.04479999999999995,30
dinov2_logit,multiclass,sentinel,Potato___Late_blight,sham_BA_delta,-0.0002666666666666671,0.009153606160804956,-0.0171,0.02149999999999997,30
dinov2_logit,multiclass,sentinel,Potato___Late_blight,turnover_difference,-0.0016000000000000003,0.010430723848324238,-0.0233,0.017099999999999994,30
dinov2_logit,multiclass,sentinel,Potato___Late_blight,churn_difference,-0.0016000000000000003,0.010430723848324238,-0.0233,0.017099999999999994,30
dinov2_logit,multiclass,sentinel,all_classes,policy_BA_difference,-0.0017222222222222222,0.010821464172904983,-0.032725,0.012916666666666644,30
dinov2_logit,multiclass,sentinel,all_classes,policy_label_disagreement,0.010633333333333333,0.014780734587378556,0.0,0.04698333333333331,30
dinov2_logit,multiclass,sentinel,all_classes,exposure_gain,0.0047,0.011536498801529913,0.0,0.04395833333333332,30
dinov2_logit,multiclass,sentinel,all_classes,exposure_loss,0.0038,0.008905033231731231,0.0,0.033699999999999994,30
dinov2_logit,multiclass,sentinel,all_classes,exposure_wrong_to_wrong,0.0,0.0,0.0,0.0,30
dinov2_logit,multiclass,sentinel,all_classes,exposure_turnover,0.0085,0.01403191490906803,0.0,0.04395833333333332,30
dinov2_logit,multiclass,sentinel,all_classes,exposure_label_churn,0.0085,0.01403191490906803,0.0,0.04395833333333332,30
dinov2_logit,multiclass,sentinel,all_classes,exposure_BA_delta,0.0009000000000000002,0.015095900334082488,-0.030666666666666665,0.04395833333333332,30
dinov2_logit,multiclass,sentinel,all_classes,sham_gain,0.005711111111111111,0.012646000483345575,0.0,0.04542499999999998,30
dinov2_logit,multiclass,sentinel,all_classes,sham_loss,0.003088888888888889,0.005501607799364945,0.0,0.016783333333333317,30
dinov2_logit,multiclass,sentinel,all_classes,sham_wrong_to_wrong,0.0,0.0,0.0,0.0,30
dinov2_logit,multiclass,sentinel,all_classes,sham_turnover,0.0088,0.013192822848528045,0.0,0.04542499999999998,30
dinov2_logit,multiclass,sentinel,all_classes,sham_label_churn,0.0088,0.013192822848528045,0.0,0.04542499999999998,30
dinov2_logit,multiclass,sentinel,all_classes,sham_BA_delta,0.002622222222222222,0.014364103121774632,-0.01678333333333333,0.04542499999999998,30
dinov2_logit,multiclass,sentinel,all_classes,turnover_difference,-0.0002999999999999999,0.01251033289400302,-0.023541666666666662,0.028391666666666652,30
dinov2_logit,multiclass,sentinel,all_classes,churn_difference,-0.0002999999999999999,0.01251033289400302,-0.023541666666666662,0.028391666666666652,30
dinov2_logit,multiclass,sentinel,healthy,policy_BA_difference,-0.005833333333333334,0.03327221408149836,-0.106875,0.03874999999999993,30
dinov2_logit,multiclass,sentinel,healthy,policy_label_disagreement,0.020833333333333332,0.04359063750578694,0.0,0.13874999999999993,30
dinov2_logit,multiclass,sentinel,healthy,exposure_gain,0.009166666666666667,0.03503897665539722,0.0,0.13187499999999996,30
dinov2_logit,multiclass,sentinel,healthy,exposure_loss,0.008333333333333333,0.026533431525261622,0.0,0.1,30
dinov2_logit,multiclass,sentinel,healthy,exposure_wrong_to_wrong,0.0,0.0,0.0,0.0,30
dinov2_logit,multiclass,sentinel,healthy,exposure_turnover,0.0175,0.042115399755335625,0.0,0.13187499999999996,30
dinov2_logit,multiclass,sentinel,healthy,exposure_label_churn,0.0175,0.042115399755335625,0.0,0.13187499999999996,30
dinov2_logit,multiclass,sentinel,healthy,exposure_BA_delta,0.0008333333333333332,0.04571431778529252,-0.1,0.13187499999999996,30
dinov2_logit,multiclass,sentinel,healthy,sham_gain,0.011666666666666665,0.03579956976560331,0.0,0.13187499999999996,30
dinov2_logit,multiclass,sentinel,healthy,sham_loss,0.005000000000000001,0.015256428831468234,0.0,0.03874999999999993,30
dinov2_logit,multiclass,sentinel,healthy,sham_wrong_to_wrong,0.0,0.0,0.0,0.0,30
dinov2_logit,multiclass,sentinel,healthy,sham_turnover,0.016666666666666666,0.037904902178945175,0.0,0.13187499999999996,30
dinov2_logit,multiclass,sentinel,healthy,sham_label_churn,0.016666666666666666,0.037904902178945175,0.0,0.13187499999999996,30
dinov2_logit,multiclass,sentinel,healthy,sham_BA_delta,0.006666666666666667,0.039899298527524336,-0.03874999999999999,0.13187499999999996,30
dinov2_logit,multiclass,sentinel,healthy,turnover_difference,0.0008333333333333332,0.035038976655397215,-0.070625,0.08187499999999996,30
dinov2_logit,multiclass,sentinel,healthy,churn_difference,0.0008333333333333332,0.035038976655397215,-0.070625,0.08187499999999996,30
dinov2_logit,multiclass,unselected_paired_probe,Potato___Early_blight,policy_BA_difference,-0.00013333333333333334,0.004754187506880089,-0.0091,0.012,30
dinov2_logit,multiclass,unselected_paired_probe,Potato___Early_blight,policy_label_disagreement,0.0028,0.004088672324766359,0.0,0.012,30
dinov2_logit,multiclass,unselected_paired_probe,Potato___Early_blight,exposure_gain,0.002,0.004785034140331491,0.0,0.016,30
dinov2_logit,multiclass,unselected_paired_probe,Potato___Early_blight,exposure_loss,0.0010666666666666667,0.002558735319797968,0.0,0.0061999999999999885,30
dinov2_logit,multiclass,unselected_paired_probe,Potato___Early_blight,exposure_wrong_to_wrong,0.0,0.0,0.0,0.0,30
dinov2_logit,multiclass,unselected_paired_probe,Potato___Early_blight,exposure_turnover,0.0030666666666666668,0.005218887008663379,0.0,0.016,30
dinov2_logit,multiclass,unselected_paired_probe,Potato___Early_blight,exposure_label_churn,0.0030666666666666668,0.005218887008663379,0.0,0.016,30
dinov2_logit,multiclass,unselected_paired_probe,Potato___Early_blight,exposure_BA_delta,0.0009333333333333333,0.005625884349383986,-0.006199999999999999,0.016,30
dinov2_logit,multiclass,unselected_paired_probe,Potato___Early_blight,sham_gain,0.0018666666666666666,0.0044235524289821665,0.0,0.016,30
dinov2_logit,multiclass,unselected_paired_probe,Potato___Early_blight,sham_loss,0.0008,0.001936936792446009,0.0,0.005099999999999994,30
dinov2_logit,multiclass,unselected_paired_probe,Potato___Early_blight,sham_wrong_to_wrong,0.0,0.0,0.0,0.0,30
dinov2_logit,multiclass,unselected_paired_probe,Potato___Early_blight,sham_turnover,0.0026666666666666666,0.004497764451088037,0.0,0.016,30
dinov2_logit,multiclass,unselected_paired_probe,Potato___Early_blight,sham_label_churn,0.0026666666666666666,0.004497764451088037,0.0,0.016,30
dinov2_logit,multiclass,unselected_paired_probe,Potato___Early_blight,sham_BA_delta,0.0010666666666666667,0.005138987779932819,-0.0050999999999999995,0.016,30
dinov2_logit,multiclass,unselected_paired_probe,Potato___Early_blight,turnover_difference,0.0004,0.003691556068502354,-0.0050999999999999995,0.009099999999999995,30
dinov2_logit,multiclass,unselected_paired_probe,Potato___Early_blight,churn_difference,0.0004,0.003691556068502354,-0.0050999999999999995,0.009099999999999995,30
dinov2_logit,multiclass,unselected_paired_probe,Potato___Late_blight,policy_BA_difference,0.0013333333333333335,0.007884219653220595,-0.0131,0.02,30
dinov2_logit,multiclass,unselected_paired_probe,Potato___Late_blight,policy_label_disagreement,0.008266666666666667,0.008909248713762466,0.0,0.03309999999999999,30
dinov2_logit,multiclass,unselected_paired_probe,Potato___Late_blight,exposure_gain,0.004533333333333334,0.008050415852755611,0.0,0.024,30
dinov2_logit,multiclass,unselected_paired_probe,Potato___Late_blight,exposure_loss,0.004266666666666668,0.00792609541361616,0.0,0.029099999999999997,30
dinov2_logit,multiclass,unselected_paired_probe,Potato___Late_blight,exposure_wrong_to_wrong,0.0,0.0,0.0,0.0,30
dinov2_logit,multiclass,unselected_paired_probe,Potato___Late_blight,exposure_turnover,0.008800000000000002,0.010835446301455432,0.0,0.032,30
dinov2_logit,multiclass,unselected_paired_probe,Potato___Late_blight,exposure_label_churn,0.008800000000000002,0.010835446301455432,0.0,0.032,30
dinov2_logit,multiclass,unselected_paired_probe,Potato___Late_blight,exposure_BA_delta,0.0002666666666666668,0.01174127213143311,-0.029100000000000004,0.02,30
dinov2_logit,multiclass,unselected_paired_probe,Potato___Late_blight,sham_gain,0.0048000000000000004,0.006758902175700552,0.0,0.017099999999999994,30
dinov2_logit,multiclass,unselected_paired_probe,Potato___Late_blight,sham_loss,0.005866666666666668,0.009726371309515936,0.0,0.03129999999999999,30
dinov2_logit,multiclass,unselected_paired_probe,Potato___Late_blight,sham_wrong_to_wrong,0.0,0.0,0.0,0.0,30
dinov2_logit,multiclass,unselected_paired_probe,Potato___Late_blight,sham_turnover,0.010666666666666668,0.011133464105502191,0.0,0.03239999999999998,30
dinov2_logit,multiclass,unselected_paired_probe,Potato___Late_blight,sham_label_churn,0.010666666666666668,0.011133464105502191,0.0,0.03239999999999998,30
dinov2_logit,multiclass,unselected_paired_probe,Potato___Late_blight,sham_BA_delta,-0.0010666666666666667,0.012514635110702308,-0.0302,0.016,30
dinov2_logit,multiclass,unselected_paired_probe,Potato___Late_blight,turnover_difference,-0.0018666666666666669,0.007482085885326518,-0.0171,0.012,30
dinov2_logit,multiclass,unselected_paired_probe,Potato___Late_blight,churn_difference,-0.0018666666666666669,0.007482085885326518,-0.0171,0.012,30
dinov2_logit,multiclass,unselected_paired_probe,all_classes,policy_BA_difference,0.002622222222222222,0.017732739885786417,-0.020899999999999995,0.04467499999999995,30
dinov2_logit,multiclass,unselected_paired_probe,all_classes,policy_label_disagreement,0.01646666666666667,0.019904869540331695,0.0009666666666666669,0.06328333333333333,30
dinov2_logit,multiclass,unselected_paired_probe,all_classes,exposure_gain,0.009955555555555556,0.018033543316459344,0.0,0.06666666666666667,30
dinov2_logit,multiclass,unselected_paired_probe,all_classes,exposure_loss,0.007055555555555555,0.012712284261164625,0.0,0.03961666666666664,30
dinov2_logit,multiclass,unselected_paired_probe,all_classes,exposure_wrong_to_wrong,0.0,0.0,0.0,0.0,30
dinov2_logit,multiclass,unselected_paired_probe,all_classes,exposure_turnover,0.01701111111111111,0.021065576018132862,0.0,0.06776666666666666,30
dinov2_logit,multiclass,unselected_paired_probe,all_classes,exposure_label_churn,0.01701111111111111,0.021065576018132862,0.0,0.06776666666666666,30
dinov2_logit,multiclass,unselected_paired_probe,all_classes,exposure_BA_delta,0.0029000000000000002,0.023018757968031302,-0.03778333333333333,0.06376666666666667,30
dinov2_logit,multiclass,unselected_paired_probe,all_classes,sham_gain,0.007777777777777777,0.014615986978347144,0.0,0.040683333333333266,30
dinov2_logit,multiclass,unselected_paired_probe,all_classes,sham_loss,0.007499999999999999,0.010812491002808915,0.0,0.03635833333333332,30
dinov2_logit,multiclass,unselected_paired_probe,all_classes,sham_wrong_to_wrong,0.0,0.0,0.0,0.0,30
dinov2_logit,multiclass,unselected_paired_probe,all_classes,sham_turnover,0.015277777777777779,0.019421930041552325,0.0,0.07429166666666666,30
dinov2_logit,multiclass,unselected_paired_probe,all_classes,sham_label_churn,0.015277777777777779,0.019421930041552325,0.0,0.07429166666666666,30
dinov2_logit,multiclass,unselected_paired_probe,all_classes,sham_BA_delta,0.00027777777777777783,0.016848225649459984,-0.024124999999999997,0.033416666666666595,30
dinov2_logit,multiclass,unselected_paired_probe,all_classes,turnover_difference,0.0017333333333333335,0.017076882718214337,-0.020149999999999998,0.04660833333333329,30
dinov2_logit,multiclass,unselected_paired_probe,all_classes,churn_difference,0.0017333333333333335,0.017076882718214337,-0.020149999999999998,0.04660833333333329,30
dinov2_logit,multiclass,unselected_paired_probe,healthy,policy_BA_difference,0.006666666666666668,0.05208304597621879,-0.05249999999999999,0.1456249999999999,30
dinov2_logit,multiclass,unselected_paired_probe,healthy,policy_label_disagreement,0.03833333333333334,0.05825528440338729,0.0,0.18187499999999995,30
dinov2_logit,multiclass,unselected_paired_probe,healthy,exposure_gain,0.023333333333333334,0.05529440536227708,0.0,0.2,30
dinov2_logit,multiclass,unselected_paired_probe,healthy,exposure_loss,0.01583333333333333,0.03683802695429082,0.0,0.11374999999999993,30
dinov2_logit,multiclass,unselected_paired_probe,healthy,exposure_wrong_to_wrong,0.0,0.0,0.0,0.0,30
dinov2_logit,multiclass,unselected_paired_probe,healthy,exposure_turnover,0.03916666666666666,0.06286388324063312,0.0,0.2,30
dinov2_logit,multiclass,unselected_paired_probe,healthy,exposure_label_churn,0.03916666666666666,0.06286388324063312,0.0,0.2,30
dinov2_logit,multiclass,unselected_paired_probe,healthy,exposure_BA_delta,0.0075000000000000015,0.06983663202370081,-0.11375,0.2,30
dinov2_logit,multiclass,unselected_paired_probe,healthy,sham_gain,0.016666666666666666,0.04468922058820907,0.0,0.1162499999999998,30
dinov2_logit,multiclass,unselected_paired_probe,healthy,sham_loss,0.015833333333333335,0.03248562900659341,0.0,0.10687499999999997,30
dinov2_logit,multiclass,unselected_paired_probe,healthy,sham_wrong_to_wrong,0.0,0.0,0.0,0.0,30
dinov2_logit,multiclass,unselected_paired_probe,healthy,sham_turnover,0.0325,0.05691418222140272,0.0,0.20687499999999998,30
dinov2_logit,multiclass,unselected_paired_probe,healthy,sham_label_churn,0.0325,0.05691418222140272,0.0,0.20687499999999998,30
dinov2_logit,multiclass,unselected_paired_probe,healthy,sham_BA_delta,0.0008333333333333338,0.05353186826125379,-0.081875,0.1162499999999998,30
dinov2_logit,multiclass,unselected_paired_probe,healthy,turnover_difference,0.006666666666666667,0.05290416405834842,-0.06375,0.1456249999999999,30
dinov2_logit,multiclass,unselected_paired_probe,healthy,churn_difference,0.006666666666666667,0.05290416405834842,-0.06375,0.1456249999999999,30
