task,model,single_pp,joint_pp,single_minus_joint_pp,difference_min_pp,difference_max_pp
onion,Colour + LR,30.131006864988557,34.684096109839814,-4.55308924485125,-16.8020594965675,10.99427917620137
onion,DINOv2 cosine 1NN,44.148741418764295,43.95057208237986,0.19816933638443,-8.28146453089244,12.10755148741418
onion,DINOv2 + LR,18.49199084668192,17.68993135011441,0.8020594965675001,-2.58352402745995,8.4462242562929
onion,ResNet18 cosine 1NN,51.1149885583524,49.24130434782608,1.87368421052631,-3.4153318077803205,8.69107551487414
onion,ResNet18 + LR,25.192791762013726,23.338329519450802,1.8544622425629198,-5.5858123569794,9.04004576659038
potato,Colour + LR,2.41666666666666,1.67666666666666,0.73999999999999,-5.66666666666666,5.33333333333333
potato,DINOv2 cosine 1NN,6.78333333333333,7.73666666666666,-0.95333333333333,-4.0,2.89999999999999
potato,DINOv2 + LR,2.83333333333333,2.5866666666666602,0.24666666666666,-3.46666666666666,4.86666666666666
potato,ResNet18 cosine 1NN,4.9499999999999895,4.569999999999999,0.38,-3.49999999999999,3.76666666666666
potato,ResNet18 + LR,2.4833333333333303,1.7133333333333298,0.77,-2.1,6.53333333333333
