variant,cohort,model,metric,estimate,lower,upper,replicates
tom_days,internal,color_shortcut_logit,balanced_accuracy,0.8404685383358369,0.8023792822510191,0.8777792773480655,3000
tom_days,internal,color_shortcut_logit,auroc,0.9167433266959333,0.8819493288539245,0.9435524828782514,3000
tom_days,internal,color_shortcut_logit,brier,0.09862139620169724,0.07777989972623353,0.12408564448967925,3000
tom_days,internal,convnext_tiny_logit,balanced_accuracy,0.9392134486921216,0.9204774951548155,0.9581813632013491,3000
tom_days,internal,convnext_tiny_logit,auroc,0.9816714603444461,0.9722658141225151,0.9895293588084402,3000
tom_days,internal,convnext_tiny_logit,brier,0.04062640456119806,0.028599314384330065,0.055038745946923526,3000
tom_days,internal,efficientnet_b0_logit,balanced_accuracy,0.9290196055598899,0.9078000606599131,0.9490828613969363,3000
tom_days,internal,efficientnet_b0_logit,auroc,0.9758491796406489,0.9642875565940803,0.9856334012455328,3000
tom_days,internal,efficientnet_b0_logit,brier,0.049617938136618196,0.03652624333915441,0.0657496154277349,3000
tom_days,internal,handcrafted_logit,balanced_accuracy,0.8086856783539248,0.774873835039977,0.8384403771972506,3000
tom_days,internal,handcrafted_logit,auroc,0.8974017101979187,0.8701604186378308,0.9207940489866104,3000
tom_days,internal,handcrafted_logit,brier,0.10435363566675372,0.08318123827992671,0.13014312168250383,3000
tom_days,internal,prior_prevalence,balanced_accuracy,0.5,0.5,0.5,3000
tom_days,internal,prior_prevalence,auroc,0.4413444034297115,0.3438766012314388,0.5470441371010103,3000
tom_days,internal,prior_prevalence,brier,0.19186723092326363,0.15818815133581088,0.2339735111221706,3000
tom_days,internal,resnet18_logit,balanced_accuracy,0.9270594377229449,0.9068900975048777,0.9451012135857423,3000
tom_days,internal,resnet18_logit,auroc,0.9787098602264479,0.9690741157709702,0.9861942435603938,3000
tom_days,internal,resnet18_logit,brier,0.04916907442461662,0.03664815529880328,0.0634282661331685,3000
tom_days,internal,swin_t_logit,balanced_accuracy,0.9525086266792429,0.9390523857312012,0.9654868035736465,3000
tom_days,internal,swin_t_logit,auroc,0.9876645279488881,0.9816567796468506,0.9925665849015798,3000
tom_days,internal,swin_t_logit,brier,0.03476006375143953,0.024765901170326204,0.045797137278112306,3000
all_high,external,color_shortcut_logit,balanced_accuracy,0.5253029806747462,0.4970555775908199,0.5582556687575968,3000
all_high,external,color_shortcut_logit,auroc,0.6066407055598015,0.5635808890606513,0.6570178472429739,3000
all_high,external,color_shortcut_logit,brier,0.275224724297007,0.2517415520543571,0.2958012941817126,3000
all_high,external,convnext_tiny_logit,balanced_accuracy,0.582932998507843,0.5578509286352614,0.6051263110596511,3000
all_high,external,convnext_tiny_logit,auroc,0.7105215270953888,0.6613281888409496,0.7502469520323517,3000
all_high,external,convnext_tiny_logit,brier,0.2506538825407988,0.223715634827938,0.2822239669562358,3000
all_high,external,efficientnet_b0_logit,balanced_accuracy,0.6501619536339485,0.6142757871647864,0.679117517962978,3000
all_high,external,efficientnet_b0_logit,auroc,0.7204631752617341,0.6738790129783656,0.7564142391428564,3000
all_high,external,efficientnet_b0_logit,brier,0.26199943621738897,0.23596068471132994,0.29320651323246916,3000
all_high,external,handcrafted_logit,balanced_accuracy,0.570704589292863,0.5362514563506469,0.6126022775047495,3000
all_high,external,handcrafted_logit,auroc,0.6028375247176426,0.5603709477970469,0.6486114547788581,3000
all_high,external,handcrafted_logit,brier,0.2881526780752907,0.2663587164332657,0.3098328088169127,3000
all_high,external,prior_prevalence,balanced_accuracy,0.5,0.5,0.5,3000
all_high,external,prior_prevalence,auroc,0.5,0.5,0.5,3000
all_high,external,prior_prevalence,brier,0.3207874242161703,0.2978038009535468,0.3440043913226129,3000
all_high,external,resnet18_logit,balanced_accuracy,0.655320813771518,0.6214823478448278,0.6913554907551477,3000
all_high,external,resnet18_logit,auroc,0.734511288228943,0.686777174558956,0.7749456325965123,3000
all_high,external,resnet18_logit,brier,0.24027153008845414,0.21416189937441185,0.27202264695115336,3000
all_high,external,swin_t_logit,balanced_accuracy,0.5621337846198639,0.5450484038532806,0.5790375651277865,3000
all_high,external,swin_t_logit,auroc,0.7820176875204716,0.7497341574366677,0.8176503817540894,3000
all_high,external,swin_t_logit,brier,0.2824384766784147,0.249937428272778,0.31785390198118246,3000
spatial_high,external,color_shortcut_logit,balanced_accuracy,0.5253029806747462,0.4973457472130434,0.5543687074185638,3000
spatial_high,external,color_shortcut_logit,auroc,0.6066407055598015,0.564329607816316,0.6503435057638773,3000
spatial_high,external,color_shortcut_logit,brier,0.275224724297007,0.2543637093338809,0.29491032818438573,3000
spatial_high,external,convnext_tiny_logit,balanced_accuracy,0.582932998507843,0.5599068159541648,0.6069781111379778,3000
spatial_high,external,convnext_tiny_logit,auroc,0.7105215270953888,0.6713728929252893,0.7517149813194172,3000
spatial_high,external,convnext_tiny_logit,brier,0.2506538825407988,0.2251733638219223,0.27569653676975003,3000
spatial_high,external,efficientnet_b0_logit,balanced_accuracy,0.6501619536339485,0.6177185910945678,0.6829339518725464,3000
spatial_high,external,efficientnet_b0_logit,auroc,0.7204631752617341,0.6827262565465309,0.7568423078603097,3000
spatial_high,external,efficientnet_b0_logit,brier,0.26199943621738897,0.23560617086342409,0.289005521699582,3000
spatial_high,external,handcrafted_logit,balanced_accuracy,0.570704589292863,0.534314388149267,0.6076139888975237,3000
spatial_high,external,handcrafted_logit,auroc,0.6028375247176426,0.5595750503701994,0.6461533868763896,3000
spatial_high,external,handcrafted_logit,brier,0.2881526780752907,0.26574546376984726,0.31059705666048576,3000
spatial_high,external,prior_prevalence,balanced_accuracy,0.5,0.5,0.5,3000
spatial_high,external,prior_prevalence,auroc,0.5,0.5,0.5,3000
spatial_high,external,prior_prevalence,brier,0.3207874242161703,0.3006924038561531,0.33997100862203,3000
spatial_high,external,resnet18_logit,balanced_accuracy,0.655320813771518,0.6208769976971891,0.6890805729025252,3000
spatial_high,external,resnet18_logit,auroc,0.734511288228943,0.6934617507605122,0.7733404162980452,3000
spatial_high,external,resnet18_logit,brier,0.24027153008845414,0.21550749327373994,0.2668196199266954,3000
spatial_high,external,swin_t_logit,balanced_accuracy,0.5621337846198639,0.5454545454545454,0.5796352010343682,3000
spatial_high,external,swin_t_logit,auroc,0.7820176875204716,0.7462561226534283,0.8157440194620172,3000
spatial_high,external,swin_t_logit,brier,0.2824384766784147,0.25234862239203437,0.31296173394201116,3000
