dataset,design,panel,metric,weighting,model,mean_pp,lower_pp,upper_pp,split_count
onion,joint,selected_probe,policy_BA_difference,all_original_classes,colour_logit,37.7149885583524,25.06424485125858,49.03283752860412,30
onion,joint,selected_probe,policy_BA_difference,all_original_classes,dinov2_cosine_1nn,46.08794813119756,30.50137299771167,57.29490846681922,30
onion,joint,selected_probe,policy_BA_difference,all_original_classes,dinov2_logit,21.18081617086193,6.5736270022883225,35.16713386727688,30
onion,joint,selected_probe,policy_BA_difference,all_original_classes,resnet_cosine_1nn,50.25003813882533,33.817162471395875,62.44902745995422,30
onion,joint,selected_probe,policy_BA_difference,all_original_classes,resnet_logit,23.65518688024408,8.336441647597248,37.939559496567504,30
onion,joint,selected_probe,policy_BA_difference,common_classes_n_ge_30,colour_logit,26.508873633358753,15.71380625476735,34.11437833714721,30
onion,joint,selected_probe,policy_BA_difference,common_classes_n_ge_30,dinov2_cosine_1nn,36.89504195270785,27.862852784134247,45.442067124332574,30
onion,joint,selected_probe,policy_BA_difference,common_classes_n_ge_30,dinov2_logit,12.1299771167048,6.782837528604117,17.632951945080084,30
onion,joint,selected_probe,policy_BA_difference,common_classes_n_ge_30,resnet_cosine_1nn,40.55560640732266,29.989588100686493,51.62204424103737,30
onion,joint,selected_probe,policy_BA_difference,common_classes_n_ge_30,resnet_logit,14.095804729214334,7.716323417238745,21.93150266971777,30
onion,joint,sentinel,turnover_difference,all_original_classes,colour_logit,-0.17810831426392013,-8.804405034324935,11.908810068649869,30
onion,joint,sentinel,turnover_difference,all_original_classes,dinov2_cosine_1nn,-1.2356979405034296,-10.577517162471391,14.15423340961098,30
onion,joint,sentinel,turnover_difference,all_original_classes,dinov2_logit,1.3803966437833686,-10.521252860411899,9.542334096109833,30
onion,joint,sentinel,turnover_difference,all_original_classes,resnet_cosine_1nn,-0.4255530129672001,-10.402145308924483,5.977488558352399,30
onion,joint,sentinel,turnover_difference,all_original_classes,resnet_logit,0.17593440122044232,-7.366247139588095,6.364273455377565,30
onion,joint,sentinel,turnover_difference,common_classes_n_ge_30,colour_logit,-1.4596999745741155,-8.32219679633867,3.402479023646072,30
onion,joint,sentinel,turnover_difference,common_classes_n_ge_30,dinov2_cosine_1nn,-1.0920416984490204,-7.833104500381384,7.198207475209757,30
onion,joint,sentinel,turnover_difference,common_classes_n_ge_30,dinov2_logit,0.5071955250444954,-3.4178489702517147,4.324675819984743,30
onion,joint,sentinel,turnover_difference,common_classes_n_ge_30,resnet_cosine_1nn,0.4325959827103999,-6.522768878718531,7.969984744469868,30
onion,joint,sentinel,turnover_difference,common_classes_n_ge_30,resnet_logit,0.9012458682939228,-5.930778032036612,6.6523646071700995,30
potato,joint,selected_probe,policy_BA_difference,all_original_classes,colour_logit,2.6355555555555523,-0.7316666666666599,7.277499999999993,30
potato,joint,selected_probe,policy_BA_difference,all_original_classes,dinov2_cosine_1nn,6.474444444444441,2.2533333333333316,12.104166666666659,30
potato,joint,selected_probe,policy_BA_difference,all_original_classes,dinov2_logit,1.9299999999999966,-0.1466666666666657,7.633333333333329,30
potato,joint,selected_probe,policy_BA_difference,all_original_classes,resnet_cosine_1nn,2.1366666666666654,-3.34999999999999,9.766666666666664,30
potato,joint,selected_probe,policy_BA_difference,all_original_classes,resnet_logit,1.704444444444441,-0.16999999999999574,6.049166666666659,30
potato,joint,selected_probe,policy_BA_difference,common_classes_n_ge_30,colour_logit,2.635555555555556,-0.7316666666666666,7.277499999999999,30
potato,joint,selected_probe,policy_BA_difference,common_classes_n_ge_30,dinov2_cosine_1nn,6.474444444444445,2.253333333333334,12.104166666666664,30
potato,joint,selected_probe,policy_BA_difference,common_classes_n_ge_30,dinov2_logit,1.9299999999999997,-0.1466666666666666,7.633333333333334,30
potato,joint,selected_probe,policy_BA_difference,common_classes_n_ge_30,resnet_cosine_1nn,2.1366666666666663,-3.35,9.766666666666666,30
potato,joint,selected_probe,policy_BA_difference,common_classes_n_ge_30,resnet_logit,1.7044444444444444,-0.16999999999999998,6.049166666666666,30
potato,joint,sentinel,turnover_difference,all_original_classes,colour_logit,-0.25444444444444464,-3.7658333333333296,1.5349999999999948,30
potato,joint,sentinel,turnover_difference,all_original_classes,dinov2_cosine_1nn,0.39999999999999897,-4.506666666666664,5.542499999999989,30
potato,joint,sentinel,turnover_difference,all_original_classes,dinov2_logit,-0.029999999999999326,-2.35416666666666,2.839166666666664,30
potato,joint,sentinel,turnover_difference,all_original_classes,resnet_cosine_1nn,0.05111111111111103,-5.184166666666659,3.189999999999991,30
potato,joint,sentinel,turnover_difference,all_original_classes,resnet_logit,-0.4333333333333327,-3.440833333333324,0.8608333333333299,30
potato,joint,sentinel,turnover_difference,common_classes_n_ge_30,colour_logit,-0.2544444444444444,-3.7658333333333323,1.534999999999999,30
potato,joint,sentinel,turnover_difference,common_classes_n_ge_30,dinov2_cosine_1nn,0.39999999999999963,-4.506666666666667,5.542499999999997,30
potato,joint,sentinel,turnover_difference,common_classes_n_ge_30,dinov2_logit,-0.02999999999999995,-2.354166666666666,2.839166666666665,30
potato,joint,sentinel,turnover_difference,common_classes_n_ge_30,resnet_cosine_1nn,0.051111111111110795,-5.184166666666666,3.189999999999997,30
potato,joint,sentinel,turnover_difference,common_classes_n_ge_30,resnet_logit,-0.4333333333333332,-3.440833333333333,0.8608333333333332,30
