path_in_full_archive,bytes,sha256,category,reason
PUBLIC_REPOSITORY_MIGRATION.md,1105,91c5be0fb023ddda092da41afad200639c5d8523c5182bcded6a71d64b92a159,redundant or full-archive audit artifact,Preserved in the full internal archive; compact release retains the governing summary or primary ledger.
PUBLIC_REPOSITORY_TEST_RESULTS.json,1832,e6690998cf619f3a0c5dea36d69ea5511835542544171d43c70008a76097a6ec,redundant or full-archive audit artifact,Preserved in the full internal archive; compact release retains the governing summary or primary ledger.
PUBLIC_REPOSITORY_TEST_RESULTS.md,1822,6afda2f6e83afeb3dc18b35df30061f0c4194da0cbb06b0f74fe8964071fbd60,redundant or full-archive audit artifact,Preserved in the full internal archive; compact release retains the governing summary or primary ledger.
PUBLIC_REPOSITORY_URL_PLACEHOLDERS.md,812,a60d89060b0c05cd918cc947263234ceab9bb5e98099e669503a4236e8d0fc6a,redundant or full-archive audit artifact,Preserved in the full internal archive; compact release retains the governing summary or primary ledger.
REPOSITORY_RELEASE_AUDIT.json,2805,821c069f270ac4c965fd6e5abe44347cfd653b29b81e318067129d97df31633f,redundant or full-archive audit artifact,Preserved in the full internal archive; compact release retains the governing summary or primary ledger.
REPOSITORY_RELEASE_AUDIT.md,1702,90baf0c8964334e55d83a7c106ffd575d6bcc1f1cb5e2e2a198316a0f7014408,redundant or full-archive audit artifact,Preserved in the full internal archive; compact release retains the governing summary or primary ledger.
audit/cold_augmented_hf/download_manifest.csv,3295346,c8a9273b3d2a2cd6e85d50c751e9047c986f7e28cc0574343dbc379f6ec113d4,redundant or full-archive audit artifact,Preserved in the full internal archive; compact release retains the governing summary or primary ledger.
audit/cold_augmented_hf/download_summary.json,345,57eb582237c07d282d32f1ddd1c8bea3bca4e43ff5b08c9a61eadd6925d3ce69,redundant or full-archive audit artifact,Preserved in the full internal archive; compact release retains the governing summary or primary ledger.
audit/cold_augmented_lineage/HuggingFace_README_snapshot.md,2215,8edd6780a4f5f80da83cbfa0b165de0a78fe12e70f795e74da19954db2927e9a,redundant or full-archive audit artifact,Preserved in the full internal archive; compact release retains the governing summary or primary ledger.
audit/cold_augmented_lineage/artifact_hashes.csv,1361,3133e06181712f62e644cb719fc20770d4b5b77ce9a8de833115068364d9824f,redundant or full-archive audit artifact,Preserved in the full internal archive; compact release retains the governing summary or primary ledger.
audit/cold_augmented_lineage/basic_image_audit/duplicate_groups.csv,44,bf8f5ca8988aba4bd0e701bbdbdf926880dd130feee2195238cb602f98f5d292,redundant or full-archive audit artifact,Preserved in the full internal archive; compact release retains the governing summary or primary ledger.
audit/cold_augmented_lineage/basic_image_audit/image_inventory.csv,970046,59b0bcd8ea1cfece88e0f65f72e04e3206439592462db0d321ff903915d3b44b,redundant or full-archive audit artifact,Preserved in the full internal archive; compact release retains the governing summary or primary ledger.
audit/cold_augmented_lineage/basic_image_audit/read_errors.csv,24,6a339dd65fb2f8ae804afbf9a00cc4b743823f35377e4d0f87eb559942df149b,redundant or full-archive audit artifact,Preserved in the full internal archive; compact release retains the governing summary or primary ledger.
audit/cold_augmented_lineage/family_feature_consistency.csv,70735,b979ceb9949680328b8d105b946758fc63f7f0e81ea3dea5507b5e716fe63b3e,redundant or full-archive audit artifact,Preserved in the full internal archive; compact release retains the governing summary or primary ledger.
audit/cold_augmented_lineage/raw_parquet_manifest.csv,201669,8c7b5babbb565eb1c9029633c29f9679fed567623b4f5d53ac482b7fe132748c,redundant or full-archive audit artifact,Preserved in the full internal archive; compact release retains the governing summary or primary ledger.
audit/cold_augmented_lineage/resnet18_embeddings.npz,9777873,6cf804b512ab193d72cc044550db76a2cdbbfdc09165deed4eb2cea1426de877,redundant or full-archive audit artifact,Preserved in the full internal archive; compact release retains the governing summary or primary ledger.
audit/cold_augmented_lineage/top_candidate_scores.csv,469750,7f105106db0ef9a769bda33ae770048864d55d2920e0d04a4aa0ce772582e7a3,redundant or full-archive audit artifact,Preserved in the full internal archive; compact release retains the governing summary or primary ledger.
audit/cold_raw_hf/download_manifest.csv,581845,bb68b63f31c98c94caac8306af3b42fa5dcbfdb9b5c8fd555dca4694b47a01c1,redundant or full-archive audit artifact,Preserved in the full internal archive; compact release retains the governing summary or primary ledger.
audit/cold_raw_hf/download_summary.json,331,a12379b29f20127a0d280e065b695e1ae69f7c7ea5144d24cdd2abb8ce34b527,redundant or full-archive audit artifact,Preserved in the full internal archive; compact release retains the governing summary or primary ledger.
audit/cold_raw_hf/image_audit/duplicate_groups.csv,980,b558339b4b53b5ecc1880192f9d52725993ecb979893f9881c2e2ee0acb5ad6d,redundant or full-archive audit artifact,Preserved in the full internal archive; compact release retains the governing summary or primary ledger.
audit/cold_raw_hf/image_audit/image_inventory.csv,167244,c01e2881f9c648f74c6147846ba4512aad3f811e479dbfc2c55d2dfc2428dfc2,redundant or full-archive audit artifact,Preserved in the full internal archive; compact release retains the governing summary or primary ledger.
audit/cold_raw_hf/image_audit/read_errors.csv,24,6a339dd65fb2f8ae804afbf9a00cc4b743823f35377e4d0f87eb559942df149b,redundant or full-archive audit artifact,Preserved in the full internal archive; compact release retains the governing summary or primary ledger.
audit/digigreen_non_onion_ood/download_manifest.csv,54145,91f68719911d7b4b5532d4768eaf5f76af2867d9f73b60b98a4b5c5c34dab93d,redundant or full-archive audit artifact,Preserved in the full internal archive; compact release retains the governing summary or primary ledger.
audit/digigreen_non_onion_ood/download_summary.json,194,599a4b7edf072ad6ecfa8754d64b2203ecafb444a24ad6d3284f71a4a3350f8a,redundant or full-archive audit artifact,Preserved in the full internal archive; compact release retains the governing summary or primary ledger.
audit/digigreen_onion/download_manifest.csv,14555,6c89d4c1d62c051ba3ed2a8df24c3ee45d6a26553734aea85cc80da6a95c238d,redundant or full-archive audit artifact,Preserved in the full internal archive; compact release retains the governing summary or primary ledger.
audit/digigreen_onion/download_summary.json,315,1ffbbd97950c67657c3a1b47c4e21acd65a5f7c1178a590bb93959ed262bf7ac,redundant or full-archive audit artifact,Preserved in the full internal archive; compact release retains the governing summary or primary ledger.
audit/independent_result_verification/ABLATION_REPAIR_AUDIT_TRAIL.md,3103,c7c70185b5977d9ab396d8b440066c49e96d5ed00cd180af67aae40d3aadf91e,redundant or full-archive audit artifact,Preserved in the full internal archive; compact release retains the governing summary or primary ledger.
audit/independent_result_verification/ablation_reproducibility_repair.patch,1904,2a978bf228a9a931a7fabf8322e9ee6e2a4a8ff23e67018646dbdf10e8cae32b,redundant or full-archive audit artifact,Preserved in the full internal archive; compact release retains the governing summary or primary ledger.
audit/independent_result_verification/audit_artifact_checksums.csv,3222,e2d093ad714e640b8709dec3c1e4f27aa500542e6f283f7d9d2b515e3bc498e2,redundant or full-archive audit artifact,Preserved in the full internal archive; compact release retains the governing summary or primary ledger.
audit/independent_result_verification/audited_input_checksums.csv,9651,bbccbba5df850eb8d7a9429d8a62d9f33abe7b6a2d67f14be871ef9f008689f4,redundant or full-archive audit artifact,Preserved in the full internal archive; compact release retains the governing summary or primary ledger.
audit/independent_result_verification/color_cache_unicode_migration.json,500,2193076768f56c7d2040e64ab9da5753ca0a8c3dbfd9b838da60f9d08a5b7ae1,redundant or full-archive audit artifact,Preserved in the full internal archive; compact release retains the governing summary or primary ledger.
audit/independent_result_verification/compare_ablation_rerun.py,3829,b180bee6a938e5a29a09f15efc943a7dafc2fa04ea9e6d6eef1207d2793ec7ae,redundant or full-archive audit artifact,Preserved in the full internal archive; compact release retains the governing summary or primary ledger.
audit/independent_result_verification/compare_deterministic_rerun.py,5755,405dfbde527ae612f7ce834635e37d64e19e2faf8393902bdef0664bc819a555,redundant or full-archive audit artifact,Preserved in the full internal archive; compact release retains the governing summary or primary ledger.
audit/independent_result_verification/decision.json,1189,2a53362c22f9739e87aa89d45e020d2feafeb95d1d9f2aaa574b3614727c0f33,redundant or full-archive audit artifact,Preserved in the full internal archive; compact release retains the governing summary or primary ledger.
audit/independent_result_verification/deterministic_ablation_rerun_comparison.csv,428,b05b21f21e9b9d221b7bcda7a79e05a8b4fbbc518143d7fa73123e00f44e1cf0,redundant or full-archive audit artifact,Preserved in the full internal archive; compact release retains the governing summary or primary ledger.
audit/independent_result_verification/deterministic_ablation_rerun_summary.json,427,72e5180f0516295ac386c34535990ecd7437a91fa666a759e0b453acd03384c3,redundant or full-archive audit artifact,Preserved in the full internal archive; compact release retains the governing summary or primary ledger.
audit/independent_result_verification/deterministic_rerun_comparison.csv,940,4ee04a04ea0d80de122e229a5c880fd893ad70ef71aa7fc51799fd7a2420dcf7,redundant or full-archive audit artifact,Preserved in the full internal archive; compact release retains the governing summary or primary ledger.
audit/independent_result_verification/deterministic_rerun_exact_file_comparison.csv,1073,a5f9893d6450c888afba145307095499b20b1bdbb6225ef5afa6972c3bf0b801,redundant or full-archive audit artifact,Preserved in the full internal archive; compact release retains the governing summary or primary ledger.
audit/independent_result_verification/deterministic_rerun_summary.json,426,7abce866958bab60938c54cb18fa1063903dd4ee956fcc4b6ff68fae3775880c,redundant or full-archive audit artifact,Preserved in the full internal archive; compact release retains the governing summary or primary ledger.
audit/independent_result_verification/freeze_manifest_file_verification.csv,15449,1306c66462c8f2742f5a23589ef9ad8281ce33ba6c6e827844aaabd961a05482,redundant or full-archive audit artifact,Preserved in the full internal archive; compact release retains the governing summary or primary ledger.
audit/independent_result_verification/freeze_manifest_verification_summary.json,452,6a52ad40359f87626df4d8e1657b09c5856b5d8a6e073ea39901f70cd1761386,redundant or full-archive audit artifact,Preserved in the full internal archive; compact release retains the governing summary or primary ledger.
audit/independent_result_verification/original_run_augmented_family_leakage_ablation.py,19725,bb8f51e9579be0d930118f4a1bbce972c22d88510051529f2ca12c2b93214b54,redundant or full-archive audit artifact,Preserved in the full internal archive; compact release retains the governing summary or primary ledger.
audit/independent_result_verification/recomputed_cold_paired_model_differences.csv,2280,a7b6371d4b267c3e2d9bb419d73cc4ced5415eb3a68aa65c3d0b225c22c750b5,redundant or full-archive audit artifact,Preserved in the full internal archive; compact release retains the governing summary or primary ledger.
audit/independent_result_verification/recomputed_metric_comparison.csv,49364,5397f58250bfda24851377a6754196160ec845effa41d7652976950ff850fa96,redundant or full-archive audit artifact,Preserved in the full internal archive; compact release retains the governing summary or primary ledger.
audit/independent_result_verification/recomputed_primary_image_hashes.csv,621980,fda3055228bd8d7642cce8bcf97c11b2b345908d846d4e0ecfeb436de22176cc,redundant or full-archive audit artifact,Preserved in the full internal archive; compact release retains the governing summary or primary ledger.
audit/independent_result_verification/repair_color_cache_unicode.py,2684,b56ab84e823b64f20b4beb00247ad23d5ded5dc1562eb41e85cf20bfe083a9e3,redundant or full-archive audit artifact,Preserved in the full internal archive; compact release retains the governing summary or primary ledger.
audit/independent_result_verification/reported_vs_recomputed_cold_paired_differences.csv,5796,1bb57a1e636c50377704a6be5aeaa05b18ccd820d00e25364a204d9a5c74f70d,redundant or full-archive audit artifact,Preserved in the full internal archive; compact release retains the governing summary or primary ledger.
audit/independent_result_verification/run_clean_ablation_rerun.py,1065,f3d561e04b4a2b8bc26f5da2f6fe61cee0cf7881dea69e4d992dc835ef882ab7,redundant or full-archive audit artifact,Preserved in the full internal archive; compact release retains the governing summary or primary ledger.
audit/independent_result_verification/run_clean_derived_analysis.py,877,ab4208e642b8546d9bb6d9a99c5393ba183239f971bb83f50b64ffd42fe0bcdf,redundant or full-archive audit artifact,Preserved in the full internal archive; compact release retains the governing summary or primary ledger.
audit/independent_result_verification/run_clean_rerun.py,1096,e61556963b4c658f0f2cf09b214663a0e20d227b319df7d02726ae1c89fa7029,redundant or full-archive audit artifact,Preserved in the full internal archive; compact release retains the governing summary or primary ledger.
audit/independent_result_verification/serialized_artifact_numeric_comparison.csv,1077,29ba196c26ce46bf79117dc25fa4d32c434c18184db23c4397e45c1417a66ec6,redundant or full-archive audit artifact,Preserved in the full internal archive; compact release retains the governing summary or primary ledger.
audit/independent_result_verification/verify_freeze_manifest.py,2675,7e60dd09e72a6ed7fc00098a4820ad845183154cc839c3627b6f5e9188770909,redundant or full-archive audit artifact,Preserved in the full internal archive; compact release retains the governing summary or primary ledger.
audit/independent_result_verification/verify_serialized_artifacts.py,3606,6fec3b5d719bdc4dc77ba97bb3f9d6656726913fd5cd865374c357d6987b1d29,redundant or full-archive audit artifact,Preserved in the full internal archive; compact release retains the governing summary or primary ledger.
audit/tom2024_category_a_all/duplicate_groups.csv,230243,665411603aff9e77166c7dfa10291d6f4227d660387892d3b4060d3154532e26,redundant or full-archive audit artifact,Preserved in the full internal archive; compact release retains the governing summary or primary ledger.
audit/tom2024_category_a_all/image_inventory.csv,3183955,9de050454d7aedc06504af72b9b1d950b4acc2e8a3b20448b1c3d16f22f95c30,redundant or full-archive audit artifact,Preserved in the full internal archive; compact release retains the governing summary or primary ledger.
audit/tom2024_category_a_all/read_errors.csv,24,6a339dd65fb2f8ae804afbf9a00cc4b743823f35377e4d0f87eb559942df149b,redundant or full-archive audit artifact,Preserved in the full internal archive; compact release retains the governing summary or primary ledger.
audit/tom2024_category_a_onion/audit_summary.json,359,2969ee238c5103963920e89eb5ad8fd766654a585b3112867969f94c11c95856,redundant or full-archive audit artifact,Preserved in the full internal archive; compact release retains the governing summary or primary ledger.
audit/tom2024_category_a_onion/clean_source_representatives.csv,546612,52a043b50f936c193f351387d8e0ddba0bd012ffba471fac35c2cc88dd333a0a,redundant or full-archive audit artifact,Preserved in the full internal archive; compact release retains the governing summary or primary ledger.
audit/tom2024_category_a_onion/clean_source_summary.json,289,e0e5f418e4eb3ad7a6dbe5c0ac3b0e8fbbe099b1ba02e4f003588caea75f1243,redundant or full-archive audit artifact,Preserved in the full internal archive; compact release retains the governing summary or primary ledger.
audit/tom2024_category_a_onion/day_confounding/class_by_acquisition_day.csv,2446,4241832f39991d5b0ccd74e5dc0e2ed868af541911970a785ce6907e13390ed3,redundant or full-archive audit artifact,Preserved in the full internal archive; compact release retains the governing summary or primary ledger.
audit/tom2024_category_a_onion/day_confounding/summary.json,630,58d4fbb5f926218d39d113c5dc44197e9be2472f8850951618c89ca0ea83fde1,redundant or full-archive audit artifact,Preserved in the full internal archive; compact release retains the governing summary or primary ledger.
audit/tom2024_category_a_onion/exact_duplicate_groups.csv,38815,3f0838783ba44daefa4f0a55443a7d171ff44422c104f0a91b0fbcc546765b1c,redundant or full-archive audit artifact,Preserved in the full internal archive; compact release retains the governing summary or primary ledger.
audit/tom2024_category_a_onion/image_inventory.csv,850088,6b59e4cccba8df76cf4e8ebb3c9151c427581f16ab884b1db54cb51d1a63e836,redundant or full-archive audit artifact,Preserved in the full internal archive; compact release retains the governing summary or primary ledger.
audit/tom2024_category_a_onion/source_groups/cross_label_source_group_members.csv,7565,026a19d1cceccbe1fba4c0d3f633a16f5e7493a6a9a5b4e64861731c16bfd101,redundant or full-archive audit artifact,Preserved in the full internal archive; compact release retains the governing summary or primary ledger.
audit/tom2024_category_a_onion/source_groups/source_group_members.csv,434066,8a6dd9e53c7be7723c1fb8ab14ef33cea00cd310551f60bd63a1dc6d663b0080,redundant or full-archive audit artifact,Preserved in the full internal archive; compact release retains the governing summary or primary ledger.
audit/tom2024_category_a_onion/source_groups/source_group_summary.json,235,3577a41558c6e9145edf623ff7847532190c160390e43d2a23d215b80fde33a9,redundant or full-archive audit artifact,Preserved in the full internal archive; compact release retains the governing summary or primary ledger.
audit/tom2024_category_a_onion/source_groups/source_groups.csv,156670,d2e415244a2c86c171e2e837ef94a09b7765f70f0c375f12d69e2bff7774d538,redundant or full-archive audit artifact,Preserved in the full internal archive; compact release retains the governing summary or primary ledger.
audit/tom2024_category_a_onion/source_groups/unparsed_files.csv,24,b4499b57834cd7bb6c00db525f8167dc34f9da4f75cdc5e58ddd602f1f119efa,redundant or full-archive audit artifact,Preserved in the full internal archive; compact release retains the governing summary or primary ledger.
audit/tom2024_labelled/duplicate_groups.csv,67322,bd22c2fb2cfc6a6b5ef920f2529391d8e25e86dc7ccb895d8937351f5f6ea9a9,redundant or full-archive audit artifact,Preserved in the full internal archive; compact release retains the governing summary or primary ledger.
audit/tom2024_labelled/image_inventory.csv,217179,519b1b32c0caca0c41712f7e8405dfe836de86e18cf796b8c727ca7619abb774,redundant or full-archive audit artifact,Preserved in the full internal archive; compact release retains the governing summary or primary ledger.
audit/tom2024_labelled/read_errors.csv,24,6a339dd65fb2f8ae804afbf9a00cc4b743823f35377e4d0f87eb559942df149b,redundant or full-archive audit artifact,Preserved in the full internal archive; compact release retains the governing summary or primary ledger.
features/cold_augmented_color_shortcut.npz,1703207,24a783bb1442262076f725a056f610e34694d6d21d0c2148e82e987f705ce790,derived feature cache,Reconstruct from public images with the released feature-extraction code.
features/convnext_tiny.json,930,7bbae448fd0231686773a6ed222ea68aced08000d496b2ab27b1a8360d7fe4d3,derived feature cache,Reconstruct from public images with the released feature-extraction code.
features/convnext_tiny.npz,9902090,07929a2ab60e7eefdc57bca7713503982b3e1a598024ed762638b57486b5b4f7,derived feature cache,Reconstruct from public images with the released feature-extraction code.
features/efficientnet_b0.json,930,3f7354a7bfa6899480cf0efc24b2cc0b40f367e1d9679f04c046dc7aff4c9496,derived feature cache,Reconstruct from public images with the released feature-extraction code.
features/efficientnet_b0.npz,16355742,ce458767f10489195f23b27bc71a56df85674b631172721544868c84726c9967,derived feature cache,Reconstruct from public images with the released feature-extraction code.
features/handcrafted.json,221,64d5823793e428088bb51aed988b39c1e65cab6efa821b1a585167720e854b9e,derived feature cache,Reconstruct from public images with the released feature-extraction code.
features/handcrafted.npz,21122256,ba81c01ad64fcdb68adeafa3a27d8ca3d396a8c3d253cc607b5b4cbe20311a67,derived feature cache,Reconstruct from public images with the released feature-extraction code.
features/resnet18.json,398,d571dfa36ae7d746c3533af0760b43bf96afb2277b8957a864dde8443ae8463b,derived feature cache,Reconstruct from public images with the released feature-extraction code.
features/resnet18.npz,6358361,a0127be9efd0361541e6fad667f2e68ada436e9735f57c9e69a0eecccf0621db,derived feature cache,Reconstruct from public images with the released feature-extraction code.
features/swin_t.json,914,28ad60fe9ecfe1d94d7d103ff404919cdde3dd33f19609bf9ba5d31be8e24c03,derived feature cache,Reconstruct from public images with the released feature-extraction code.
features/swin_t.npz,9869871,29875336933febe736e8abda2dbbe7e65d2023264d4b521ae70afad680e40954,derived feature cache,Reconstruct from public images with the released feature-extraction code.
features/tom_all_foliar_nonconflict_exactdedup_resnet18.npz,3803738,1c9005cc11a07d1e73617aaf72b5a0caaf68cbcd1780d5984edc2ef6a11cfbda,derived feature cache,Reconstruct from public images with the released feature-extraction code.
manuscript/figure_pipeline/generate_publication_figures.py,20586,447e6673bf2795a91422f4806f4c9baa44498796dcc4d7f4cc4f028bca341d75,redundant or full-archive audit artifact,Preserved in the full internal archive; compact release retains the governing summary or primary ledger.
metadata/digigreen_onion_rows.json,13205,93c1518bc02bad57967d0b2e8535dc988c0c64a8e406112f87f5ddf344ec1671,redundant or full-archive audit artifact,Preserved in the full internal archive; compact release retains the governing summary or primary ledger.
metadata/digigreen_rows.json,582613,694adb8b3ccff0dce135196a94321e43f9a9bcaaf53348660e5bccaafa23de8e,redundant or full-archive audit artifact,Preserved in the full internal archive; compact release retains the governing summary or primary ledger.
metadata/hf_cold_rows0.json,3704,c8c3e64a51714e464c5ab887275a7f6b56bb1efa56be7f3d4ed0feacdc496935,redundant or full-archive audit artifact,Preserved in the full internal archive; compact release retains the governing summary or primary ledger.
metadata/hf_cold_tree.json,3460,609d9113118a374ec29433feb8cad15be8914df30fc38953bdd83e4de6b777b9,redundant or full-archive audit artifact,Preserved in the full internal archive; compact release retains the governing summary or primary ledger.
results/cold_augmented_leakage_ablation_v1/figures/file_vs_family_split.pdf,17678,e4f49fb7f6155261f6fdcd8f3314abe1b40363bc1b41d1df4b16ecf9f8972b1e,redundant or full-archive audit artifact,Preserved in the full internal archive; compact release retains the governing summary or primary ledger.
results/cold_augmented_leakage_ablation_v1/split_manifests/all_repeated_split_membership.csv,44615383,9825c50e9e166623914b293cf9f8ea973699741e9628072a37080fcda90828e7,expanded repeated-split membership ledger,"Large row-expanded ledger; seeds, split code and repeated metric outputs are retained."
results/reliability_benchmark_v1/audit/development_external_sha256.csv,995017,11a286fcf04fe7578386f030d90537d57ce5030fe483b7ce4b6ee846858a7520,redundant or full-archive audit artifact,Preserved in the full internal archive; compact release retains the governing summary or primary ledger.
results/reliability_benchmark_v1/audit/evidence_freeze_manifest.csv,9864,bfdb3a76c2970576ef920ad01e90736e5e81933d53cf60844858b1c7176cc896,redundant or full-archive audit artifact,Preserved in the full internal archive; compact release retains the governing summary or primary ledger.
results/reliability_benchmark_v1/audit/evidence_freeze_summary.json,1048,040420d96bd1b1e58305c3b01a7796a97bb15c98c8297af764a01de7d7436f8a,redundant or full-archive audit artifact,Preserved in the full internal archive; compact release retains the governing summary or primary ledger.
results/reliability_benchmark_v1/audit/serialized_model_prediction_consistency.csv,875,806d5464ad56b931afd611e0e010b0e67e3bfa964f70a448992c2dad0fa9319f,redundant or full-archive audit artifact,Preserved in the full internal archive; compact release retains the governing summary or primary ledger.
results/reliability_benchmark_v1/figures/cold_external_metrics.pdf,20936,d9efc1cd0df63c03117cf655665afce69f117e3db4f77632e5691de58671044d,redundant or full-archive audit artifact,Preserved in the full internal archive; compact release retains the governing summary or primary ledger.
results/reliability_benchmark_v1/figures/cold_external_reliability.pdf,17998,b42f15384cdbacf1a38daec78c4583755c1b4a2f645eb0ec8bd381930b8549a7,redundant or full-archive audit artifact,Preserved in the full internal archive; compact release retains the governing summary or primary ledger.
results/reliability_benchmark_v1/models/color_shortcut_logit.joblib,33002,7cbfae39abb867f61c272245b59fe9cb98357c7103b8d19749eb9e8775f45587,serialized fitted estimator copy,Regenerable from public images/features; per-image locked predictions are retained.
results/reliability_benchmark_v1/models/convnext_tiny_logit.joblib,50953,b2c7baaf8a4a4300605b128b9bbf1788c9a5cd9409a953573bc4982bf655d747,serialized fitted estimator copy,Regenerable from public images/features; per-image locked predictions are retained.
results/reliability_benchmark_v1/models/efficientnet_b0_logit.joblib,66795,6d5b365bd39acab9f5034918a55c73c10abfbe851b1a8e177ace9c1b7c5ddb82,serialized fitted estimator copy,Regenerable from public images/features; per-image locked predictions are retained.
results/reliability_benchmark_v1/models/handcrafted_logit.joblib,86574,e8f8afa957e3b7b5ad38191230a245cdc60aced1e38a6ede81851bf866203215,serialized fitted estimator copy,Regenerable from public images/features; per-image locked predictions are retained.
results/reliability_benchmark_v1/models/model_summary.json,2894,9c827fbfddb12754d386e98b223742a53d7110333ee3f9cd703097193482c0a4,serialized fitted estimator copy,Regenerable from public images/features; per-image locked predictions are retained.
results/reliability_benchmark_v1/models/prior_prevalence.joblib,1733,0c82012c356fd63950e45942e17e03a976d45d8cf470cfd3b9f082a5385210e6,serialized fitted estimator copy,Regenerable from public images/features; per-image locked predictions are retained.
results/reliability_benchmark_v1/models/resnet18_logit.joblib,43050,c0fdb20cdc57a7926ff1b4bb0618ba9f86f397bf29a95ae858028b3f7684a762,serialized fitted estimator copy,Regenerable from public images/features; per-image locked predictions are retained.
results/reliability_benchmark_v1/models/swin_t_logit.joblib,50852,25899f999762fef1f0e3de062ebd406185d20d3d4ca8b21c6073f98c726f2b93,serialized fitted estimator copy,Regenerable from public images/features; per-image locked predictions are retained.
results/tom_split_severity_sensitivity_v1/figures/split_severity_balanced_accuracy.pdf,15899,ce2c750cc91218c5a2da434f4fc5de3f4950bc1a9e9c5a8058400c7deb051845,redundant or full-archive audit artifact,Preserved in the full internal archive; compact release retains the governing summary or primary ledger.
results/tom_split_severity_sensitivity_v1/split_manifests/all_repeated_split_membership.csv,45357874,a4a7df238018da6816b80603961d47f86e4b10ccb4cf8c21594cee7f9a786208,expanded repeated-split membership ledger,"Large row-expanded ledger; seeds, split code and repeated metric outputs are retained."
scripts/audit_repository_release.py,16267,86ea64ec0545d5e32e2ad26ab60993249d564950e4242a0a543d3cec7232e0e5,redundant or full-archive audit artifact,Preserved in the full internal archive; compact release retains the governing summary or primary ledger.
scripts/recompute_frozen_evidence.py,4627,9f806f924838b36ad25d47d4081878589356894e90d70dc6af945afffeff9450,redundant or full-archive audit artifact,Preserved in the full internal archive; compact release retains the governing summary or primary ledger.
scripts/refit_from_frozen_features.py,5498,96179edce980fa82f30a91c2384f2f438afd5b0fc1fb29e0c4a4924a2f47ac24,redundant or full-archive audit artifact,Preserved in the full internal archive; compact release retains the governing summary or primary ledger.
scripts/verify_public_repository.py,1703,3df45684adaaa6691b7650d0995ac4fb3194eb20b90cc4214dbb535e2dcab14c,redundant or full-archive audit artifact,Preserved in the full internal archive; compact release retains the governing summary or primary ledger.
verification_output/offline_evidence_recomputation.json,838,8e3937919452fc487fc4828c47cfd76c31d3e947169143c903250f1af1e26494,redundant or full-archive audit artifact,Preserved in the full internal archive; compact release retains the governing summary or primary ledger.
