dataset,model,endpoint,panel,metric,repetition,seed,value_pp
Onion archive,resnet_logit,binary_healthy_other,selected_probe,policy_BA_difference,0,20261003,4.59130434782608
Onion archive,resnet_logit,binary_healthy_other,selected_probe,policy_BA_difference,1,20261004,5.0434782608695601
Onion archive,resnet_logit,binary_healthy_other,selected_probe,policy_BA_difference,2,20261005,6.3130434782608607
Onion archive,resnet_logit,binary_healthy_other,selected_probe,policy_BA_difference,3,20261006,7.3652173913043404
Onion archive,resnet_logit,binary_healthy_other,selected_probe,policy_BA_difference,4,20261007,6.7478260869565192
Onion archive,resnet_logit,binary_healthy_other,selected_probe,policy_BA_difference,5,20261008,5.8260869565217304
Onion archive,resnet_logit,binary_healthy_other,selected_probe,policy_BA_difference,6,20261009,5.1913043478260796
Onion archive,resnet_logit,binary_healthy_other,selected_probe,policy_BA_difference,7,20261010,6.0086956521739099
Onion archive,resnet_logit,binary_healthy_other,selected_probe,policy_BA_difference,8,20261011,10.043478260869559
Onion archive,resnet_logit,binary_healthy_other,selected_probe,policy_BA_difference,9,20261012,5.7999999999999901
Onion archive,resnet_logit,binary_healthy_other,selected_probe,policy_BA_difference,10,20261013,5.75652173913043
Onion archive,resnet_logit,binary_healthy_other,selected_probe,policy_BA_difference,11,20261014,6.8956521739130405
Onion archive,resnet_logit,binary_healthy_other,selected_probe,policy_BA_difference,12,20261015,7.75652173913043
Onion archive,resnet_logit,binary_healthy_other,selected_probe,policy_BA_difference,13,20261016,6.4956521739130402
Onion archive,resnet_logit,binary_healthy_other,selected_probe,policy_BA_difference,14,20261017,6.1913043478260796
Onion archive,resnet_logit,binary_healthy_other,selected_probe,policy_BA_difference,15,20261018,2.7913043478260802
Onion archive,resnet_logit,binary_healthy_other,selected_probe,policy_BA_difference,16,20261019,5.4086956521739102
Onion archive,resnet_logit,binary_healthy_other,selected_probe,policy_BA_difference,17,20261020,9.4521739130434703
Onion archive,resnet_logit,binary_healthy_other,selected_probe,policy_BA_difference,18,20261021,4.5217391304347796
Onion archive,resnet_logit,binary_healthy_other,selected_probe,policy_BA_difference,19,20261022,5.0956521739130398
Onion archive,resnet_logit,binary_healthy_other,selected_probe,policy_BA_difference,20,20261023,10.252173913043471
Onion archive,resnet_logit,binary_healthy_other,selected_probe,policy_BA_difference,21,20261024,5.2173913043478199
Onion archive,resnet_logit,binary_healthy_other,selected_probe,policy_BA_difference,22,20261025,2.5391304347826003
Onion archive,resnet_logit,binary_healthy_other,selected_probe,policy_BA_difference,23,20261026,9.7913043478260793
Onion archive,resnet_logit,binary_healthy_other,selected_probe,policy_BA_difference,24,20261027,4.7130434782608699
Onion archive,resnet_logit,binary_healthy_other,selected_probe,policy_BA_difference,25,20261028,9.6869565217391198
Onion archive,resnet_logit,binary_healthy_other,selected_probe,policy_BA_difference,26,20261029,8.7130434782608699
Onion archive,resnet_logit,binary_healthy_other,selected_probe,policy_BA_difference,27,20261030,7.3565217391304296
Onion archive,resnet_logit,binary_healthy_other,selected_probe,policy_BA_difference,28,20261031,6.5391304347826003
Onion archive,resnet_logit,binary_healthy_other,selected_probe,policy_BA_difference,29,20261032,9.1478260869565204
Onion archive,resnet_logit,binary_healthy_other,sentinel,turnover_difference,0,20261003,-1.4173913043478199
Onion archive,resnet_logit,binary_healthy_other,sentinel,turnover_difference,1,20261004,-2.7043478260869498
Onion archive,resnet_logit,binary_healthy_other,sentinel,turnover_difference,2,20261005,-1.1217391304347801
Onion archive,resnet_logit,binary_healthy_other,sentinel,turnover_difference,3,20261006,-0.21739130434782003
Onion archive,resnet_logit,binary_healthy_other,sentinel,turnover_difference,4,20261007,-2.37391304347826
Onion archive,resnet_logit,binary_healthy_other,sentinel,turnover_difference,5,20261008,-2.8521739130434698
Onion archive,resnet_logit,binary_healthy_other,sentinel,turnover_difference,6,20261009,-0.99130434782608001
Onion archive,resnet_logit,binary_healthy_other,sentinel,turnover_difference,7,20261010,-0.93043478260868995
Onion archive,resnet_logit,binary_healthy_other,sentinel,turnover_difference,8,20261011,1.4347826086956501
Onion archive,resnet_logit,binary_healthy_other,sentinel,turnover_difference,9,20261012,-2.0173913043478198
Onion archive,resnet_logit,binary_healthy_other,sentinel,turnover_difference,10,20261013,3.0434782608695601
Onion archive,resnet_logit,binary_healthy_other,sentinel,turnover_difference,11,20261014,-0.40000000000000002
Onion archive,resnet_logit,binary_healthy_other,sentinel,turnover_difference,12,20261015,-0.13913043478260001
Onion archive,resnet_logit,binary_healthy_other,sentinel,turnover_difference,13,20261016,1.5043478260869501
Onion archive,resnet_logit,binary_healthy_other,sentinel,turnover_difference,14,20261017,0.97391304347825991
Onion archive,resnet_logit,binary_healthy_other,sentinel,turnover_difference,15,20261018,-1.33043478260869
Onion archive,resnet_logit,binary_healthy_other,sentinel,turnover_difference,16,20261019,-0.23478260869565001
Onion archive,resnet_logit,binary_healthy_other,sentinel,turnover_difference,17,20261020,1.70434782608695
Onion archive,resnet_logit,binary_healthy_other,sentinel,turnover_difference,18,20261021,-0.49565217391304001
Onion archive,resnet_logit,binary_healthy_other,sentinel,turnover_difference,19,20261022,1.6695652173913
Onion archive,resnet_logit,binary_healthy_other,sentinel,turnover_difference,20,20261023,-1.4347826086956501
Onion archive,resnet_logit,binary_healthy_other,sentinel,turnover_difference,21,20261024,-0.21739130434782003
Onion archive,resnet_logit,binary_healthy_other,sentinel,turnover_difference,22,20261025,2.1913043478260801
Onion archive,resnet_logit,binary_healthy_other,sentinel,turnover_difference,23,20261026,2.2173913043478199
Onion archive,resnet_logit,binary_healthy_other,sentinel,turnover_difference,24,20261027,0.43478260869565
Onion archive,resnet_logit,binary_healthy_other,sentinel,turnover_difference,25,20261028,-1.3391304347826001
Onion archive,resnet_logit,binary_healthy_other,sentinel,turnover_difference,26,20261029,0.095652173913039998
Onion archive,resnet_logit,binary_healthy_other,sentinel,turnover_difference,27,20261030,1.3217391304347801
Onion archive,resnet_logit,binary_healthy_other,sentinel,turnover_difference,28,20261031,-0.46956521739130003
Onion archive,resnet_logit,binary_healthy_other,sentinel,turnover_difference,29,20261032,-2.2173913043478199
Onion archive,colour_logit,binary_healthy_other,selected_probe,policy_BA_difference,0,20261003,16.999999999999989
Onion archive,colour_logit,binary_healthy_other,selected_probe,policy_BA_difference,1,20261004,14.11304347826087
Onion archive,colour_logit,binary_healthy_other,selected_probe,policy_BA_difference,2,20261005,6.4608695652173909
Onion archive,colour_logit,binary_healthy_other,selected_probe,policy_BA_difference,3,20261006,9.9391304347825997
Onion archive,colour_logit,binary_healthy_other,selected_probe,policy_BA_difference,4,20261007,12.44347826086956
Onion archive,colour_logit,binary_healthy_other,selected_probe,policy_BA_difference,5,20261008,12.582608695652169
Onion archive,colour_logit,binary_healthy_other,selected_probe,policy_BA_difference,6,20261009,14.695652173913039
Onion archive,colour_logit,binary_healthy_other,selected_probe,policy_BA_difference,7,20261010,9.4434782608695595
Onion archive,colour_logit,binary_healthy_other,selected_probe,policy_BA_difference,8,20261011,12.226086956521739
Onion archive,colour_logit,binary_healthy_other,selected_probe,policy_BA_difference,9,20261012,11.17391304347826
Onion archive,colour_logit,binary_healthy_other,selected_probe,policy_BA_difference,10,20261013,12.504347826086951
Onion archive,colour_logit,binary_healthy_other,selected_probe,policy_BA_difference,11,20261014,10.330434782608689
Onion archive,colour_logit,binary_healthy_other,selected_probe,policy_BA_difference,12,20261015,10.0695652173913
Onion archive,colour_logit,binary_healthy_other,selected_probe,policy_BA_difference,13,20261016,8.8521739130434707
Onion archive,colour_logit,binary_healthy_other,selected_probe,policy_BA_difference,14,20261017,9.3304347826086911
Onion archive,colour_logit,binary_healthy_other,selected_probe,policy_BA_difference,15,20261018,11.799999999999999
Onion archive,colour_logit,binary_healthy_other,selected_probe,policy_BA_difference,16,20261019,18.791304347826081
Onion archive,colour_logit,binary_healthy_other,selected_probe,policy_BA_difference,17,20261020,13.678260869565209
Onion archive,colour_logit,binary_healthy_other,selected_probe,policy_BA_difference,18,20261021,12.513043478260871
Onion archive,colour_logit,binary_healthy_other,selected_probe,policy_BA_difference,19,20261022,12.95652173913043
Onion archive,colour_logit,binary_healthy_other,selected_probe,policy_BA_difference,20,20261023,9.7913043478260793
Onion archive,colour_logit,binary_healthy_other,selected_probe,policy_BA_difference,21,20261024,15.408695652173909
Onion archive,colour_logit,binary_healthy_other,selected_probe,policy_BA_difference,22,20261025,12.36521739130434
Onion archive,colour_logit,binary_healthy_other,selected_probe,policy_BA_difference,23,20261026,17.408695652173911
Onion archive,colour_logit,binary_healthy_other,selected_probe,policy_BA_difference,24,20261027,14.373913043478259
Onion archive,colour_logit,binary_healthy_other,selected_probe,policy_BA_difference,25,20261028,16.139130434782601
Onion archive,colour_logit,binary_healthy_other,selected_probe,policy_BA_difference,26,20261029,11.70434782608695
Onion archive,colour_logit,binary_healthy_other,selected_probe,policy_BA_difference,27,20261030,10.22608695652173
Onion archive,colour_logit,binary_healthy_other,selected_probe,policy_BA_difference,28,20261031,9.7826086956521703
Onion archive,colour_logit,binary_healthy_other,selected_probe,policy_BA_difference,29,20261032,16.34782608695652
Onion archive,colour_logit,binary_healthy_other,sentinel,turnover_difference,0,20261003,0.82608695652173003
Onion archive,colour_logit,binary_healthy_other,sentinel,turnover_difference,1,20261004,-4.4086956521739102
Onion archive,colour_logit,binary_healthy_other,sentinel,turnover_difference,2,20261005,0.78260869565216995
Onion archive,colour_logit,binary_healthy_other,sentinel,turnover_difference,3,20261006,-1.4347826086956501
Onion archive,colour_logit,binary_healthy_other,sentinel,turnover_difference,4,20261007,-1.2347826086956499
Onion archive,colour_logit,binary_healthy_other,sentinel,turnover_difference,5,20261008,0.46956521739130003
Onion archive,colour_logit,binary_healthy_other,sentinel,turnover_difference,6,20261009,-0.33913043478260002
Onion archive,colour_logit,binary_healthy_other,sentinel,turnover_difference,7,20261010,-2.7217391304347802
Onion archive,colour_logit,binary_healthy_other,sentinel,turnover_difference,8,20261011,-3.5217391304347796
Onion archive,colour_logit,binary_healthy_other,sentinel,turnover_difference,9,20261012,1.09565217391304
Onion archive,colour_logit,binary_healthy_other,sentinel,turnover_difference,10,20261013,3.5739130434782598
Onion archive,colour_logit,binary_healthy_other,sentinel,turnover_difference,11,20261014,2.0869565217391299
Onion archive,colour_logit,binary_healthy_other,sentinel,turnover_difference,12,20261015,-2.90434782608695
Onion archive,colour_logit,binary_healthy_other,sentinel,turnover_difference,13,20261016,-2.6000000000000001
Onion archive,colour_logit,binary_healthy_other,sentinel,turnover_difference,14,20261017,1.05217391304347
Onion archive,colour_logit,binary_healthy_other,sentinel,turnover_difference,15,20261018,-4.1130434782608605
Onion archive,colour_logit,binary_healthy_other,sentinel,turnover_difference,16,20261019,0.81739130434782004
Onion archive,colour_logit,binary_healthy_other,sentinel,turnover_difference,17,20261020,3.8869565217391302
Onion archive,colour_logit,binary_healthy_other,sentinel,turnover_difference,18,20261021,2.75652173913043
Onion archive,colour_logit,binary_healthy_other,sentinel,turnover_difference,19,20261022,5.2260869565217298
Onion archive,colour_logit,binary_healthy_other,sentinel,turnover_difference,20,20261023,-3.5217391304347796
Onion archive,colour_logit,binary_healthy_other,sentinel,turnover_difference,21,20261024,1.2869565217391301
Onion archive,colour_logit,binary_healthy_other,sentinel,turnover_difference,22,20261025,-0.83478260869565002
Onion archive,colour_logit,binary_healthy_other,sentinel,turnover_difference,23,20261026,-0.026086956521730001
Onion archive,colour_logit,binary_healthy_other,sentinel,turnover_difference,24,20261027,-3.1999999999999895
Onion archive,colour_logit,binary_healthy_other,sentinel,turnover_difference,25,20261028,-1.2260869565217301
Onion archive,colour_logit,binary_healthy_other,sentinel,turnover_difference,26,20261029,8.9739130434782606
Onion archive,colour_logit,binary_healthy_other,sentinel,turnover_difference,27,20261030,-6.9388939039072284e-16
Onion archive,colour_logit,binary_healthy_other,sentinel,turnover_difference,28,20261031,5.0782608695652094
Onion archive,colour_logit,binary_healthy_other,sentinel,turnover_difference,29,20261032,2.8434782608695599
Onion archive,resnet_cosine_1nn,binary_healthy_other,selected_probe,policy_BA_difference,0,20261003,22.486956521739128
Onion archive,resnet_cosine_1nn,binary_healthy_other,selected_probe,policy_BA_difference,1,20261004,26.713043478260868
Onion archive,resnet_cosine_1nn,binary_healthy_other,selected_probe,policy_BA_difference,2,20261005,23.434782608695652
Onion archive,resnet_cosine_1nn,binary_healthy_other,selected_probe,policy_BA_difference,3,20261006,25.165217391304338
Onion archive,resnet_cosine_1nn,binary_healthy_other,selected_probe,policy_BA_difference,4,20261007,24.791304347826078
Onion archive,resnet_cosine_1nn,binary_healthy_other,selected_probe,policy_BA_difference,5,20261008,23.426086956521729
Onion archive,resnet_cosine_1nn,binary_healthy_other,selected_probe,policy_BA_difference,6,20261009,31.626086956521739
Onion archive,resnet_cosine_1nn,binary_healthy_other,selected_probe,policy_BA_difference,7,20261010,30.573913043478264
Onion archive,resnet_cosine_1nn,binary_healthy_other,selected_probe,policy_BA_difference,8,20261011,32.834782608695647
Onion archive,resnet_cosine_1nn,binary_healthy_other,selected_probe,policy_BA_difference,9,20261012,29.373913043478261
Onion archive,resnet_cosine_1nn,binary_healthy_other,selected_probe,policy_BA_difference,10,20261013,19.669565217391298
Onion archive,resnet_cosine_1nn,binary_healthy_other,selected_probe,policy_BA_difference,11,20261014,25.365217391304341
Onion archive,resnet_cosine_1nn,binary_healthy_other,selected_probe,policy_BA_difference,12,20261015,29.130434782608688
Onion archive,resnet_cosine_1nn,binary_healthy_other,selected_probe,policy_BA_difference,13,20261016,31.88695652173913
Onion archive,resnet_cosine_1nn,binary_healthy_other,selected_probe,policy_BA_difference,14,20261017,27.243478260869558
Onion archive,resnet_cosine_1nn,binary_healthy_other,selected_probe,policy_BA_difference,15,20261018,28.60869565217391
Onion archive,resnet_cosine_1nn,binary_healthy_other,selected_probe,policy_BA_difference,16,20261019,30.521739130434778
Onion archive,resnet_cosine_1nn,binary_healthy_other,selected_probe,policy_BA_difference,17,20261020,29.182608695652178
Onion archive,resnet_cosine_1nn,binary_healthy_other,selected_probe,policy_BA_difference,18,20261021,19.87826086956521
Onion archive,resnet_cosine_1nn,binary_healthy_other,selected_probe,policy_BA_difference,19,20261022,24.513043478260872
Onion archive,resnet_cosine_1nn,binary_healthy_other,selected_probe,policy_BA_difference,20,20261023,18.76521739130434
Onion archive,resnet_cosine_1nn,binary_healthy_other,selected_probe,policy_BA_difference,21,20261024,29.713043478260872
Onion archive,resnet_cosine_1nn,binary_healthy_other,selected_probe,policy_BA_difference,22,20261025,24.399999999999999
Onion archive,resnet_cosine_1nn,binary_healthy_other,selected_probe,policy_BA_difference,23,20261026,30.208695652173912
Onion archive,resnet_cosine_1nn,binary_healthy_other,selected_probe,policy_BA_difference,24,20261027,27.982608695652178
Onion archive,resnet_cosine_1nn,binary_healthy_other,selected_probe,policy_BA_difference,25,20261028,23.799999999999997
Onion archive,resnet_cosine_1nn,binary_healthy_other,selected_probe,policy_BA_difference,26,20261029,27.57391304347826
Onion archive,resnet_cosine_1nn,binary_healthy_other,selected_probe,policy_BA_difference,27,20261030,27.530434782608694
Onion archive,resnet_cosine_1nn,binary_healthy_other,selected_probe,policy_BA_difference,28,20261031,25.426086956521736
Onion archive,resnet_cosine_1nn,binary_healthy_other,selected_probe,policy_BA_difference,29,20261032,19.913043478260871
Onion archive,resnet_cosine_1nn,binary_healthy_other,sentinel,turnover_difference,0,20261003,-3.2173913043478199
Onion archive,resnet_cosine_1nn,binary_healthy_other,sentinel,turnover_difference,1,20261004,-1.8434782608695601
Onion archive,resnet_cosine_1nn,binary_healthy_other,sentinel,turnover_difference,2,20261005,2.8260869565217299
Onion archive,resnet_cosine_1nn,binary_healthy_other,sentinel,turnover_difference,3,20261006,2.1130434782608698
Onion archive,resnet_cosine_1nn,binary_healthy_other,sentinel,turnover_difference,4,20261007,-0.83478260869565002
Onion archive,resnet_cosine_1nn,binary_healthy_other,sentinel,turnover_difference,5,20261008,-0.86956521739129999
Onion archive,resnet_cosine_1nn,binary_healthy_other,sentinel,turnover_difference,6,20261009,-1.5304347826086899
Onion archive,resnet_cosine_1nn,binary_healthy_other,sentinel,turnover_difference,7,20261010,-2.0869565217391299
Onion archive,resnet_cosine_1nn,binary_healthy_other,sentinel,turnover_difference,8,20261011,6.0956521739130398
Onion archive,resnet_cosine_1nn,binary_healthy_other,sentinel,turnover_difference,9,20261012,-0.31304347826085999
Onion archive,resnet_cosine_1nn,binary_healthy_other,sentinel,turnover_difference,10,20261013,-1.4173913043478199
Onion archive,resnet_cosine_1nn,binary_healthy_other,sentinel,turnover_difference,11,20261014,-5.0956521739130398
Onion archive,resnet_cosine_1nn,binary_healthy_other,sentinel,turnover_difference,12,20261015,-2.75652173913043
Onion archive,resnet_cosine_1nn,binary_healthy_other,sentinel,turnover_difference,13,20261016,-0.66086956521739004
Onion archive,resnet_cosine_1nn,binary_healthy_other,sentinel,turnover_difference,14,20261017,7.2869565217391301
Onion archive,resnet_cosine_1nn,binary_healthy_other,sentinel,turnover_difference,15,20261018,-0.34782608695652001
Onion archive,resnet_cosine_1nn,binary_healthy_other,sentinel,turnover_difference,16,20261019,1.3565217391304301
Onion archive,resnet_cosine_1nn,binary_healthy_other,sentinel,turnover_difference,17,20261020,-9.0260869565217394
Onion archive,resnet_cosine_1nn,binary_healthy_other,sentinel,turnover_difference,18,20261021,0.53043478260869004
Onion archive,resnet_cosine_1nn,binary_healthy_other,sentinel,turnover_difference,19,20261022,-2.6695652173913
Onion archive,resnet_cosine_1nn,binary_healthy_other,sentinel,turnover_difference,20,20261023,7.9130434782608701
Onion archive,resnet_cosine_1nn,binary_healthy_other,sentinel,turnover_difference,21,20261024,-2.11304347826086
Onion archive,resnet_cosine_1nn,binary_healthy_other,sentinel,turnover_difference,22,20261025,-2.8086956521739102
Onion archive,resnet_cosine_1nn,binary_healthy_other,sentinel,turnover_difference,23,20261026,1.96521739130434
Onion archive,resnet_cosine_1nn,binary_healthy_other,sentinel,turnover_difference,24,20261027,3.4521739130434699
Onion archive,resnet_cosine_1nn,binary_healthy_other,sentinel,turnover_difference,25,20261028,-4.46086956521739
Onion archive,resnet_cosine_1nn,binary_healthy_other,sentinel,turnover_difference,26,20261029,-0.43478260869565
Onion archive,resnet_cosine_1nn,binary_healthy_other,sentinel,turnover_difference,27,20261030,-2.0086956521739099
Onion archive,resnet_cosine_1nn,binary_healthy_other,sentinel,turnover_difference,28,20261031,-0.32173913043477997
Onion archive,resnet_cosine_1nn,binary_healthy_other,sentinel,turnover_difference,29,20261032,-7.3391304347825992
Potato archive,resnet_logit,binary_healthy_other,selected_probe,policy_BA_difference,0,20261003,3.75
Potato archive,resnet_logit,binary_healthy_other,selected_probe,policy_BA_difference,1,20261004,0.29999999999999999
Potato archive,resnet_logit,binary_healthy_other,selected_probe,policy_BA_difference,2,20261005,2.3999999999999999
Potato archive,resnet_logit,binary_healthy_other,selected_probe,policy_BA_difference,3,20261006,0
Potato archive,resnet_logit,binary_healthy_other,selected_probe,policy_BA_difference,4,20261007,9.7000000000000011
Potato archive,resnet_logit,binary_healthy_other,selected_probe,policy_BA_difference,5,20261008,3.8500000000000001
Potato archive,resnet_logit,binary_healthy_other,selected_probe,policy_BA_difference,6,20261009,9.25
Potato archive,resnet_logit,binary_healthy_other,selected_probe,policy_BA_difference,7,20261010,-0.10000000000000001
Potato archive,resnet_logit,binary_healthy_other,selected_probe,policy_BA_difference,8,20261011,-0.29999999999999999
Potato archive,resnet_logit,binary_healthy_other,selected_probe,policy_BA_difference,9,20261012,0.80000000000000004
Potato archive,resnet_logit,binary_healthy_other,selected_probe,policy_BA_difference,10,20261013,0.5
Potato archive,resnet_logit,binary_healthy_other,selected_probe,policy_BA_difference,11,20261014,0.89999999999999991
Potato archive,resnet_logit,binary_healthy_other,selected_probe,policy_BA_difference,12,20261015,0.5
Potato archive,resnet_logit,binary_healthy_other,selected_probe,policy_BA_difference,13,20261016,9.5500000000000007
Potato archive,resnet_logit,binary_healthy_other,selected_probe,policy_BA_difference,14,20261017,-0.20000000000000001
Potato archive,resnet_logit,binary_healthy_other,selected_probe,policy_BA_difference,15,20261018,-0.20000000000000001
Potato archive,resnet_logit,binary_healthy_other,selected_probe,policy_BA_difference,16,20261019,2.7000000000000002
Potato archive,resnet_logit,binary_healthy_other,selected_probe,policy_BA_difference,17,20261020,-0.40000000000000002
Potato archive,resnet_logit,binary_healthy_other,selected_probe,policy_BA_difference,18,20261021,0
Potato archive,resnet_logit,binary_healthy_other,selected_probe,policy_BA_difference,19,20261022,0.20000000000000001
Potato archive,resnet_logit,binary_healthy_other,selected_probe,policy_BA_difference,20,20261023,5
Potato archive,resnet_logit,binary_healthy_other,selected_probe,policy_BA_difference,21,20261024,0.20000000000000001
Potato archive,resnet_logit,binary_healthy_other,selected_probe,policy_BA_difference,22,20261025,0.10000000000000001
Potato archive,resnet_logit,binary_healthy_other,selected_probe,policy_BA_difference,23,20261026,0
Potato archive,resnet_logit,binary_healthy_other,selected_probe,policy_BA_difference,24,20261027,8.75
Potato archive,resnet_logit,binary_healthy_other,selected_probe,policy_BA_difference,25,20261028,0
Potato archive,resnet_logit,binary_healthy_other,selected_probe,policy_BA_difference,26,20261029,0.20000000000000001
Potato archive,resnet_logit,binary_healthy_other,selected_probe,policy_BA_difference,27,20261030,-0.10000000000000001
Potato archive,resnet_logit,binary_healthy_other,selected_probe,policy_BA_difference,28,20261031,-0.10000000000000001
Potato archive,resnet_logit,binary_healthy_other,selected_probe,policy_BA_difference,29,20261032,0
Potato archive,resnet_logit,binary_healthy_other,sentinel,turnover_difference,0,20261003,0
Potato archive,resnet_logit,binary_healthy_other,sentinel,turnover_difference,1,20261004,1.3500000000000001
Potato archive,resnet_logit,binary_healthy_other,sentinel,turnover_difference,2,20261005,0
Potato archive,resnet_logit,binary_healthy_other,sentinel,turnover_difference,3,20261006,0
Potato archive,resnet_logit,binary_healthy_other,sentinel,turnover_difference,4,20261007,0
Potato archive,resnet_logit,binary_healthy_other,sentinel,turnover_difference,5,20261008,0
Potato archive,resnet_logit,binary_healthy_other,sentinel,turnover_difference,6,20261009,-0.10000000000000001
Potato archive,resnet_logit,binary_healthy_other,sentinel,turnover_difference,7,20261010,0
Potato archive,resnet_logit,binary_healthy_other,sentinel,turnover_difference,8,20261011,-0.10000000000000001
Potato archive,resnet_logit,binary_healthy_other,sentinel,turnover_difference,9,20261012,0
Potato archive,resnet_logit,binary_healthy_other,sentinel,turnover_difference,10,20261013,2.1999999999999997
Potato archive,resnet_logit,binary_healthy_other,sentinel,turnover_difference,11,20261014,0
Potato archive,resnet_logit,binary_healthy_other,sentinel,turnover_difference,12,20261015,-0.10000000000000001
Potato archive,resnet_logit,binary_healthy_other,sentinel,turnover_difference,13,20261016,0.10000000000000001
Potato archive,resnet_logit,binary_healthy_other,sentinel,turnover_difference,14,20261017,2.5
Potato archive,resnet_logit,binary_healthy_other,sentinel,turnover_difference,15,20261018,0
Potato archive,resnet_logit,binary_healthy_other,sentinel,turnover_difference,16,20261019,0.10000000000000001
Potato archive,resnet_logit,binary_healthy_other,sentinel,turnover_difference,17,20261020,0
Potato archive,resnet_logit,binary_healthy_other,sentinel,turnover_difference,18,20261021,-0.40000000000000002
Potato archive,resnet_logit,binary_healthy_other,sentinel,turnover_difference,19,20261022,0
Potato archive,resnet_logit,binary_healthy_other,sentinel,turnover_difference,20,20261023,1.4500000000000002
Potato archive,resnet_logit,binary_healthy_other,sentinel,turnover_difference,21,20261024,-0.20000000000000001
Potato archive,resnet_logit,binary_healthy_other,sentinel,turnover_difference,22,20261025,0
Potato archive,resnet_logit,binary_healthy_other,sentinel,turnover_difference,23,20261026,1.1499999999999999
Potato archive,resnet_logit,binary_healthy_other,sentinel,turnover_difference,24,20261027,0.10000000000000001
Potato archive,resnet_logit,binary_healthy_other,sentinel,turnover_difference,25,20261028,0
Potato archive,resnet_logit,binary_healthy_other,sentinel,turnover_difference,26,20261029,0
Potato archive,resnet_logit,binary_healthy_other,sentinel,turnover_difference,27,20261030,0.10000000000000001
Potato archive,resnet_logit,binary_healthy_other,sentinel,turnover_difference,28,20261031,0
Potato archive,resnet_logit,binary_healthy_other,sentinel,turnover_difference,29,20261032,-0.20000000000000001
Potato archive,colour_logit,binary_healthy_other,selected_probe,policy_BA_difference,0,20261003,3.8500000000000001
Potato archive,colour_logit,binary_healthy_other,selected_probe,policy_BA_difference,1,20261004,0.5
Potato archive,colour_logit,binary_healthy_other,selected_probe,policy_BA_difference,2,20261005,5.0999999999999996
Potato archive,colour_logit,binary_healthy_other,selected_probe,policy_BA_difference,3,20261006,-0.10000000000000001
Potato archive,colour_logit,binary_healthy_other,selected_probe,policy_BA_difference,4,20261007,4.7000000000000002
Potato archive,colour_logit,binary_healthy_other,selected_probe,policy_BA_difference,5,20261008,0.59999999999999998
Potato archive,colour_logit,binary_healthy_other,selected_probe,policy_BA_difference,6,20261009,9.8000000000000007
Potato archive,colour_logit,binary_healthy_other,selected_probe,policy_BA_difference,7,20261010,4.5999999999999996
Potato archive,colour_logit,binary_healthy_other,selected_probe,policy_BA_difference,8,20261011,2.2999999999999998
Potato archive,colour_logit,binary_healthy_other,selected_probe,policy_BA_difference,9,20261012,0.049999999999990004
Potato archive,colour_logit,binary_healthy_other,selected_probe,policy_BA_difference,10,20261013,0.5
Potato archive,colour_logit,binary_healthy_other,selected_probe,policy_BA_difference,11,20261014,4.3499999999999996
Potato archive,colour_logit,binary_healthy_other,selected_probe,policy_BA_difference,12,20261015,0.59999999999999998
Potato archive,colour_logit,binary_healthy_other,selected_probe,policy_BA_difference,13,20261016,12.300000000000001
Potato archive,colour_logit,binary_healthy_other,selected_probe,policy_BA_difference,14,20261017,6.3499999999999996
Potato archive,colour_logit,binary_healthy_other,selected_probe,policy_BA_difference,15,20261018,6.5500000000000007
Potato archive,colour_logit,binary_healthy_other,selected_probe,policy_BA_difference,16,20261019,0.20000000000000001
Potato archive,colour_logit,binary_healthy_other,selected_probe,policy_BA_difference,17,20261020,5.0999999999999996
Potato archive,colour_logit,binary_healthy_other,selected_probe,policy_BA_difference,18,20261021,-0.40000000000000002
Potato archive,colour_logit,binary_healthy_other,selected_probe,policy_BA_difference,19,20261022,0.20000000000000001
Potato archive,colour_logit,binary_healthy_other,selected_probe,policy_BA_difference,20,20261023,0.40000000000000002
Potato archive,colour_logit,binary_healthy_other,selected_probe,policy_BA_difference,21,20261024,10
Potato archive,colour_logit,binary_healthy_other,selected_probe,policy_BA_difference,22,20261025,0.59999999999999998
Potato archive,colour_logit,binary_healthy_other,selected_probe,policy_BA_difference,23,20261026,0.5
Potato archive,colour_logit,binary_healthy_other,selected_probe,policy_BA_difference,24,20261027,7.1999999999999993
Potato archive,colour_logit,binary_healthy_other,selected_probe,policy_BA_difference,25,20261028,9.9000000000000004
Potato archive,colour_logit,binary_healthy_other,selected_probe,policy_BA_difference,26,20261029,9.5999999999999996
Potato archive,colour_logit,binary_healthy_other,selected_probe,policy_BA_difference,27,20261030,3.6499999999999999
Potato archive,colour_logit,binary_healthy_other,selected_probe,policy_BA_difference,28,20261031,5
Potato archive,colour_logit,binary_healthy_other,selected_probe,policy_BA_difference,29,20261032,0.89999999999999991
Potato archive,colour_logit,binary_healthy_other,sentinel,turnover_difference,0,20261003,0.10000000000000001
Potato archive,colour_logit,binary_healthy_other,sentinel,turnover_difference,1,20261004,-0.40000000000000002
Potato archive,colour_logit,binary_healthy_other,sentinel,turnover_difference,2,20261005,-0.10000000000000001
Potato archive,colour_logit,binary_healthy_other,sentinel,turnover_difference,3,20261006,0.10000000000000001
Potato archive,colour_logit,binary_healthy_other,sentinel,turnover_difference,4,20261007,0.80000000000000004
Potato archive,colour_logit,binary_healthy_other,sentinel,turnover_difference,5,20261008,-0.5
Potato archive,colour_logit,binary_healthy_other,sentinel,turnover_difference,6,20261009,0.10000000000000001
Potato archive,colour_logit,binary_healthy_other,sentinel,turnover_difference,7,20261010,-0.40000000000000002
Potato archive,colour_logit,binary_healthy_other,sentinel,turnover_difference,8,20261011,0.10000000000000001
Potato archive,colour_logit,binary_healthy_other,sentinel,turnover_difference,9,20261012,-0.5
Potato archive,colour_logit,binary_healthy_other,sentinel,turnover_difference,10,20261013,-0.20000000000000001
Potato archive,colour_logit,binary_healthy_other,sentinel,turnover_difference,11,20261014,0
Potato archive,colour_logit,binary_healthy_other,sentinel,turnover_difference,12,20261015,-0.89999999999999991
Potato archive,colour_logit,binary_healthy_other,sentinel,turnover_difference,13,20261016,0
Potato archive,colour_logit,binary_healthy_other,sentinel,turnover_difference,14,20261017,-0.84999999999998999
Potato archive,colour_logit,binary_healthy_other,sentinel,turnover_difference,15,20261018,0.59999999999999998
Potato archive,colour_logit,binary_healthy_other,sentinel,turnover_difference,16,20261019,2.3999999999999999
Potato archive,colour_logit,binary_healthy_other,sentinel,turnover_difference,17,20261020,-0.70000000000000007
Potato archive,colour_logit,binary_healthy_other,sentinel,turnover_difference,18,20261021,-0.20000000000000001
Potato archive,colour_logit,binary_healthy_other,sentinel,turnover_difference,19,20261022,0
Potato archive,colour_logit,binary_healthy_other,sentinel,turnover_difference,20,20261023,-1.24999999999999
Potato archive,colour_logit,binary_healthy_other,sentinel,turnover_difference,21,20261024,0
Potato archive,colour_logit,binary_healthy_other,sentinel,turnover_difference,22,20261025,0
Potato archive,colour_logit,binary_healthy_other,sentinel,turnover_difference,23,20261026,-9.9000000000000004
Potato archive,colour_logit,binary_healthy_other,sentinel,turnover_difference,24,20261027,-0.20000000000000001
Potato archive,colour_logit,binary_healthy_other,sentinel,turnover_difference,25,20261028,0.85000000000000009
Potato archive,colour_logit,binary_healthy_other,sentinel,turnover_difference,26,20261029,0
Potato archive,colour_logit,binary_healthy_other,sentinel,turnover_difference,27,20261030,0.29999999999999999
Potato archive,colour_logit,binary_healthy_other,sentinel,turnover_difference,28,20261031,-0.20000000000000001
Potato archive,colour_logit,binary_healthy_other,sentinel,turnover_difference,29,20261032,0.10000000000000001
Potato archive,resnet_cosine_1nn,binary_healthy_other,selected_probe,policy_BA_difference,0,20261003,0.80000000000000004
Potato archive,resnet_cosine_1nn,binary_healthy_other,selected_probe,policy_BA_difference,1,20261004,0.29999999999999999
Potato archive,resnet_cosine_1nn,binary_healthy_other,selected_probe,policy_BA_difference,2,20261005,6.5500000000000007
Potato archive,resnet_cosine_1nn,binary_healthy_other,selected_probe,policy_BA_difference,3,20261006,0.20000000000000001
Potato archive,resnet_cosine_1nn,binary_healthy_other,selected_probe,policy_BA_difference,4,20261007,7.1999999999999993
Potato archive,resnet_cosine_1nn,binary_healthy_other,selected_probe,policy_BA_difference,5,20261008,9.0499999999999989
Potato archive,resnet_cosine_1nn,binary_healthy_other,selected_probe,policy_BA_difference,6,20261009,3.6499999999999999
Potato archive,resnet_cosine_1nn,binary_healthy_other,selected_probe,policy_BA_difference,7,20261010,13.300000000000001
Potato archive,resnet_cosine_1nn,binary_healthy_other,selected_probe,policy_BA_difference,8,20261011,-2.1999999999999997
Potato archive,resnet_cosine_1nn,binary_healthy_other,selected_probe,policy_BA_difference,9,20261012,13.300000000000001
Potato archive,resnet_cosine_1nn,binary_healthy_other,selected_probe,policy_BA_difference,10,20261013,0.5
Potato archive,resnet_cosine_1nn,binary_healthy_other,selected_probe,policy_BA_difference,11,20261014,0.40000000000000002
Potato archive,resnet_cosine_1nn,binary_healthy_other,selected_probe,policy_BA_difference,12,20261015,1.7347234759768071e-17
Potato archive,resnet_cosine_1nn,binary_healthy_other,selected_probe,policy_BA_difference,13,20261016,7.2499999999999991
Potato archive,resnet_cosine_1nn,binary_healthy_other,selected_probe,policy_BA_difference,14,20261017,-2.1499999999999999
Potato archive,resnet_cosine_1nn,binary_healthy_other,selected_probe,policy_BA_difference,15,20261018,1.7500000000000002
Potato archive,resnet_cosine_1nn,binary_healthy_other,selected_probe,policy_BA_difference,16,20261019,1.25
Potato archive,resnet_cosine_1nn,binary_healthy_other,selected_probe,policy_BA_difference,17,20261020,2.6000000000000001
Potato archive,resnet_cosine_1nn,binary_healthy_other,selected_probe,policy_BA_difference,18,20261021,-1.7999999999999998
Potato archive,resnet_cosine_1nn,binary_healthy_other,selected_probe,policy_BA_difference,19,20261022,0
Potato archive,resnet_cosine_1nn,binary_healthy_other,selected_probe,policy_BA_difference,20,20261023,-5.0999999999999996
Potato archive,resnet_cosine_1nn,binary_healthy_other,selected_probe,policy_BA_difference,21,20261024,5.7999999999999901
Potato archive,resnet_cosine_1nn,binary_healthy_other,selected_probe,policy_BA_difference,22,20261025,0.59999999999999998
Potato archive,resnet_cosine_1nn,binary_healthy_other,selected_probe,policy_BA_difference,23,20261026,-2.6000000000000001
Potato archive,resnet_cosine_1nn,binary_healthy_other,selected_probe,policy_BA_difference,24,20261027,-9.7000000000000011
Potato archive,resnet_cosine_1nn,binary_healthy_other,selected_probe,policy_BA_difference,25,20261028,0
Potato archive,resnet_cosine_1nn,binary_healthy_other,selected_probe,policy_BA_difference,26,20261029,-0.25
Potato archive,resnet_cosine_1nn,binary_healthy_other,selected_probe,policy_BA_difference,27,20261030,1.1499999999999999
Potato archive,resnet_cosine_1nn,binary_healthy_other,selected_probe,policy_BA_difference,28,20261031,-0.5
Potato archive,resnet_cosine_1nn,binary_healthy_other,selected_probe,policy_BA_difference,29,20261032,0.29999999999999999
Potato archive,resnet_cosine_1nn,binary_healthy_other,sentinel,turnover_difference,0,20261003,0
Potato archive,resnet_cosine_1nn,binary_healthy_other,sentinel,turnover_difference,1,20261004,0.40000000000000002
Potato archive,resnet_cosine_1nn,binary_healthy_other,sentinel,turnover_difference,2,20261005,-1.3500000000000001
Potato archive,resnet_cosine_1nn,binary_healthy_other,sentinel,turnover_difference,3,20261006,-1.5
Potato archive,resnet_cosine_1nn,binary_healthy_other,sentinel,turnover_difference,4,20261007,-6.25
Potato archive,resnet_cosine_1nn,binary_healthy_other,sentinel,turnover_difference,5,20261008,0.5
Potato archive,resnet_cosine_1nn,binary_healthy_other,sentinel,turnover_difference,6,20261009,-1.7500000000000002
Potato archive,resnet_cosine_1nn,binary_healthy_other,sentinel,turnover_difference,7,20261010,1.4000000000000001
Potato archive,resnet_cosine_1nn,binary_healthy_other,sentinel,turnover_difference,8,20261011,6.25
Potato archive,resnet_cosine_1nn,binary_healthy_other,sentinel,turnover_difference,9,20261012,1.6500000000000001
Potato archive,resnet_cosine_1nn,binary_healthy_other,sentinel,turnover_difference,10,20261013,1.25
Potato archive,resnet_cosine_1nn,binary_healthy_other,sentinel,turnover_difference,11,20261014,0.89999999999999991
Potato archive,resnet_cosine_1nn,binary_healthy_other,sentinel,turnover_difference,12,20261015,1.3
Potato archive,resnet_cosine_1nn,binary_healthy_other,sentinel,turnover_difference,13,20261016,6.25
Potato archive,resnet_cosine_1nn,binary_healthy_other,sentinel,turnover_difference,14,20261017,0.20000000000000001
Potato archive,resnet_cosine_1nn,binary_healthy_other,sentinel,turnover_difference,15,20261018,-10
Potato archive,resnet_cosine_1nn,binary_healthy_other,sentinel,turnover_difference,16,20261019,0.5
Potato archive,resnet_cosine_1nn,binary_healthy_other,sentinel,turnover_difference,17,20261020,0
Potato archive,resnet_cosine_1nn,binary_healthy_other,sentinel,turnover_difference,18,20261021,3
Potato archive,resnet_cosine_1nn,binary_healthy_other,sentinel,turnover_difference,19,20261022,-0.5
Potato archive,resnet_cosine_1nn,binary_healthy_other,sentinel,turnover_difference,20,20261023,0.050000000000000003
Potato archive,resnet_cosine_1nn,binary_healthy_other,sentinel,turnover_difference,21,20261024,-0.5
Potato archive,resnet_cosine_1nn,binary_healthy_other,sentinel,turnover_difference,22,20261025,0
Potato archive,resnet_cosine_1nn,binary_healthy_other,sentinel,turnover_difference,23,20261026,0
Potato archive,resnet_cosine_1nn,binary_healthy_other,sentinel,turnover_difference,24,20261027,0
Potato archive,resnet_cosine_1nn,binary_healthy_other,sentinel,turnover_difference,25,20261028,0.29999999999999999
Potato archive,resnet_cosine_1nn,binary_healthy_other,sentinel,turnover_difference,26,20261029,-0.19999999999998999
Potato archive,resnet_cosine_1nn,binary_healthy_other,sentinel,turnover_difference,27,20261030,-0.20000000000000001
Potato archive,resnet_cosine_1nn,binary_healthy_other,sentinel,turnover_difference,28,20261031,0
Potato archive,resnet_cosine_1nn,binary_healthy_other,sentinel,turnover_difference,29,20261032,0
