dataset,design,panel,metric,weighting,repetition,seed,model,value
onion,single,own_target,policy_BA_difference,all_original_classes,0,20261003,colour_logit,0.1666475972540045
onion,single,own_target,policy_BA_difference,common_classes_n_ge_30,0,20261003,colour_logit,0.2221967963386727
onion,single,own_target,policy_BA_difference,all_original_classes,0,20261003,dinov2_cosine_1nn,0.4223112128146453
onion,single,own_target,policy_BA_difference,common_classes_n_ge_30,0,20261003,dinov2_cosine_1nn,0.396414950419527
onion,single,own_target,policy_BA_difference,all_original_classes,0,20261003,dinov2_logit,0.0806064073226544
onion,single,own_target,policy_BA_difference,common_classes_n_ge_30,0,20261003,dinov2_logit,0.1074752097635392
onion,single,own_target,policy_BA_difference,all_original_classes,0,20261003,resnet_cosine_1nn,0.3778604118993135
onion,single,own_target,policy_BA_difference,common_classes_n_ge_30,0,20261003,resnet_cosine_1nn,0.3371472158657513
onion,single,own_target,policy_BA_difference,all_original_classes,0,20261003,resnet_logit,0.1089244851258581
onion,single,own_target,policy_BA_difference,common_classes_n_ge_30,0,20261003,resnet_logit,0.1452326468344774
onion,single,own_target,policy_BA_difference,all_original_classes,1,20261004,colour_logit,0.3177917620137299
onion,single,own_target,policy_BA_difference,common_classes_n_ge_30,1,20261004,colour_logit,0.2570556826849733
onion,single,own_target,policy_BA_difference,all_original_classes,1,20261004,dinov2_cosine_1nn,0.3461098398169336
onion,single,own_target,policy_BA_difference,common_classes_n_ge_30,1,20261004,dinov2_cosine_1nn,0.2948131197559115
onion,single,own_target,policy_BA_difference,all_original_classes,1,20261004,dinov2_logit,0.1426201372997712
onion,single,own_target,policy_BA_difference,common_classes_n_ge_30,1,20261004,dinov2_logit,0.1901601830663616
onion,single,own_target,policy_BA_difference,all_original_classes,1,20261004,resnet_cosine_1nn,0.5453089244851259
onion,single,own_target,policy_BA_difference,common_classes_n_ge_30,1,20261004,resnet_cosine_1nn,0.3937452326468345
onion,single,own_target,policy_BA_difference,all_original_classes,1,20261004,resnet_logit,0.3860411899313501
onion,single,own_target,policy_BA_difference,common_classes_n_ge_30,1,20261004,resnet_logit,0.1813882532418001
onion,single,own_target,policy_BA_difference,all_original_classes,2,20261005,colour_logit,0.4699656750572082
onion,single,own_target,policy_BA_difference,common_classes_n_ge_30,2,20261005,colour_logit,0.2932875667429443
onion,single,own_target,policy_BA_difference,all_original_classes,2,20261005,dinov2_cosine_1nn,0.5094393592677345
onion,single,own_target,policy_BA_difference,common_classes_n_ge_30,2,20261005,dinov2_cosine_1nn,0.3459191456903127
onion,single,own_target,policy_BA_difference,all_original_classes,2,20261005,dinov2_logit,0.2240274599542334
onion,single,own_target,policy_BA_difference,common_classes_n_ge_30,2,20261005,dinov2_logit,0.1320366132723112
onion,single,own_target,policy_BA_difference,all_original_classes,2,20261005,resnet_cosine_1nn,0.5267162471395881
onion,single,own_target,policy_BA_difference,common_classes_n_ge_30,2,20261005,resnet_cosine_1nn,0.3689549961861174
onion,single,own_target,policy_BA_difference,all_original_classes,2,20261005,resnet_logit,0.2077803203661327
onion,single,own_target,policy_BA_difference,common_classes_n_ge_30,2,20261005,resnet_logit,0.1103737604881769
onion,single,own_target,policy_BA_difference,all_original_classes,3,20261006,colour_logit,0.2589244851258581
onion,single,own_target,policy_BA_difference,common_classes_n_ge_30,3,20261006,colour_logit,0.1785659801678108
onion,single,own_target,policy_BA_difference,all_original_classes,3,20261006,dinov2_cosine_1nn,0.5135583524027459
onion,single,own_target,policy_BA_difference,common_classes_n_ge_30,3,20261006,dinov2_cosine_1nn,0.3514111365369947
onion,single,own_target,policy_BA_difference,all_original_classes,3,20261006,dinov2_logit,0.0383295194508009
onion,single,own_target,policy_BA_difference,common_classes_n_ge_30,3,20261006,dinov2_logit,0.0511060259344012
onion,single,own_target,policy_BA_difference,all_original_classes,3,20261006,resnet_cosine_1nn,0.3668764302059496
onion,single,own_target,policy_BA_difference,common_classes_n_ge_30,3,20261006,resnet_cosine_1nn,0.3225019069412662
onion,single,own_target,policy_BA_difference,all_original_classes,3,20261006,resnet_logit,0.2013157894736842
onion,single,own_target,policy_BA_difference,common_classes_n_ge_30,3,20261006,resnet_logit,0.1017543859649122
onion,single,own_target,policy_BA_difference,all_original_classes,4,20261007,colour_logit,0.2311212814645308
onion,single,own_target,policy_BA_difference,common_classes_n_ge_30,4,20261007,colour_logit,0.3081617086193745
onion,single,own_target,policy_BA_difference,all_original_classes,4,20261007,dinov2_cosine_1nn,0.465045766590389
onion,single,own_target,policy_BA_difference,common_classes_n_ge_30,4,20261007,dinov2_cosine_1nn,0.453394355453852
onion,single,own_target,policy_BA_difference,all_original_classes,4,20261007,dinov2_logit,0.1862128146453089
onion,single,own_target,policy_BA_difference,common_classes_n_ge_30,4,20261007,dinov2_logit,0.0816170861937452
onion,single,own_target,policy_BA_difference,all_original_classes,4,20261007,resnet_cosine_1nn,0.4779176201372997
onion,single,own_target,policy_BA_difference,common_classes_n_ge_30,4,20261007,resnet_cosine_1nn,0.470556826849733
onion,single,own_target,policy_BA_difference,all_original_classes,4,20261007,resnet_logit,0.2635011441647597
onion,single,own_target,policy_BA_difference,common_classes_n_ge_30,4,20261007,resnet_logit,0.1846681922196796
onion,single,own_target,policy_BA_difference,all_original_classes,5,20261008,colour_logit,0.2730549199084668
onion,single,own_target,policy_BA_difference,common_classes_n_ge_30,5,20261008,colour_logit,0.1974065598779557
onion,single,own_target,policy_BA_difference,all_original_classes,5,20261008,dinov2_cosine_1nn,0.5278604118993135
onion,single,own_target,policy_BA_difference,common_classes_n_ge_30,5,20261008,dinov2_cosine_1nn,0.3704805491990846
onion,single,own_target,policy_BA_difference,all_original_classes,5,20261008,dinov2_logit,0.3381578947368421
onion,single,own_target,policy_BA_difference,common_classes_n_ge_30,5,20261008,dinov2_logit,0.1175438596491228
onion,single,own_target,policy_BA_difference,all_original_classes,5,20261008,resnet_cosine_1nn,0.4683066361556064
onion,single,own_target,policy_BA_difference,common_classes_n_ge_30,5,20261008,resnet_cosine_1nn,0.2910755148741419
onion,single,own_target,policy_BA_difference,all_original_classes,5,20261008,resnet_logit,0.3556064073226544
onion,single,own_target,policy_BA_difference,common_classes_n_ge_30,5,20261008,resnet_logit,0.1408085430968726
onion,single,own_target,policy_BA_difference,all_original_classes,6,20261009,colour_logit,0.325228832951945
onion,single,own_target,policy_BA_difference,common_classes_n_ge_30,6,20261009,colour_logit,0.2669717772692601
onion,single,own_target,policy_BA_difference,all_original_classes,6,20261009,dinov2_cosine_1nn,0.4139016018306636
onion,single,own_target,policy_BA_difference,common_classes_n_ge_30,6,20261009,dinov2_cosine_1nn,0.3852021357742181
onion,single,own_target,policy_BA_difference,all_original_classes,6,20261009,dinov2_logit,0.3219107551487414
onion,single,own_target,policy_BA_difference,common_classes_n_ge_30,6,20261009,dinov2_logit,0.0958810068649885
onion,single,own_target,policy_BA_difference,all_original_classes,6,20261009,resnet_cosine_1nn,0.6532036613272312
onion,single,own_target,policy_BA_difference,common_classes_n_ge_30,6,20261009,resnet_cosine_1nn,0.5376048817696415
onion,single,own_target,policy_BA_difference,all_original_classes,6,20261009,resnet_logit,0.3187643020594966
onion,single,own_target,policy_BA_difference,common_classes_n_ge_30,6,20261009,resnet_logit,0.0916857360793287
onion,single,own_target,policy_BA_difference,all_original_classes,7,20261010,colour_logit,0.3763729977116705
onion,single,own_target,policy_BA_difference,common_classes_n_ge_30,7,20261010,colour_logit,0.1684973302822273
onion,single,own_target,policy_BA_difference,all_original_classes,7,20261010,dinov2_cosine_1nn,0.3477688787185354
onion,single,own_target,policy_BA_difference,common_classes_n_ge_30,7,20261010,dinov2_cosine_1nn,0.2970251716247139
onion,single,own_target,policy_BA_difference,all_original_classes,7,20261010,dinov2_logit,0.1687643020594965
onion,single,own_target,policy_BA_difference,common_classes_n_ge_30,7,20261010,dinov2_logit,0.0583524027459954
onion,single,own_target,policy_BA_difference,all_original_classes,7,20261010,resnet_cosine_1nn,0.5389016018306636
onion,single,own_target,policy_BA_difference,common_classes_n_ge_30,7,20261010,resnet_cosine_1nn,0.3852021357742181
onion,single,own_target,policy_BA_difference,all_original_classes,7,20261010,resnet_logit,0.2123569794050343
onion,single,own_target,policy_BA_difference,common_classes_n_ge_30,7,20261010,resnet_logit,0.1164759725400457
onion,single,own_target,policy_BA_difference,all_original_classes,8,20261011,colour_logit,0.4012013729977116
onion,single,own_target,policy_BA_difference,common_classes_n_ge_30,8,20261011,colour_logit,0.2016018306636156
onion,single,own_target,policy_BA_difference,all_original_classes,8,20261011,dinov2_cosine_1nn,0.4214530892448512
onion,single,own_target,policy_BA_difference,common_classes_n_ge_30,8,20261011,dinov2_cosine_1nn,0.3952707856598016
onion,single,own_target,policy_BA_difference,all_original_classes,8,20261011,dinov2_logit,0.1362128146453089
onion,single,own_target,policy_BA_difference,common_classes_n_ge_30,8,20261011,dinov2_logit,0.1816170861937452
onion,single,own_target,policy_BA_difference,all_original_classes,8,20261011,resnet_cosine_1nn,0.5477688787185355
onion,single,own_target,policy_BA_difference,common_classes_n_ge_30,8,20261011,resnet_cosine_1nn,0.3970251716247139
onion,single,own_target,policy_BA_difference,all_original_classes,8,20261011,resnet_logit,0.2319221967963387
onion,single,own_target,policy_BA_difference,common_classes_n_ge_30,8,20261011,resnet_logit,0.1425629290617849
onion,single,own_target,policy_BA_difference,all_original_classes,9,20261012,colour_logit,0.1927917620137299
onion,single,own_target,policy_BA_difference,common_classes_n_ge_30,9,20261012,colour_logit,0.2570556826849733
onion,single,own_target,policy_BA_difference,all_original_classes,9,20261012,dinov2_cosine_1nn,0.4474256292906178
onion,single,own_target,policy_BA_difference,common_classes_n_ge_30,9,20261012,dinov2_cosine_1nn,0.4299008390541571
onion,single,own_target,policy_BA_difference,all_original_classes,9,20261012,dinov2_logit,0.2123569794050343
onion,single,own_target,policy_BA_difference,common_classes_n_ge_30,9,20261012,dinov2_logit,0.1164759725400457
onion,single,own_target,policy_BA_difference,all_original_classes,9,20261012,resnet_cosine_1nn,0.6086384439359267
onion,single,own_target,policy_BA_difference,common_classes_n_ge_30,9,20261012,resnet_cosine_1nn,0.478184591914569
onion,single,own_target,policy_BA_difference,all_original_classes,9,20261012,resnet_logit,0.233066361556064
onion,single,own_target,policy_BA_difference,common_classes_n_ge_30,9,20261012,resnet_logit,0.144088482074752
onion,single,sentinel,turnover_difference,all_original_classes,0,20261003,colour_logit,-0.0002316868182794
onion,single,sentinel,turnover_difference,common_classes_n_ge_30,0,20261003,colour_logit,0.0044190301974549
onion,single,sentinel,turnover_difference,all_original_classes,0,20261003,dinov2_cosine_1nn,-0.0003726062868842
onion,single,sentinel,turnover_difference,common_classes_n_ge_30,0,20261003,dinov2_cosine_1nn,-0.0006624111766831
onion,single,sentinel,turnover_difference,all_original_classes,0,20261003,dinov2_logit,0.00044261110442
onion,single,sentinel,turnover_difference,common_classes_n_ge_30,0,20261003,dinov2_logit,0.0007868641856357
onion,single,sentinel,turnover_difference,all_original_classes,0,20261003,resnet_cosine_1nn,-0.000185566767381
onion,single,sentinel,turnover_difference,common_classes_n_ge_30,0,20261003,resnet_cosine_1nn,-0.0003298964753441
onion,single,sentinel,turnover_difference,all_original_classes,0,20261003,resnet_logit,0.0007674347668993
onion,single,sentinel,turnover_difference,common_classes_n_ge_30,0,20261003,resnet_logit,-0.0010511304627103
onion,single,sentinel,turnover_difference,all_original_classes,1,20261004,colour_logit,0.0022967994805439
onion,single,sentinel,turnover_difference,common_classes_n_ge_30,1,20261004,colour_logit,0.0016677401393245
onion,single,sentinel,turnover_difference,all_original_classes,1,20261004,dinov2_cosine_1nn,-0.0001305840214903
onion,single,sentinel,turnover_difference,common_classes_n_ge_30,1,20261004,dinov2_cosine_1nn,-0.0002321493715384
onion,single,sentinel,turnover_difference,all_original_classes,1,20261004,dinov2_logit,-0.0009699218197717
onion,single,sentinel,turnover_difference,common_classes_n_ge_30,1,20261004,dinov2_logit,-0.001724305457372
onion,single,sentinel,turnover_difference,all_original_classes,1,20261004,resnet_cosine_1nn,0.000315882420707
onion,single,sentinel,turnover_difference,common_classes_n_ge_30,1,20261004,resnet_cosine_1nn,0.0005615687479236
onion,single,sentinel,turnover_difference,all_original_classes,1,20261004,resnet_logit,0.0239175599181018
onion,single,sentinel,turnover_difference,common_classes_n_ge_30,1,20261004,resnet_logit,-0.0019243379233744
onion,single,sentinel,turnover_difference,all_original_classes,2,20261005,colour_logit,0.0023111997235153
onion,single,sentinel,turnover_difference,common_classes_n_ge_30,2,20261005,colour_logit,-0.0128502648190136
onion,single,sentinel,turnover_difference,all_original_classes,2,20261005,dinov2_cosine_1nn,0.0003854028664338
onion,single,sentinel,turnover_difference,common_classes_n_ge_30,2,20261005,dinov2_cosine_1nn,0.0006851606514379
onion,single,sentinel,turnover_difference,all_original_classes,2,20261005,dinov2_logit,0.002339515837649
onion,single,sentinel,turnover_difference,common_classes_n_ge_30,2,20261005,dinov2_logit,0.0012351626587444
onion,single,sentinel,turnover_difference,all_original_classes,2,20261005,resnet_cosine_1nn,0.0013899179971618
onion,single,sentinel,turnover_difference,common_classes_n_ge_30,2,20261005,resnet_cosine_1nn,0.0024709653282877
onion,single,sentinel,turnover_difference,all_original_classes,2,20261005,resnet_logit,-0.0003892582042111
onion,single,sentinel,turnover_difference,common_classes_n_ge_30,2,20261005,resnet_logit,-0.0006920145852642
onion,single,sentinel,turnover_difference,all_original_classes,3,20261006,colour_logit,5.647513470772702e-05
onion,single,sentinel,turnover_difference,common_classes_n_ge_30,3,20261006,colour_logit,-0.0047305176349157
onion,single,sentinel,turnover_difference,all_original_classes,3,20261006,dinov2_cosine_1nn,0.0324533628494677
onion,single,sentinel,turnover_difference,common_classes_n_ge_30,3,20261006,dinov2_cosine_1nn,0.002139311732387
onion,single,sentinel,turnover_difference,all_original_classes,3,20261006,dinov2_logit,0.002187580183171
onion,single,sentinel,turnover_difference,common_classes_n_ge_30,3,20261006,dinov2_logit,0.0038890314367486
onion,single,sentinel,turnover_difference,all_original_classes,3,20261006,resnet_cosine_1nn,0.0001731301939058
onion,single,sentinel,turnover_difference,common_classes_n_ge_30,3,20261006,resnet_cosine_1nn,0.0003077870113881
onion,single,sentinel,turnover_difference,all_original_classes,3,20261006,resnet_logit,-0.0042029400059695
onion,single,sentinel,turnover_difference,common_classes_n_ge_30,3,20261006,resnet_logit,-0.0045479167357587
onion,single,sentinel,turnover_difference,all_original_classes,4,20261007,colour_logit,-0.0027105511889364
onion,single,sentinel,turnover_difference,common_classes_n_ge_30,4,20261007,colour_logit,0.0024276191423738
onion,single,sentinel,turnover_difference,all_original_classes,4,20261007,dinov2_cosine_1nn,0.0007949523221046
onion,single,sentinel,turnover_difference,common_classes_n_ge_30,4,20261007,dinov2_cosine_1nn,0.0014132485726304
onion,single,sentinel,turnover_difference,all_original_classes,4,20261007,dinov2_logit,0.0031001759447868
onion,single,sentinel,turnover_difference,common_classes_n_ge_30,4,20261007,dinov2_logit,0.000171988356458
onion,single,sentinel,turnover_difference,all_original_classes,4,20261007,resnet_cosine_1nn,-0.0004666333279223
onion,single,sentinel,turnover_difference,common_classes_n_ge_30,4,20261007,resnet_cosine_1nn,-0.0008295703607508
onion,single,sentinel,turnover_difference,all_original_classes,4,20261007,resnet_logit,-0.0044470633977242
onion,single,sentinel,turnover_difference,common_classes_n_ge_30,4,20261007,resnet_logit,0.003205220626268
onion,single,sentinel,turnover_difference,all_original_classes,5,20261008,colour_logit,0.0070585736428425
onion,single,sentinel,turnover_difference,common_classes_n_ge_30,5,20261008,colour_logit,-0.0010542723339041
onion,single,sentinel,turnover_difference,all_original_classes,5,20261008,dinov2_cosine_1nn,-0.0017219679633867
onion,single,sentinel,turnover_difference,common_classes_n_ge_30,5,20261008,dinov2_cosine_1nn,-0.0030612763793541
onion,single,sentinel,turnover_difference,all_original_classes,5,20261008,dinov2_logit,-0.0393914850054197
onion,single,sentinel,turnover_difference,common_classes_n_ge_30,5,20261008,dinov2_logit,0.001468277864761
onion,single,sentinel,turnover_difference,all_original_classes,5,20261008,resnet_cosine_1nn,-0.0004870227628567
onion,single,sentinel,turnover_difference,common_classes_n_ge_30,5,20261008,resnet_cosine_1nn,-0.0008658182450787
onion,single,sentinel,turnover_difference,all_original_classes,5,20261008,resnet_logit,0.0306711822337656
onion,single,sentinel,turnover_difference,common_classes_n_ge_30,5,20261008,resnet_logit,-0.0010290093621943
onion,single,sentinel,turnover_difference,all_original_classes,6,20261009,colour_logit,0.0042236239913284
onion,single,sentinel,turnover_difference,common_classes_n_ge_30,6,20261009,colour_logit,0.0026777469990766
onion,single,sentinel,turnover_difference,all_original_classes,6,20261009,dinov2_cosine_1nn,0.0009288811273033
onion,single,sentinel,turnover_difference,common_classes_n_ge_30,6,20261009,dinov2_cosine_1nn,0.0016513442263171
onion,single,sentinel,turnover_difference,all_original_classes,6,20261009,dinov2_logit,0.0041962242562929
onion,single,sentinel,turnover_difference,common_classes_n_ge_30,6,20261009,dinov2_logit,0.0016120010170353
onion,single,sentinel,turnover_difference,all_original_classes,6,20261009,resnet_cosine_1nn,-0.0008920885065115
onion,single,sentinel,turnover_difference,common_classes_n_ge_30,6,20261009,resnet_cosine_1nn,-0.0015859351226871
onion,single,sentinel,turnover_difference,all_original_classes,6,20261009,resnet_logit,-0.0576037275683487
onion,single,sentinel,turnover_difference,common_classes_n_ge_30,6,20261009,resnet_logit,0.0033650487775502
onion,single,sentinel,turnover_difference,all_original_classes,7,20261010,colour_logit,-2.4873146950551896e-06
onion,single,sentinel,turnover_difference,common_classes_n_ge_30,7,20261010,colour_logit,0.0005040957781978
onion,single,sentinel,turnover_difference,all_original_classes,7,20261010,dinov2_cosine_1nn,-0.000328947368421
onion,single,sentinel,turnover_difference,common_classes_n_ge_30,7,20261010,dinov2_cosine_1nn,-0.0005847953216374
onion,single,sentinel,turnover_difference,all_original_classes,7,20261010,dinov2_logit,-0.002500994925878
onion,single,sentinel,turnover_difference,common_classes_n_ge_30,7,20261010,dinov2_logit,0.0008932223438242
onion,single,sentinel,turnover_difference,all_original_classes,7,20261010,resnet_cosine_1nn,-1.243657347527609e-05
onion,single,sentinel,turnover_difference,common_classes_n_ge_30,7,20261010,resnet_cosine_1nn,-2.210946395604632e-05
onion,single,sentinel,turnover_difference,all_original_classes,7,20261010,resnet_logit,-0.0001249548356015
onion,single,sentinel,turnover_difference,common_classes_n_ge_30,7,20261010,resnet_logit,-0.0002221419299583
onion,single,sentinel,turnover_difference,all_original_classes,8,20261011,colour_logit,0.0074966617618566
onion,single,sentinel,turnover_difference,common_classes_n_ge_30,8,20261011,colour_logit,0.002216287576634
onion,single,sentinel,turnover_difference,all_original_classes,8,20261011,dinov2_cosine_1nn,-0.0013342152391225
onion,single,sentinel,turnover_difference,common_classes_n_ge_30,8,20261011,dinov2_cosine_1nn,0.0005520384053025
onion,single,sentinel,turnover_difference,all_original_classes,8,20261011,dinov2_logit,-0.0019364726735752
onion,single,sentinel,turnover_difference,common_classes_n_ge_30,8,20261011,dinov2_logit,-0.0005186414781689
onion,single,sentinel,turnover_difference,all_original_classes,8,20261011,resnet_cosine_1nn,0.0003116932591153
onion,single,sentinel,turnover_difference,common_classes_n_ge_30,8,20261011,resnet_cosine_1nn,0.0029695802867364
onion,single,sentinel,turnover_difference,all_original_classes,8,20261011,resnet_logit,0.0056673792605082
onion,single,sentinel,turnover_difference,common_classes_n_ge_30,8,20261011,resnet_logit,0.0013034110830088
onion,single,sentinel,turnover_difference,all_original_classes,9,20261012,colour_logit,-0.0089139074928391
onion,single,sentinel,turnover_difference,common_classes_n_ge_30,9,20261012,colour_logit,-0.004227317871836
onion,single,sentinel,turnover_difference,all_original_classes,9,20261012,dinov2_cosine_1nn,0.0002875139420534
onion,single,sentinel,turnover_difference,common_classes_n_ge_30,9,20261012,dinov2_cosine_1nn,0.0005111358969838
onion,single,sentinel,turnover_difference,all_original_classes,9,20261012,dinov2_logit,-0.0005919808974231
onion,single,sentinel,turnover_difference,common_classes_n_ge_30,9,20261012,dinov2_logit,-0.0010524104843078
onion,single,sentinel,turnover_difference,all_original_classes,9,20261012,resnet_cosine_1nn,0.0008371057606208
onion,single,sentinel,turnover_difference,common_classes_n_ge_30,9,20261012,resnet_cosine_1nn,0.0014881880188814
onion,single,sentinel,turnover_difference,all_original_classes,9,20261012,resnet_logit,-0.0334021490398965
onion,single,sentinel,turnover_difference,common_classes_n_ge_30,9,20261012,resnet_logit,-0.000978343780055
potato,single,own_target,policy_BA_difference,all_original_classes,0,20261003,colour_logit,0.0483333333333333
potato,single,own_target,policy_BA_difference,common_classes_n_ge_30,0,20261003,colour_logit,0.0483333333333333
potato,single,own_target,policy_BA_difference,all_original_classes,0,20261003,dinov2_cosine_1nn,0.0683333333333333
potato,single,own_target,policy_BA_difference,common_classes_n_ge_30,0,20261003,dinov2_cosine_1nn,0.0683333333333333
potato,single,own_target,policy_BA_difference,all_original_classes,0,20261003,dinov2_logit,0.0416666666666666
potato,single,own_target,policy_BA_difference,common_classes_n_ge_30,0,20261003,dinov2_logit,0.0416666666666666
potato,single,own_target,policy_BA_difference,all_original_classes,0,20261003,resnet_cosine_1nn,0.0133333333333333
potato,single,own_target,policy_BA_difference,common_classes_n_ge_30,0,20261003,resnet_cosine_1nn,0.0133333333333333
potato,single,own_target,policy_BA_difference,all_original_classes,0,20261003,resnet_logit,0.055
potato,single,own_target,policy_BA_difference,common_classes_n_ge_30,0,20261003,resnet_logit,0.055
potato,single,own_target,policy_BA_difference,all_original_classes,1,20261004,colour_logit,0.0416666666666666
potato,single,own_target,policy_BA_difference,common_classes_n_ge_30,1,20261004,colour_logit,0.0416666666666666
potato,single,own_target,policy_BA_difference,all_original_classes,1,20261004,dinov2_cosine_1nn,0.055
potato,single,own_target,policy_BA_difference,common_classes_n_ge_30,1,20261004,dinov2_cosine_1nn,0.055
potato,single,own_target,policy_BA_difference,all_original_classes,1,20261004,dinov2_logit,0.125
potato,single,own_target,policy_BA_difference,common_classes_n_ge_30,1,20261004,dinov2_logit,0.125
potato,single,own_target,policy_BA_difference,all_original_classes,1,20261004,resnet_cosine_1nn,0.0
potato,single,own_target,policy_BA_difference,common_classes_n_ge_30,1,20261004,resnet_cosine_1nn,0.0
potato,single,own_target,policy_BA_difference,all_original_classes,1,20261004,resnet_logit,0.0833333333333333
potato,single,own_target,policy_BA_difference,common_classes_n_ge_30,1,20261004,resnet_logit,0.0833333333333333
potato,single,own_target,policy_BA_difference,all_original_classes,2,20261005,colour_logit,0.0066666666666666
potato,single,own_target,policy_BA_difference,common_classes_n_ge_30,2,20261005,colour_logit,0.0066666666666666
potato,single,own_target,policy_BA_difference,all_original_classes,2,20261005,dinov2_cosine_1nn,0.0133333333333333
potato,single,own_target,policy_BA_difference,common_classes_n_ge_30,2,20261005,dinov2_cosine_1nn,0.0133333333333333
potato,single,own_target,policy_BA_difference,all_original_classes,2,20261005,dinov2_logit,0.0066666666666666
potato,single,own_target,policy_BA_difference,common_classes_n_ge_30,2,20261005,dinov2_logit,0.0066666666666666
potato,single,own_target,policy_BA_difference,all_original_classes,2,20261005,resnet_cosine_1nn,0.0133333333333333
potato,single,own_target,policy_BA_difference,common_classes_n_ge_30,2,20261005,resnet_cosine_1nn,0.0133333333333333
potato,single,own_target,policy_BA_difference,all_original_classes,2,20261005,resnet_logit,0.0
potato,single,own_target,policy_BA_difference,common_classes_n_ge_30,2,20261005,resnet_logit,0.0
potato,single,own_target,policy_BA_difference,all_original_classes,3,20261006,colour_logit,0.0133333333333333
potato,single,own_target,policy_BA_difference,common_classes_n_ge_30,3,20261006,colour_logit,0.0133333333333333
potato,single,own_target,policy_BA_difference,all_original_classes,3,20261006,dinov2_cosine_1nn,0.0683333333333333
potato,single,own_target,policy_BA_difference,common_classes_n_ge_30,3,20261006,dinov2_cosine_1nn,0.0683333333333333
potato,single,own_target,policy_BA_difference,all_original_classes,3,20261006,dinov2_logit,0.0
potato,single,own_target,policy_BA_difference,common_classes_n_ge_30,3,20261006,dinov2_logit,0.0
potato,single,own_target,policy_BA_difference,all_original_classes,3,20261006,resnet_cosine_1nn,0.0133333333333333
potato,single,own_target,policy_BA_difference,common_classes_n_ge_30,3,20261006,resnet_cosine_1nn,0.0133333333333333
potato,single,own_target,policy_BA_difference,all_original_classes,3,20261006,resnet_logit,0.0
potato,single,own_target,policy_BA_difference,common_classes_n_ge_30,3,20261006,resnet_logit,0.0
potato,single,own_target,policy_BA_difference,all_original_classes,4,20261007,colour_logit,0.0416666666666666
potato,single,own_target,policy_BA_difference,common_classes_n_ge_30,4,20261007,colour_logit,0.0416666666666666
potato,single,own_target,policy_BA_difference,all_original_classes,4,20261007,dinov2_cosine_1nn,0.0966666666666666
potato,single,own_target,policy_BA_difference,common_classes_n_ge_30,4,20261007,dinov2_cosine_1nn,0.0966666666666666
potato,single,own_target,policy_BA_difference,all_original_classes,4,20261007,dinov2_logit,0.0483333333333333
potato,single,own_target,policy_BA_difference,common_classes_n_ge_30,4,20261007,dinov2_logit,0.0483333333333333
potato,single,own_target,policy_BA_difference,all_original_classes,4,20261007,resnet_cosine_1nn,0.055
potato,single,own_target,policy_BA_difference,common_classes_n_ge_30,4,20261007,resnet_cosine_1nn,0.055
potato,single,own_target,policy_BA_difference,all_original_classes,4,20261007,resnet_logit,0.0416666666666666
potato,single,own_target,policy_BA_difference,common_classes_n_ge_30,4,20261007,resnet_logit,0.0416666666666666
potato,single,own_target,policy_BA_difference,all_original_classes,5,20261008,colour_logit,0.0
potato,single,own_target,policy_BA_difference,common_classes_n_ge_30,5,20261008,colour_logit,0.0
potato,single,own_target,policy_BA_difference,all_original_classes,5,20261008,dinov2_cosine_1nn,0.11
potato,single,own_target,policy_BA_difference,common_classes_n_ge_30,5,20261008,dinov2_cosine_1nn,0.11
potato,single,own_target,policy_BA_difference,all_original_classes,5,20261008,dinov2_logit,0.0066666666666666
potato,single,own_target,policy_BA_difference,common_classes_n_ge_30,5,20261008,dinov2_logit,0.0066666666666666
potato,single,own_target,policy_BA_difference,all_original_classes,5,20261008,resnet_cosine_1nn,0.0833333333333333
potato,single,own_target,policy_BA_difference,common_classes_n_ge_30,5,20261008,resnet_cosine_1nn,0.0833333333333333
potato,single,own_target,policy_BA_difference,all_original_classes,5,20261008,resnet_logit,0.0
potato,single,own_target,policy_BA_difference,common_classes_n_ge_30,5,20261008,resnet_logit,0.0
potato,single,own_target,policy_BA_difference,all_original_classes,6,20261009,colour_logit,0.0
potato,single,own_target,policy_BA_difference,common_classes_n_ge_30,6,20261009,colour_logit,0.0
potato,single,own_target,policy_BA_difference,all_original_classes,6,20261009,dinov2_cosine_1nn,0.11
potato,single,own_target,policy_BA_difference,common_classes_n_ge_30,6,20261009,dinov2_cosine_1nn,0.11
potato,single,own_target,policy_BA_difference,all_original_classes,6,20261009,dinov2_logit,0.0
potato,single,own_target,policy_BA_difference,common_classes_n_ge_30,6,20261009,dinov2_logit,0.0
potato,single,own_target,policy_BA_difference,all_original_classes,6,20261009,resnet_cosine_1nn,0.055
potato,single,own_target,policy_BA_difference,common_classes_n_ge_30,6,20261009,resnet_cosine_1nn,0.055
potato,single,own_target,policy_BA_difference,all_original_classes,6,20261009,resnet_logit,0.0483333333333333
potato,single,own_target,policy_BA_difference,common_classes_n_ge_30,6,20261009,resnet_logit,0.0483333333333333
potato,single,own_target,policy_BA_difference,all_original_classes,7,20261010,colour_logit,0.0416666666666666
potato,single,own_target,policy_BA_difference,common_classes_n_ge_30,7,20261010,colour_logit,0.0416666666666666
potato,single,own_target,policy_BA_difference,all_original_classes,7,20261010,dinov2_cosine_1nn,0.09
potato,single,own_target,policy_BA_difference,common_classes_n_ge_30,7,20261010,dinov2_cosine_1nn,0.09
potato,single,own_target,policy_BA_difference,all_original_classes,7,20261010,dinov2_logit,0.0416666666666666
potato,single,own_target,policy_BA_difference,common_classes_n_ge_30,7,20261010,dinov2_logit,0.0416666666666666
potato,single,own_target,policy_BA_difference,all_original_classes,7,20261010,resnet_cosine_1nn,0.1033333333333333
potato,single,own_target,policy_BA_difference,common_classes_n_ge_30,7,20261010,resnet_cosine_1nn,0.1033333333333333
potato,single,own_target,policy_BA_difference,all_original_classes,7,20261010,resnet_logit,0.0
potato,single,own_target,policy_BA_difference,common_classes_n_ge_30,7,20261010,resnet_logit,0.0
potato,single,own_target,policy_BA_difference,all_original_classes,8,20261011,colour_logit,0.0066666666666666
potato,single,own_target,policy_BA_difference,common_classes_n_ge_30,8,20261011,colour_logit,0.0066666666666666
potato,single,own_target,policy_BA_difference,all_original_classes,8,20261011,dinov2_cosine_1nn,0.02
potato,single,own_target,policy_BA_difference,common_classes_n_ge_30,8,20261011,dinov2_cosine_1nn,0.02
potato,single,own_target,policy_BA_difference,all_original_classes,8,20261011,dinov2_logit,0.0133333333333333
potato,single,own_target,policy_BA_difference,common_classes_n_ge_30,8,20261011,dinov2_logit,0.0133333333333333
potato,single,own_target,policy_BA_difference,all_original_classes,8,20261011,resnet_cosine_1nn,0.0133333333333333
potato,single,own_target,policy_BA_difference,common_classes_n_ge_30,8,20261011,resnet_cosine_1nn,0.0133333333333333
potato,single,own_target,policy_BA_difference,all_original_classes,8,20261011,resnet_logit,0.0066666666666666
potato,single,own_target,policy_BA_difference,common_classes_n_ge_30,8,20261011,resnet_logit,0.0066666666666666
potato,single,own_target,policy_BA_difference,all_original_classes,9,20261012,colour_logit,0.0416666666666666
potato,single,own_target,policy_BA_difference,common_classes_n_ge_30,9,20261012,colour_logit,0.0416666666666666
potato,single,own_target,policy_BA_difference,all_original_classes,9,20261012,dinov2_cosine_1nn,0.0466666666666666
potato,single,own_target,policy_BA_difference,common_classes_n_ge_30,9,20261012,dinov2_cosine_1nn,0.0466666666666666
potato,single,own_target,policy_BA_difference,all_original_classes,9,20261012,dinov2_logit,0.0
potato,single,own_target,policy_BA_difference,common_classes_n_ge_30,9,20261012,dinov2_logit,0.0
potato,single,own_target,policy_BA_difference,all_original_classes,9,20261012,resnet_cosine_1nn,0.145
potato,single,own_target,policy_BA_difference,common_classes_n_ge_30,9,20261012,resnet_cosine_1nn,0.145
potato,single,own_target,policy_BA_difference,all_original_classes,9,20261012,resnet_logit,0.0133333333333333
potato,single,own_target,policy_BA_difference,common_classes_n_ge_30,9,20261012,resnet_logit,0.0133333333333333
potato,single,sentinel,turnover_difference,all_original_classes,0,20261003,colour_logit,0.0
potato,single,sentinel,turnover_difference,common_classes_n_ge_30,0,20261003,colour_logit,0.0
potato,single,sentinel,turnover_difference,all_original_classes,0,20261003,dinov2_cosine_1nn,0.0005555555555555
potato,single,sentinel,turnover_difference,common_classes_n_ge_30,0,20261003,dinov2_cosine_1nn,0.0005555555555555
potato,single,sentinel,turnover_difference,all_original_classes,0,20261003,dinov2_logit,0.0
potato,single,sentinel,turnover_difference,common_classes_n_ge_30,0,20261003,dinov2_logit,0.0
potato,single,sentinel,turnover_difference,all_original_classes,0,20261003,resnet_cosine_1nn,-8.888888888888889e-05
potato,single,sentinel,turnover_difference,common_classes_n_ge_30,0,20261003,resnet_cosine_1nn,-8.888888888888889e-05
potato,single,sentinel,turnover_difference,all_original_classes,0,20261003,resnet_logit,0.0
potato,single,sentinel,turnover_difference,common_classes_n_ge_30,0,20261003,resnet_logit,0.0
potato,single,sentinel,turnover_difference,all_original_classes,1,20261004,colour_logit,0.0042555555555555
potato,single,sentinel,turnover_difference,common_classes_n_ge_30,1,20261004,colour_logit,0.0042555555555555
potato,single,sentinel,turnover_difference,all_original_classes,1,20261004,dinov2_cosine_1nn,-0.0002666666666666
potato,single,sentinel,turnover_difference,common_classes_n_ge_30,1,20261004,dinov2_cosine_1nn,-0.0002666666666666
potato,single,sentinel,turnover_difference,all_original_classes,1,20261004,dinov2_logit,0.0
potato,single,sentinel,turnover_difference,common_classes_n_ge_30,1,20261004,dinov2_logit,0.0
potato,single,sentinel,turnover_difference,all_original_classes,1,20261004,resnet_cosine_1nn,0.0005555555555555
potato,single,sentinel,turnover_difference,common_classes_n_ge_30,1,20261004,resnet_cosine_1nn,0.0005555555555555
potato,single,sentinel,turnover_difference,all_original_classes,1,20261004,resnet_logit,0.0
potato,single,sentinel,turnover_difference,common_classes_n_ge_30,1,20261004,resnet_logit,0.0
potato,single,sentinel,turnover_difference,all_original_classes,2,20261005,colour_logit,0.0
potato,single,sentinel,turnover_difference,common_classes_n_ge_30,2,20261005,colour_logit,0.0
potato,single,sentinel,turnover_difference,all_original_classes,2,20261005,dinov2_cosine_1nn,0.0
potato,single,sentinel,turnover_difference,common_classes_n_ge_30,2,20261005,dinov2_cosine_1nn,0.0
potato,single,sentinel,turnover_difference,all_original_classes,2,20261005,dinov2_logit,0.0
potato,single,sentinel,turnover_difference,common_classes_n_ge_30,2,20261005,dinov2_logit,0.0
potato,single,sentinel,turnover_difference,all_original_classes,2,20261005,resnet_cosine_1nn,0.0
potato,single,sentinel,turnover_difference,common_classes_n_ge_30,2,20261005,resnet_cosine_1nn,0.0
potato,single,sentinel,turnover_difference,all_original_classes,2,20261005,resnet_logit,0.0
potato,single,sentinel,turnover_difference,common_classes_n_ge_30,2,20261005,resnet_logit,0.0
potato,single,sentinel,turnover_difference,all_original_classes,3,20261006,colour_logit,0.0007333333333333
potato,single,sentinel,turnover_difference,common_classes_n_ge_30,3,20261006,colour_logit,0.0007333333333333
potato,single,sentinel,turnover_difference,all_original_classes,3,20261006,dinov2_cosine_1nn,0.0030055555555555
potato,single,sentinel,turnover_difference,common_classes_n_ge_30,3,20261006,dinov2_cosine_1nn,0.0030055555555555
potato,single,sentinel,turnover_difference,all_original_classes,3,20261006,dinov2_logit,0.0
potato,single,sentinel,turnover_difference,common_classes_n_ge_30,3,20261006,dinov2_logit,0.0
potato,single,sentinel,turnover_difference,all_original_classes,3,20261006,resnet_cosine_1nn,0.0006444444444444
potato,single,sentinel,turnover_difference,common_classes_n_ge_30,3,20261006,resnet_cosine_1nn,0.0006444444444444
potato,single,sentinel,turnover_difference,all_original_classes,3,20261006,resnet_logit,0.0001111111111111
potato,single,sentinel,turnover_difference,common_classes_n_ge_30,3,20261006,resnet_logit,0.0001111111111111
potato,single,sentinel,turnover_difference,all_original_classes,4,20261007,colour_logit,0.0011111111111111
potato,single,sentinel,turnover_difference,common_classes_n_ge_30,4,20261007,colour_logit,0.0011111111111111
potato,single,sentinel,turnover_difference,all_original_classes,4,20261007,dinov2_cosine_1nn,0.0
potato,single,sentinel,turnover_difference,common_classes_n_ge_30,4,20261007,dinov2_cosine_1nn,0.0
potato,single,sentinel,turnover_difference,all_original_classes,4,20261007,dinov2_logit,8.888888888888889e-05
potato,single,sentinel,turnover_difference,common_classes_n_ge_30,4,20261007,dinov2_logit,8.888888888888889e-05
potato,single,sentinel,turnover_difference,all_original_classes,4,20261007,resnet_cosine_1nn,-0.0034722222222222
potato,single,sentinel,turnover_difference,common_classes_n_ge_30,4,20261007,resnet_cosine_1nn,-0.0034722222222222
potato,single,sentinel,turnover_difference,all_original_classes,4,20261007,resnet_logit,0.0
potato,single,sentinel,turnover_difference,common_classes_n_ge_30,4,20261007,resnet_logit,0.0
potato,single,sentinel,turnover_difference,all_original_classes,5,20261008,colour_logit,0.0
potato,single,sentinel,turnover_difference,common_classes_n_ge_30,5,20261008,colour_logit,0.0
potato,single,sentinel,turnover_difference,all_original_classes,5,20261008,dinov2_cosine_1nn,0.0001777777777777
potato,single,sentinel,turnover_difference,common_classes_n_ge_30,5,20261008,dinov2_cosine_1nn,0.0001777777777777
potato,single,sentinel,turnover_difference,all_original_classes,5,20261008,dinov2_logit,8.888888888888889e-05
potato,single,sentinel,turnover_difference,common_classes_n_ge_30,5,20261008,dinov2_logit,8.888888888888889e-05
potato,single,sentinel,turnover_difference,all_original_classes,5,20261008,resnet_cosine_1nn,0.0
potato,single,sentinel,turnover_difference,common_classes_n_ge_30,5,20261008,resnet_cosine_1nn,0.0
potato,single,sentinel,turnover_difference,all_original_classes,5,20261008,resnet_logit,0.0
potato,single,sentinel,turnover_difference,common_classes_n_ge_30,5,20261008,resnet_logit,0.0
potato,single,sentinel,turnover_difference,all_original_classes,6,20261009,colour_logit,0.0
potato,single,sentinel,turnover_difference,common_classes_n_ge_30,6,20261009,colour_logit,0.0
potato,single,sentinel,turnover_difference,all_original_classes,6,20261009,dinov2_cosine_1nn,-0.0032944444444444
potato,single,sentinel,turnover_difference,common_classes_n_ge_30,6,20261009,dinov2_cosine_1nn,-0.0032944444444444
potato,single,sentinel,turnover_difference,all_original_classes,6,20261009,dinov2_logit,0.0008222222222222
potato,single,sentinel,turnover_difference,common_classes_n_ge_30,6,20261009,dinov2_logit,0.0008222222222222
potato,single,sentinel,turnover_difference,all_original_classes,6,20261009,resnet_cosine_1nn,0.0001777777777777
potato,single,sentinel,turnover_difference,common_classes_n_ge_30,6,20261009,resnet_cosine_1nn,0.0001777777777777
potato,single,sentinel,turnover_difference,all_original_classes,6,20261009,resnet_logit,-0.0006444444444444
potato,single,sentinel,turnover_difference,common_classes_n_ge_30,6,20261009,resnet_logit,-0.0006444444444444
potato,single,sentinel,turnover_difference,all_original_classes,7,20261010,colour_logit,0.0
potato,single,sentinel,turnover_difference,common_classes_n_ge_30,7,20261010,colour_logit,0.0
potato,single,sentinel,turnover_difference,all_original_classes,7,20261010,dinov2_cosine_1nn,-0.0001777777777777
potato,single,sentinel,turnover_difference,common_classes_n_ge_30,7,20261010,dinov2_cosine_1nn,-0.0001777777777777
potato,single,sentinel,turnover_difference,all_original_classes,7,20261010,dinov2_logit,0.0
potato,single,sentinel,turnover_difference,common_classes_n_ge_30,7,20261010,dinov2_logit,0.0
potato,single,sentinel,turnover_difference,all_original_classes,7,20261010,resnet_cosine_1nn,8.888888888888889e-05
potato,single,sentinel,turnover_difference,common_classes_n_ge_30,7,20261010,resnet_cosine_1nn,8.888888888888889e-05
potato,single,sentinel,turnover_difference,all_original_classes,7,20261010,resnet_logit,8.888888888888889e-05
potato,single,sentinel,turnover_difference,common_classes_n_ge_30,7,20261010,resnet_logit,8.888888888888889e-05
potato,single,sentinel,turnover_difference,all_original_classes,8,20261011,colour_logit,8.888888888888889e-05
potato,single,sentinel,turnover_difference,common_classes_n_ge_30,8,20261011,colour_logit,8.888888888888889e-05
potato,single,sentinel,turnover_difference,all_original_classes,8,20261011,dinov2_cosine_1nn,-0.0007333333333333
potato,single,sentinel,turnover_difference,common_classes_n_ge_30,8,20261011,dinov2_cosine_1nn,-0.0007333333333333
potato,single,sentinel,turnover_difference,all_original_classes,8,20261011,dinov2_logit,0.0
potato,single,sentinel,turnover_difference,common_classes_n_ge_30,8,20261011,dinov2_logit,0.0
potato,single,sentinel,turnover_difference,all_original_classes,8,20261011,resnet_cosine_1nn,0.0002888888888888
potato,single,sentinel,turnover_difference,common_classes_n_ge_30,8,20261011,resnet_cosine_1nn,0.0002888888888888
potato,single,sentinel,turnover_difference,all_original_classes,8,20261011,resnet_logit,0.0
potato,single,sentinel,turnover_difference,common_classes_n_ge_30,8,20261011,resnet_logit,0.0
potato,single,sentinel,turnover_difference,all_original_classes,9,20261012,colour_logit,-0.0011111111111111
potato,single,sentinel,turnover_difference,common_classes_n_ge_30,9,20261012,colour_logit,-0.0011111111111111
potato,single,sentinel,turnover_difference,all_original_classes,9,20261012,dinov2_cosine_1nn,8.888888888888889e-05
potato,single,sentinel,turnover_difference,common_classes_n_ge_30,9,20261012,dinov2_cosine_1nn,8.888888888888889e-05
potato,single,sentinel,turnover_difference,all_original_classes,9,20261012,dinov2_logit,-0.0034722222222222
potato,single,sentinel,turnover_difference,common_classes_n_ge_30,9,20261012,dinov2_logit,-0.0034722222222222
potato,single,sentinel,turnover_difference,all_original_classes,9,20261012,resnet_cosine_1nn,0.0002888888888888
potato,single,sentinel,turnover_difference,common_classes_n_ge_30,9,20261012,resnet_cosine_1nn,0.0002888888888888
potato,single,sentinel,turnover_difference,all_original_classes,9,20261012,resnet_logit,0.0
potato,single,sentinel,turnover_difference,common_classes_n_ge_30,9,20261012,resnet_logit,0.0
