model,outer_fold,images,acquisition_days,balanced_accuracy,auroc,brier
color_shortcut_logit,0,291,22,0.8211572180011689,0.9167153711279954,0.09036332818993076
color_shortcut_logit,1,441,20,0.8571407624633431,0.9429618768328446,0.08079070636113875
color_shortcut_logit,2,365,25,0.7988695652173914,0.8893913043478262,0.11739013655747044
color_shortcut_logit,3,311,18,0.8534883720930233,0.9404134366925064,0.11389547548019788
color_shortcut_logit,4,235,18,0.8705482006339735,0.9584187954503076,0.09294311162995024
convnext_tiny_logit,0,291,22,0.9530245470485097,0.9852425482174167,0.03659733376215583
convnext_tiny_logit,1,441,20,0.9682697947214076,0.9891202346041055,0.027155608968344513
convnext_tiny_logit,2,365,25,0.9301739130434783,0.9822608695652173,0.05080876578075773
convnext_tiny_logit,3,311,18,0.9003359173126615,0.9735400516795866,0.058312579238933
convnext_tiny_logit,4,235,18,0.9382341972776431,0.9889986947603953,0.031673716429516705
efficientnet_b0_logit,0,291,22,0.8957115721800117,0.9580654587960257,0.07141771911576006
efficientnet_b0_logit,1,441,20,0.9465395894428152,0.9814076246334311,0.03540764809842271
efficientnet_b0_logit,2,365,25,0.944608695652174,0.9861913043478261,0.048766846724318684
efficientnet_b0_logit,3,311,18,0.8928165374677002,0.975968992248062,0.06254724004502932
efficientnet_b0_logit,4,235,18,0.9388402013798247,0.9877866865560321,0.03350150032337291
handcrafted_logit,0,291,22,0.7344023962594973,0.8633109292811221,0.10847466198133425
handcrafted_logit,1,441,20,0.7781524926686216,0.8895894428152493,0.10181833535073503
handcrafted_logit,2,365,25,0.7960869565217391,0.8917217391304348,0.12108807311377097
handcrafted_logit,3,311,18,0.8230490956072352,0.9140051679586563,0.09848280324632952
handcrafted_logit,4,235,18,0.8932034309155323,0.9526384486294985,0.08578601011957022
prior_prevalence,0,291,22,0.5,0.5,0.165963935137442
prior_prevalence,1,441,20,0.5,0.5,0.17703009952794108
prior_prevalence,2,365,25,0.5,0.5,0.22140277057739258
prior_prevalence,3,311,18,0.5,0.5,0.20064924575222656
prior_prevalence,4,235,18,0.5,0.5,0.19429002000175838
resnet18_logit,0,291,22,0.8784701928696668,0.9607685563997662,0.06146848184595176
resnet18_logit,1,441,20,0.9732697947214076,0.9944281524926686,0.027263026465421267
resnet18_logit,2,365,25,0.9392173913043478,0.9871652173913044,0.04707907920838951
resnet18_logit,3,311,18,0.8762273901808786,0.9629457364341085,0.08372388601652293
resnet18_logit,4,235,18,0.9399123624836845,0.9918888681708,0.03256371884690035
swin_t_logit,0,291,22,0.9638004091174752,0.9908679135008767,0.027655133007596647
swin_t_logit,1,441,20,0.9768035190615836,0.9907038123167154,0.015787284049946004
swin_t_logit,2,365,25,0.9325217391304348,0.9846608695652175,0.0519929880714273
swin_t_logit,3,311,18,0.9225581395348837,0.983875968992248,0.058992191988211935
swin_t_logit,4,235,18,0.9688140965877308,0.9970165951892597,0.02032738901265306
