kind,row_idx,family_id,original_filename,local_path,sha256
raw,562,,149.jpg,data/cold_raw_hf/iris_yellow_virus/row_0562.jpg,8a8ace0c1694c17e842fc2daa31a9b614241aff0e461bc9160ed659d775b7ad2
raw,789,,150.jpg,data/cold_raw_hf/iris_yellow_virus/row_0789.jpg,8a8ace0c1694c17e842fc2daa31a9b614241aff0e461bc9160ed659d775b7ad2
augmented,3803,iris_yellow_virus:parent_0024,dr_24_2966.jpg,data/cold_augmented_hf/iris_yellow_virus/row_3803.jpg,b67456f9edcedca4d7a8ef8339f8a45fc81eb19f0fce0854c0fa16fb0b8727a0
augmented,3994,iris_yellow_virus:parent_0024,dr_24_7385.jpg,data/cold_augmented_hf/iris_yellow_virus/row_3994.jpg,4a72a2c73e94baa79a3ade13ea4ea6842c2e4e888b9038d17355f6be9f2a3e0c
augmented,4082,iris_yellow_virus:parent_0024,dr_24_251.jpg,data/cold_augmented_hf/iris_yellow_virus/row_4082.jpg,cffb710dd32e08672b4bff526d1fce5725143e5eea7eba844899362a0016c135
augmented,4418,iris_yellow_virus:parent_0024,dr_24_5872.jpg,data/cold_augmented_hf/iris_yellow_virus/row_4418.jpg,4dc06ff9c22059a7040324dd1b392c961d3868c383c4d13471e1680ca4ce6f47
augmented,3339,iris_yellow_virus:parent_0025,dr_25_4426.jpg,data/cold_augmented_hf/iris_yellow_virus/row_3339.jpg,e0378846b83ecc35cc76bab21a4697b88512d85148a4bc49bc60c3e02b8d8229
augmented,3383,iris_yellow_virus:parent_0025,dr_25_2324.jpg,data/cold_augmented_hf/iris_yellow_virus/row_3383.jpg,d8f24fff581b300acdc1ac33d23f8829821fd1488de1c966b5374bb6bb5c8201
augmented,4194,iris_yellow_virus:parent_0025,dr_25_7737.jpg,data/cold_augmented_hf/iris_yellow_virus/row_4194.jpg,3edf5242f26c1d72030768d2c9d589927cc5f4e4d1bb463a84fd4303df095add
augmented,4252,iris_yellow_virus:parent_0025,dr_25_6762.jpg,data/cold_augmented_hf/iris_yellow_virus/row_4252.jpg,f079b74b7fea9c990f95c63f1a280999f0df0aca83b3d3e44e9f576430e93c47
