artifact,status,rows,columns_checked,excluded_columns,canonical_sha256,rerun_sha256
predictions.csv.gz,PASS_EXACT,88200,15,,a4659a32fd7743ecff431fe41916cb68348aa96805bc616de2027a020944ae48,a4659a32fd7743ecff431fe41916cb68348aa96805bc616de2027a020944ae48
family_membership.csv.gz,PASS_EXACT,24480,12,,8587d4d2ea298f286b2b47e0ad16e9afdaa07febbb22e9d26814b183a61daeb0,8587d4d2ea298f286b2b47e0ad16e9afdaa07febbb22e9d26814b183a61daeb0
class_recall.csv,PASS_EXACT,2160,10,,c18961c479abec47fa64b4286d7ed7c661389229fe2cdcd31ccf5cc1c7695819,c18961c479abec47fa64b4286d7ed7c661389229fe2cdcd31ccf5cc1c7695819
execution_checks.csv,PASS_EXACT,90,18,,4d0248cb003ae15ac6ad20933003e7d7ca95788da745023e72bfdf442d84fe1b,4d0248cb003ae15ac6ad20933003e7d7ca95788da745023e72bfdf442d84fe1b
aggregate_metrics.csv,PASS_EXACT,144,10,,7343c4b1ac1c5a767fdf192ec33e189fe3d232216da6cede8a53e87df4f9de49,7343c4b1ac1c5a767fdf192ec33e189fe3d232216da6cede8a53e87df4f9de49
paired_differences.csv,PASS_EXACT,2880,7,,d2a0b3f16a2e4d2a8d549e1d1cf442d9bdb50a0104f1d213d1bc904a7f5e9cb3,d2a0b3f16a2e4d2a8d549e1d1cf442d9bdb50a0104f1d213d1bc904a7f5e9cb3
paired_summary.csv,PASS_EXACT,96,13,,b32c62b04d8b23596049a332ed3850964de8b26498f59ff6e26a7f72f4f7f4f7,b32c62b04d8b23596049a332ed3850964de8b26498f59ff6e26a7f72f4f7f4f7
localization_contrasts.csv,PASS_EXACT,1440,8,,79f842cdb34a81673e29556999cae7e5ed4d3f8f583b156302341f9fed1a49d4,79f842cdb34a81673e29556999cae7e5ed4d3f8f583b156302341f9fed1a49d4
localization_summary.csv,PASS_EXACT,48,12,,415953769ae17624bf1e10f450321e4472883a15b951c5cb5f29af939e5f4c79,415953769ae17624bf1e10f450321e4472883a15b951c5cb5f29af939e5f4c79
repeated_metrics.csv,PASS_EXACT,720,14,fit_predict_seconds,05de0eecd8c57a8b8b23878621f0b5d616b01f857bdc584beda2bd9833b564b6,e174cb542fe17bdea99431cdc059411ab21be7025c2fb4a84a9eef2c638d2151
design.json,PASS_EXACT,1,34,frozen_utc,ce542a8f4492c66769968dee435b06d6d2378dc7b13a3f64b36955baef9a9b93,920e2073d7de291291d5e5e7ddde361f5eb66d658fd01cba8c1f196bc979b3a9
run_metadata.json,PASS_EXACT,1,11,"completed_utc,elapsed_seconds,design_sha256",e0180916bae5c3ebada22a87211654511cd1937ce810963303b1a64d1a483311,21ab667b133b3d2f5d68d8f2592e5c7905acc8f8bd481081bca00ca8900b7c6a
warnings.json,PASS_EXACT,1,2,,d4c297fbc5dc39de8628b6197592fe5b2ead3cedf74c24558e494db9e8bbeeee,d4c297fbc5dc39de8628b6197592fe5b2ead3cedf74c24558e494db9e8bbeeee
matched_sibling_intervention_v1/manifest.csv,PASS_ALL_HASHES,15,3,,2e014a298fa5dae710c0d8ad7e4baf14d7ed071a59d17454e7d106321b1fa114,
matched_sibling_intervention_v1_rerun/manifest.csv,PASS_ALL_HASHES,15,3,,977cea8829665ccdc762a855a8915a1c861c1f5021d061854a65b39692066c0a,
