dataset,split_a,split_b,target_intersection,target_jaccard,q0_train_intersection,q0_train_jaccard,a_target_in_b_training
onion,0,1,21,0.12280701754385964,119,0.3296398891966759,45
onion,0,2,20,0.11627906976744186,120,0.3333333333333333,42
onion,0,3,15,0.0847457627118644,118,0.3259668508287293,47
onion,0,4,22,0.12941176470588237,118,0.3259668508287293,53
onion,0,5,23,0.13609467455621302,123,0.3445378151260504,44
onion,0,6,19,0.10982658959537572,123,0.3445378151260504,46
onion,0,7,22,0.12941176470588237,116,0.31868131868131866,43
onion,0,8,16,0.09090909090909091,113,0.3079019073569482,49
onion,0,9,26,0.1566265060240964,121,0.3370473537604457,46
onion,1,2,15,0.0847457627118644,115,0.3150684931506849,52
onion,1,3,26,0.1566265060240964,124,0.34831460674157305,50
onion,1,4,17,0.09714285714285714,116,0.31868131868131866,52
onion,1,5,22,0.12941176470588237,120,0.3333333333333333,50
onion,1,6,26,0.1566265060240964,131,0.3753581661891118,39
onion,1,7,19,0.10982658959537572,124,0.34831460674157305,50
onion,1,8,18,0.10344827586206896,129,0.36752136752136755,40
onion,1,9,12,0.06666666666666667,123,0.3445378151260504,54
onion,2,3,15,0.0847457627118644,115,0.3150684931506849,51
onion,2,4,19,0.10982658959537572,129,0.36752136752136755,43
onion,2,5,22,0.12941176470588237,129,0.36752136752136755,45
onion,2,6,21,0.12280701754385964,124,0.34831460674157305,43
onion,2,7,12,0.06666666666666667,113,0.3079019073569482,58
onion,2,8,17,0.09714285714285714,117,0.32231404958677684,50
onion,2,9,18,0.10344827586206896,120,0.3333333333333333,52
onion,3,4,12,0.06666666666666667,126,0.3559322033898305,47
onion,3,5,21,0.12280701754385964,116,0.31868131868131866,45
onion,3,6,17,0.09714285714285714,109,0.29380053908355797,47
onion,3,7,20,0.11627906976744186,120,0.3333333333333333,45
onion,3,8,19,0.10982658959537572,122,0.3407821229050279,45
onion,3,9,18,0.10344827586206896,120,0.3333333333333333,42
onion,4,5,18,0.10344827586206896,118,0.3259668508287293,48
onion,4,6,23,0.13609467455621302,117,0.32231404958677684,49
onion,4,7,17,0.09714285714285714,111,0.3008130081300813,58
onion,4,8,26,0.1566265060240964,120,0.3333333333333333,46
onion,4,9,21,0.12280701754385964,134,0.3872832369942196,45
onion,5,6,25,0.1497005988023952,131,0.3753581661891118,41
onion,5,7,23,0.13609467455621302,123,0.3445378151260504,50
onion,5,8,26,0.1566265060240964,128,0.36363636363636365,41
onion,5,9,20,0.11627906976744186,117,0.32231404958677684,53
onion,6,7,21,0.12280701754385964,117,0.32231404958677684,48
onion,6,8,17,0.09714285714285714,115,0.3150684931506849,46
onion,6,9,15,0.0847457627118644,118,0.3259668508287293,50
onion,7,8,16,0.09090909090909091,121,0.3370473537604457,53
onion,7,9,20,0.11627906976744186,124,0.34831460674157305,49
onion,8,9,15,0.0847457627118644,114,0.3114754098360656,52
potato,0,1,24,0.125,136,0.34,58
potato,0,2,29,0.15508021390374332,135,0.33665835411471323,57
potato,0,3,22,0.1134020618556701,133,0.33002481389578164,58
potato,0,4,22,0.1134020618556701,139,0.3501259445843829,55
potato,0,5,21,0.1076923076923077,130,0.32019704433497537,53
potato,0,6,23,0.11917098445595854,137,0.3433583959899749,55
potato,0,7,23,0.11917098445595854,140,0.35353535353535354,55
potato,0,8,16,0.08,126,0.3073170731707317,63
potato,0,9,22,0.1134020618556701,137,0.3433583959899749,50
potato,1,2,23,0.11917098445595854,145,0.37084398976982097,52
potato,1,3,21,0.1076923076923077,124,0.30097087378640774,62
potato,1,4,29,0.15508021390374332,129,0.31695331695331697,51
potato,1,5,20,0.10204081632653061,121,0.29156626506024097,62
potato,1,6,20,0.10204081632653061,119,0.2853717026378897,59
potato,1,7,18,0.09090909090909091,128,0.3137254901960784,54
potato,1,8,20,0.10204081632653061,135,0.33665835411471323,55
potato,1,9,20,0.10204081632653061,131,0.3234567901234568,53
potato,2,3,28,0.14893617021276595,132,0.32673267326732675,51
potato,2,4,23,0.11917098445595854,134,0.3333333333333333,56
potato,2,5,25,0.13089005235602094,140,0.35353535353535354,53
potato,2,6,24,0.125,121,0.29156626506024097,53
potato,2,7,25,0.13089005235602094,137,0.3433583959899749,42
potato,2,8,18,0.09090909090909091,133,0.33002481389578164,52
potato,2,9,27,0.14285714285714285,139,0.3501259445843829,47
potato,3,4,22,0.1134020618556701,126,0.3073170731707317,63
potato,3,5,18,0.09090909090909091,125,0.30413625304136255,53
potato,3,6,25,0.13089005235602094,126,0.3073170731707317,56
potato,3,7,24,0.125,134,0.3333333333333333,47
potato,3,8,20,0.10204081632653061,136,0.34,47
potato,3,9,18,0.09090909090909091,127,0.3105134474327628,59
potato,4,5,27,0.14285714285714285,140,0.35353535353535354,50
potato,4,6,19,0.09644670050761421,145,0.37084398976982097,57
potato,4,7,24,0.125,130,0.32019704433497537,58
potato,4,8,19,0.09644670050761421,134,0.3333333333333333,51
potato,4,9,20,0.10204081632653061,144,0.3673469387755102,50
potato,5,6,18,0.09090909090909091,142,0.3604060913705584,51
potato,5,7,22,0.1134020618556701,133,0.33002481389578164,56
potato,5,8,24,0.125,128,0.3137254901960784,58
potato,5,9,21,0.1076923076923077,138,0.34673366834170855,58
potato,6,7,23,0.11917098445595854,134,0.3333333333333333,52
potato,6,8,21,0.1076923076923077,130,0.32019704433497537,57
potato,6,9,20,0.10204081632653061,130,0.32019704433497537,51
potato,7,8,21,0.1076923076923077,141,0.3569620253164557,54
potato,7,9,23,0.11917098445595854,131,0.3234567901234568,54
potato,8,9,21,0.1076923076923077,144,0.3673469387755102,52
