repetition,seed,model,target_label,zero_BA,sham_BA,exposure_BA,policy_BA_difference,corrected_relative_to_sham,harmed_relative_to_sham,sham_error_headroom,unchanged_correctness,dataset
0,20261003,colour_logit,healthy,0.4782608695652174,0.4782608695652174,0.5869565217391305,0.10869565217391304,0.10869565217391304,0.0,0.5217391304347826,0.8913043478260869,onion
0,20261003,colour_logit,iris_yellow_virus,0.47368421052631576,0.5,0.6578947368421053,0.15789473684210525,0.15789473684210525,0.0,0.5,0.8421052631578947,onion
0,20261003,colour_logit,purple_blotch,0.5,0.5,0.5,0.0,0.0,0.0,0.5,1.0,onion
0,20261003,colour_logit,stemphylium_colletotrichum_leaf_blight,0.5,0.5,0.9,0.4,0.4,0.0,0.5,0.6,onion
0,20261003,dinov2_cosine_1nn,healthy,0.6521739130434783,0.6521739130434783,0.9782608695652174,0.32608695652173914,0.32608695652173914,0.0,0.34782608695652173,0.6739130434782609,onion
0,20261003,dinov2_cosine_1nn,iris_yellow_virus,0.6842105263157895,0.6842105263157895,0.9473684210526315,0.2631578947368421,0.2631578947368421,0.0,0.3157894736842105,0.7368421052631579,onion
0,20261003,dinov2_cosine_1nn,purple_blotch,0.5,0.5,1.0,0.5,0.5,0.0,0.5,0.5,onion
0,20261003,dinov2_cosine_1nn,stemphylium_colletotrichum_leaf_blight,0.4,0.4,1.0,0.6,0.6,0.0,0.6,0.4,onion
0,20261003,dinov2_logit,healthy,0.8695652173913043,0.8695652173913043,0.9130434782608695,0.043478260869565216,0.043478260869565216,0.0,0.13043478260869565,0.9565217391304348,onion
0,20261003,dinov2_logit,iris_yellow_virus,0.8421052631578947,0.8157894736842105,0.8947368421052632,0.07894736842105263,0.07894736842105263,0.0,0.18421052631578946,0.9210526315789473,onion
0,20261003,dinov2_logit,purple_blotch,1.0,1.0,1.0,0.0,0.0,0.0,0.0,1.0,onion
0,20261003,dinov2_logit,stemphylium_colletotrichum_leaf_blight,0.7,0.7,0.9,0.2,0.2,0.0,0.3,0.8,onion
0,20261003,resnet_cosine_1nn,healthy,0.6956521739130435,0.6956521739130435,0.8913043478260869,0.1956521739130435,0.1956521739130435,0.0,0.30434782608695654,0.8043478260869565,onion
0,20261003,resnet_cosine_1nn,iris_yellow_virus,0.631578947368421,0.631578947368421,0.9473684210526315,0.3157894736842105,0.3157894736842105,0.0,0.3684210526315789,0.6842105263157895,onion
0,20261003,resnet_cosine_1nn,purple_blotch,0.5,0.5,1.0,0.5,0.5,0.0,0.5,0.5,onion
0,20261003,resnet_cosine_1nn,stemphylium_colletotrichum_leaf_blight,0.2,0.2,0.7,0.5,0.5,0.0,0.8,0.5,onion
0,20261003,resnet_logit,healthy,0.8478260869565217,0.8043478260869565,0.9347826086956522,0.13043478260869565,0.13043478260869565,0.0,0.1956521739130435,0.8695652173913043,onion
0,20261003,resnet_logit,iris_yellow_virus,0.631578947368421,0.631578947368421,0.7368421052631579,0.10526315789473684,0.10526315789473684,0.0,0.3684210526315789,0.8947368421052632,onion
0,20261003,resnet_logit,purple_blotch,1.0,1.0,1.0,0.0,0.0,0.0,0.0,1.0,onion
0,20261003,resnet_logit,stemphylium_colletotrichum_leaf_blight,0.5,0.5,0.7,0.2,0.2,0.0,0.5,0.8,onion
1,20261004,colour_logit,healthy,0.5,0.4782608695652174,0.5652173913043478,0.08695652173913043,0.08695652173913043,0.0,0.5217391304347826,0.9130434782608695,onion
1,20261004,colour_logit,iris_yellow_virus,0.3684210526315789,0.3684210526315789,0.5526315789473685,0.18421052631578946,0.18421052631578946,0.0,0.631578947368421,0.8157894736842105,onion
1,20261004,colour_logit,purple_blotch,0.5,0.5,1.0,0.5,0.5,0.0,0.5,0.5,onion
1,20261004,colour_logit,stemphylium_colletotrichum_leaf_blight,0.4,0.4,0.9,0.5,0.5,0.0,0.6,0.5,onion
1,20261004,dinov2_cosine_1nn,healthy,0.782608695652174,0.782608695652174,0.9565217391304348,0.17391304347826086,0.17391304347826086,0.0,0.21739130434782608,0.8260869565217391,onion
1,20261004,dinov2_cosine_1nn,iris_yellow_virus,0.7105263157894737,0.7105263157894737,0.9210526315789473,0.21052631578947367,0.21052631578947367,0.0,0.2894736842105263,0.7894736842105263,onion
1,20261004,dinov2_cosine_1nn,purple_blotch,0.0,0.5,1.0,0.5,0.5,0.0,0.5,0.5,onion
1,20261004,dinov2_cosine_1nn,stemphylium_colletotrichum_leaf_blight,0.5,0.5,1.0,0.5,0.5,0.0,0.5,0.5,onion
1,20261004,dinov2_logit,healthy,0.8695652173913043,0.8695652173913043,0.9347826086956522,0.06521739130434782,0.06521739130434782,0.0,0.13043478260869565,0.9347826086956522,onion
1,20261004,dinov2_logit,iris_yellow_virus,0.6842105263157895,0.6842105263157895,0.7894736842105263,0.10526315789473684,0.10526315789473684,0.0,0.3157894736842105,0.8947368421052632,onion
1,20261004,dinov2_logit,purple_blotch,0.5,1.0,1.0,0.0,0.0,0.0,0.0,1.0,onion
1,20261004,dinov2_logit,stemphylium_colletotrichum_leaf_blight,0.5,0.6,1.0,0.4,0.4,0.0,0.4,0.6,onion
1,20261004,resnet_cosine_1nn,healthy,0.6521739130434783,0.6521739130434783,0.8913043478260869,0.2391304347826087,0.2391304347826087,0.0,0.34782608695652173,0.7608695652173914,onion
1,20261004,resnet_cosine_1nn,iris_yellow_virus,0.5789473684210527,0.5789473684210527,0.9210526315789473,0.34210526315789475,0.34210526315789475,0.0,0.42105263157894735,0.6578947368421053,onion
1,20261004,resnet_cosine_1nn,purple_blotch,0.0,0.0,1.0,1.0,1.0,0.0,1.0,0.0,onion
1,20261004,resnet_cosine_1nn,stemphylium_colletotrichum_leaf_blight,0.4,0.4,1.0,0.6,0.6,0.0,0.6,0.4,onion
1,20261004,resnet_logit,healthy,0.8043478260869565,0.8043478260869565,0.8695652173913043,0.06521739130434782,0.06521739130434782,0.0,0.1956521739130435,0.9347826086956522,onion
1,20261004,resnet_logit,iris_yellow_virus,0.6052631578947368,0.631578947368421,0.7105263157894737,0.07894736842105263,0.07894736842105263,0.0,0.3684210526315789,0.9210526315789473,onion
1,20261004,resnet_logit,purple_blotch,0.5,0.0,1.0,1.0,1.0,0.0,1.0,0.0,onion
1,20261004,resnet_logit,stemphylium_colletotrichum_leaf_blight,0.5,0.5,0.9,0.4,0.4,0.0,0.5,0.6,onion
2,20261005,colour_logit,healthy,0.45652173913043476,0.45652173913043476,0.6521739130434783,0.1956521739130435,0.1956521739130435,0.0,0.5434782608695652,0.8043478260869565,onion
2,20261005,colour_logit,iris_yellow_virus,0.3684210526315789,0.34210526315789475,0.5263157894736842,0.18421052631578946,0.18421052631578946,0.0,0.6578947368421053,0.8157894736842105,onion
2,20261005,colour_logit,purple_blotch,0.0,0.0,1.0,1.0,1.0,0.0,1.0,0.0,onion
2,20261005,colour_logit,stemphylium_colletotrichum_leaf_blight,0.4,0.3,0.8,0.5,0.5,0.0,0.7,0.5,onion
2,20261005,dinov2_cosine_1nn,healthy,0.782608695652174,0.782608695652174,0.9782608695652174,0.1956521739130435,0.1956521739130435,0.0,0.21739130434782608,0.8043478260869565,onion
2,20261005,dinov2_cosine_1nn,iris_yellow_virus,0.6578947368421053,0.6578947368421053,1.0,0.34210526315789475,0.34210526315789475,0.0,0.34210526315789475,0.6578947368421053,onion
2,20261005,dinov2_cosine_1nn,purple_blotch,0.0,0.0,1.0,1.0,1.0,0.0,1.0,0.0,onion
2,20261005,dinov2_cosine_1nn,stemphylium_colletotrichum_leaf_blight,0.5,0.5,1.0,0.5,0.5,0.0,0.5,0.5,onion
2,20261005,dinov2_logit,healthy,0.8478260869565217,0.8478260869565217,0.8913043478260869,0.043478260869565216,0.043478260869565216,0.0,0.15217391304347827,0.9565217391304348,onion
2,20261005,dinov2_logit,iris_yellow_virus,0.8157894736842105,0.8157894736842105,0.868421052631579,0.05263157894736842,0.05263157894736842,0.0,0.18421052631578946,0.9473684210526315,onion
2,20261005,dinov2_logit,purple_blotch,0.5,0.5,1.0,0.5,0.5,0.0,0.5,0.5,onion
2,20261005,dinov2_logit,stemphylium_colletotrichum_leaf_blight,0.7,0.7,1.0,0.3,0.3,0.0,0.3,0.7,onion
2,20261005,resnet_cosine_1nn,healthy,0.6956521739130435,0.6956521739130435,0.9130434782608695,0.21739130434782608,0.21739130434782608,0.0,0.30434782608695654,0.782608695652174,onion
2,20261005,resnet_cosine_1nn,iris_yellow_virus,0.7105263157894737,0.7105263157894737,1.0,0.2894736842105263,0.2894736842105263,0.0,0.2894736842105263,0.7105263157894737,onion
2,20261005,resnet_cosine_1nn,purple_blotch,0.0,0.0,1.0,1.0,1.0,0.0,1.0,0.0,onion
2,20261005,resnet_cosine_1nn,stemphylium_colletotrichum_leaf_blight,0.3,0.3,0.9,0.6,0.6,0.0,0.7,0.4,onion
2,20261005,resnet_logit,healthy,0.6739130434782609,0.6956521739130435,0.8478260869565217,0.15217391304347827,0.15217391304347827,0.0,0.30434782608695654,0.8478260869565217,onion
2,20261005,resnet_logit,iris_yellow_virus,0.7368421052631579,0.7631578947368421,0.8421052631578947,0.07894736842105263,0.07894736842105263,0.0,0.23684210526315788,0.9210526315789473,onion
2,20261005,resnet_logit,purple_blotch,0.0,0.0,0.5,0.5,0.5,0.0,1.0,0.5,onion
2,20261005,resnet_logit,stemphylium_colletotrichum_leaf_blight,0.5,0.6,0.7,0.1,0.1,0.0,0.4,0.9,onion
3,20261006,colour_logit,healthy,0.391304347826087,0.391304347826087,0.5217391304347826,0.13043478260869565,0.13043478260869565,0.0,0.6086956521739131,0.8695652173913043,onion
3,20261006,colour_logit,iris_yellow_virus,0.42105263157894735,0.4473684210526316,0.5526315789473685,0.10526315789473684,0.10526315789473684,0.0,0.5526315789473685,0.8947368421052632,onion
3,20261006,colour_logit,purple_blotch,0.5,0.5,1.0,0.5,0.5,0.0,0.5,0.5,onion
3,20261006,colour_logit,stemphylium_colletotrichum_leaf_blight,0.5,0.5,0.8,0.3,0.3,0.0,0.5,0.7,onion
3,20261006,dinov2_cosine_1nn,healthy,0.717391304347826,0.717391304347826,0.9347826086956522,0.21739130434782608,0.21739130434782608,0.0,0.2826086956521739,0.782608695652174,onion
3,20261006,dinov2_cosine_1nn,iris_yellow_virus,0.7105263157894737,0.7105263157894737,0.9473684210526315,0.23684210526315788,0.23684210526315788,0.0,0.2894736842105263,0.7631578947368421,onion
3,20261006,dinov2_cosine_1nn,purple_blotch,0.0,0.0,1.0,1.0,1.0,0.0,1.0,0.0,onion
3,20261006,dinov2_cosine_1nn,stemphylium_colletotrichum_leaf_blight,0.2,0.2,0.8,0.6,0.6,0.0,0.8,0.4,onion
3,20261006,dinov2_logit,healthy,0.8695652173913043,0.8695652173913043,0.8913043478260869,0.021739130434782608,0.021739130434782608,0.0,0.13043478260869565,0.9782608695652174,onion
3,20261006,dinov2_logit,iris_yellow_virus,0.7631578947368421,0.7631578947368421,0.8947368421052632,0.13157894736842105,0.13157894736842105,0.0,0.23684210526315788,0.868421052631579,onion
3,20261006,dinov2_logit,purple_blotch,1.0,1.0,1.0,0.0,0.0,0.0,0.0,1.0,onion
3,20261006,dinov2_logit,stemphylium_colletotrichum_leaf_blight,0.9,0.9,0.9,0.0,0.0,0.0,0.1,1.0,onion
3,20261006,resnet_cosine_1nn,healthy,0.6739130434782609,0.6739130434782609,0.9782608695652174,0.30434782608695654,0.30434782608695654,0.0,0.32608695652173914,0.6956521739130435,onion
3,20261006,resnet_cosine_1nn,iris_yellow_virus,0.5789473684210527,0.5789473684210527,0.8421052631578947,0.2631578947368421,0.2631578947368421,0.0,0.42105263157894735,0.7368421052631579,onion
3,20261006,resnet_cosine_1nn,purple_blotch,0.0,0.0,0.5,0.5,0.5,0.0,1.0,0.5,onion
3,20261006,resnet_cosine_1nn,stemphylium_colletotrichum_leaf_blight,0.5,0.5,0.9,0.4,0.4,0.0,0.5,0.6,onion
3,20261006,resnet_logit,healthy,0.8260869565217391,0.8260869565217391,0.8260869565217391,0.0,0.0,0.0,0.17391304347826086,1.0,onion
3,20261006,resnet_logit,iris_yellow_virus,0.6842105263157895,0.7631578947368421,0.868421052631579,0.10526315789473684,0.10526315789473684,0.0,0.23684210526315788,0.8947368421052632,onion
3,20261006,resnet_logit,purple_blotch,0.5,0.5,1.0,0.5,0.5,0.0,0.5,0.5,onion
3,20261006,resnet_logit,stemphylium_colletotrichum_leaf_blight,0.5,0.7,0.9,0.2,0.2,0.0,0.3,0.8,onion
4,20261007,colour_logit,healthy,0.5,0.5217391304347826,0.6304347826086957,0.10869565217391304,0.10869565217391304,0.0,0.4782608695652174,0.8913043478260869,onion
4,20261007,colour_logit,iris_yellow_virus,0.39473684210526316,0.42105263157894735,0.7368421052631579,0.3157894736842105,0.3157894736842105,0.0,0.5789473684210527,0.6842105263157895,onion
4,20261007,colour_logit,purple_blotch,0.5,1.0,1.0,0.0,0.0,0.0,0.0,1.0,onion
4,20261007,colour_logit,stemphylium_colletotrichum_leaf_blight,0.4,0.3,0.8,0.5,0.5,0.0,0.7,0.5,onion
4,20261007,dinov2_cosine_1nn,healthy,0.7391304347826086,0.7391304347826086,0.9782608695652174,0.2391304347826087,0.2391304347826087,0.0,0.2608695652173913,0.7608695652173914,onion
4,20261007,dinov2_cosine_1nn,iris_yellow_virus,0.5,0.5,0.9210526315789473,0.42105263157894735,0.42105263157894735,0.0,0.5,0.5789473684210527,onion
4,20261007,dinov2_cosine_1nn,purple_blotch,0.0,0.0,0.5,0.5,0.5,0.0,1.0,0.5,onion
4,20261007,dinov2_cosine_1nn,stemphylium_colletotrichum_leaf_blight,0.3,0.3,1.0,0.7,0.7,0.0,0.7,0.3,onion
4,20261007,dinov2_logit,healthy,0.8478260869565217,0.8260869565217391,0.9130434782608695,0.08695652173913043,0.08695652173913043,0.0,0.17391304347826086,0.9130434782608695,onion
4,20261007,dinov2_logit,iris_yellow_virus,0.7631578947368421,0.7894736842105263,0.9473684210526315,0.15789473684210525,0.15789473684210525,0.0,0.21052631578947367,0.8421052631578947,onion
4,20261007,dinov2_logit,purple_blotch,0.5,0.5,1.0,0.5,0.5,0.0,0.5,0.5,onion
4,20261007,dinov2_logit,stemphylium_colletotrichum_leaf_blight,0.8,0.8,0.8,0.0,0.0,0.0,0.2,1.0,onion
4,20261007,resnet_cosine_1nn,healthy,0.5652173913043478,0.5652173913043478,0.9347826086956522,0.3695652173913043,0.3695652173913043,0.0,0.43478260869565216,0.6304347826086957,onion
4,20261007,resnet_cosine_1nn,iris_yellow_virus,0.5789473684210527,0.5789473684210527,0.9210526315789473,0.34210526315789475,0.34210526315789475,0.0,0.42105263157894735,0.6578947368421053,onion
4,20261007,resnet_cosine_1nn,purple_blotch,0.0,0.0,0.5,0.5,0.5,0.0,1.0,0.5,onion
4,20261007,resnet_cosine_1nn,stemphylium_colletotrichum_leaf_blight,0.1,0.1,0.8,0.7,0.7,0.0,0.9,0.3,onion
4,20261007,resnet_logit,healthy,0.8695652173913043,0.8695652173913043,0.9130434782608695,0.043478260869565216,0.043478260869565216,0.0,0.13043478260869565,0.9565217391304348,onion
4,20261007,resnet_logit,iris_yellow_virus,0.631578947368421,0.631578947368421,0.8421052631578947,0.21052631578947367,0.21052631578947367,0.0,0.3684210526315789,0.7894736842105263,onion
4,20261007,resnet_logit,purple_blotch,0.0,0.5,1.0,0.5,0.5,0.0,0.5,0.5,onion
4,20261007,resnet_logit,stemphylium_colletotrichum_leaf_blight,0.4,0.5,0.8,0.3,0.3,0.0,0.5,0.7,onion
5,20261008,colour_logit,healthy,0.5869565217391305,0.5652173913043478,0.6521739130434783,0.08695652173913043,0.08695652173913043,0.0,0.43478260869565216,0.9130434782608695,onion
5,20261008,colour_logit,iris_yellow_virus,0.3684210526315789,0.42105263157894735,0.5263157894736842,0.10526315789473684,0.10526315789473684,0.0,0.5789473684210527,0.8947368421052632,onion
5,20261008,colour_logit,purple_blotch,0.5,0.5,1.0,0.5,0.5,0.0,0.5,0.5,onion
5,20261008,colour_logit,stemphylium_colletotrichum_leaf_blight,0.4,0.4,0.8,0.4,0.4,0.0,0.6,0.6,onion
5,20261008,dinov2_cosine_1nn,healthy,0.8043478260869565,0.8043478260869565,1.0,0.1956521739130435,0.1956521739130435,0.0,0.1956521739130435,0.8043478260869565,onion
5,20261008,dinov2_cosine_1nn,iris_yellow_virus,0.6842105263157895,0.6842105263157895,1.0,0.3157894736842105,0.3157894736842105,0.0,0.3157894736842105,0.6842105263157895,onion
5,20261008,dinov2_cosine_1nn,purple_blotch,0.0,0.0,1.0,1.0,1.0,0.0,1.0,0.0,onion
5,20261008,dinov2_cosine_1nn,stemphylium_colletotrichum_leaf_blight,0.4,0.4,1.0,0.6,0.6,0.0,0.6,0.4,onion
5,20261008,dinov2_logit,healthy,0.9565217391304348,0.9565217391304348,0.9565217391304348,0.0,0.0,0.0,0.043478260869565216,1.0,onion
5,20261008,dinov2_logit,iris_yellow_virus,0.7894736842105263,0.7894736842105263,0.8421052631578947,0.05263157894736842,0.05263157894736842,0.0,0.21052631578947367,0.9473684210526315,onion
5,20261008,dinov2_logit,purple_blotch,0.0,0.0,1.0,1.0,1.0,0.0,1.0,0.0,onion
5,20261008,dinov2_logit,stemphylium_colletotrichum_leaf_blight,0.5,0.5,0.8,0.3,0.3,0.0,0.5,0.7,onion
5,20261008,resnet_cosine_1nn,healthy,0.7608695652173914,0.7608695652173914,0.9130434782608695,0.15217391304347827,0.15217391304347827,0.0,0.2391304347826087,0.8478260869565217,onion
5,20261008,resnet_cosine_1nn,iris_yellow_virus,0.47368421052631576,0.47368421052631576,0.8947368421052632,0.42105263157894735,0.42105263157894735,0.0,0.5263157894736842,0.5789473684210527,onion
5,20261008,resnet_cosine_1nn,purple_blotch,0.0,0.0,1.0,1.0,1.0,0.0,1.0,0.0,onion
5,20261008,resnet_cosine_1nn,stemphylium_colletotrichum_leaf_blight,0.2,0.4,0.7,0.3,0.3,0.0,0.6,0.7,onion
5,20261008,resnet_logit,healthy,0.8695652173913043,0.8695652173913043,0.9130434782608695,0.043478260869565216,0.043478260869565216,0.0,0.13043478260869565,0.9565217391304348,onion
5,20261008,resnet_logit,iris_yellow_virus,0.6842105263157895,0.6578947368421053,0.7368421052631579,0.07894736842105263,0.07894736842105263,0.0,0.34210526315789475,0.9210526315789473,onion
5,20261008,resnet_logit,purple_blotch,0.0,0.0,1.0,1.0,1.0,0.0,1.0,0.0,onion
5,20261008,resnet_logit,stemphylium_colletotrichum_leaf_blight,0.2,0.2,0.5,0.3,0.3,0.0,0.8,0.7,onion
6,20261009,colour_logit,healthy,0.391304347826087,0.391304347826087,0.5869565217391305,0.1956521739130435,0.1956521739130435,0.0,0.6086956521739131,0.8043478260869565,onion
6,20261009,colour_logit,iris_yellow_virus,0.39473684210526316,0.39473684210526316,0.5,0.10526315789473684,0.10526315789473684,0.0,0.6052631578947368,0.8947368421052632,onion
6,20261009,colour_logit,purple_blotch,0.5,0.5,1.0,0.5,0.5,0.0,0.5,0.5,onion
6,20261009,colour_logit,stemphylium_colletotrichum_leaf_blight,0.5,0.5,1.0,0.5,0.5,0.0,0.5,0.5,onion
6,20261009,dinov2_cosine_1nn,healthy,0.717391304347826,0.717391304347826,0.9782608695652174,0.2608695652173913,0.2608695652173913,0.0,0.2826086956521739,0.7391304347826086,onion
6,20261009,dinov2_cosine_1nn,iris_yellow_virus,0.6052631578947368,0.6052631578947368,1.0,0.39473684210526316,0.39473684210526316,0.0,0.39473684210526316,0.6052631578947368,onion
6,20261009,dinov2_cosine_1nn,purple_blotch,0.5,0.5,1.0,0.5,0.5,0.0,0.5,0.5,onion
6,20261009,dinov2_cosine_1nn,stemphylium_colletotrichum_leaf_blight,0.5,0.5,1.0,0.5,0.5,0.0,0.5,0.5,onion
6,20261009,dinov2_logit,healthy,0.8913043478260869,0.8913043478260869,1.0,0.10869565217391304,0.10869565217391304,0.0,0.10869565217391304,0.8913043478260869,onion
6,20261009,dinov2_logit,iris_yellow_virus,0.8421052631578947,0.8421052631578947,0.9210526315789473,0.07894736842105263,0.07894736842105263,0.0,0.15789473684210525,0.9210526315789473,onion
6,20261009,dinov2_logit,purple_blotch,0.0,0.0,1.0,1.0,1.0,0.0,1.0,0.0,onion
6,20261009,dinov2_logit,stemphylium_colletotrichum_leaf_blight,0.7,0.7,0.8,0.1,0.1,0.0,0.3,0.9,onion
6,20261009,resnet_cosine_1nn,healthy,0.7391304347826086,0.7391304347826086,0.9782608695652174,0.2391304347826087,0.2391304347826087,0.0,0.2608695652173913,0.7608695652173914,onion
6,20261009,resnet_cosine_1nn,iris_yellow_virus,0.4473684210526316,0.4473684210526316,0.9210526315789473,0.47368421052631576,0.47368421052631576,0.0,0.5526315789473685,0.5263157894736842,onion
6,20261009,resnet_cosine_1nn,purple_blotch,0.0,0.0,1.0,1.0,1.0,0.0,1.0,0.0,onion
6,20261009,resnet_cosine_1nn,stemphylium_colletotrichum_leaf_blight,0.1,0.1,1.0,0.9,0.9,0.0,0.9,0.1,onion
6,20261009,resnet_logit,healthy,0.8478260869565217,0.8478260869565217,0.8913043478260869,0.043478260869565216,0.043478260869565216,0.0,0.15217391304347827,0.9565217391304348,onion
6,20261009,resnet_logit,iris_yellow_virus,0.6578947368421053,0.6578947368421053,0.7894736842105263,0.13157894736842105,0.13157894736842105,0.0,0.34210526315789475,0.868421052631579,onion
6,20261009,resnet_logit,purple_blotch,0.0,0.0,1.0,1.0,1.0,0.0,1.0,0.0,onion
6,20261009,resnet_logit,stemphylium_colletotrichum_leaf_blight,0.5,0.7,0.8,0.1,0.1,0.0,0.3,0.9,onion
7,20261010,colour_logit,healthy,0.5652173913043478,0.5652173913043478,0.7391304347826086,0.17391304347826086,0.17391304347826086,0.0,0.43478260869565216,0.8260869565217391,onion
7,20261010,colour_logit,iris_yellow_virus,0.5,0.5263157894736842,0.6578947368421053,0.13157894736842105,0.13157894736842105,0.0,0.47368421052631576,0.868421052631579,onion
7,20261010,colour_logit,purple_blotch,0.5,0.0,1.0,1.0,1.0,0.0,1.0,0.0,onion
7,20261010,colour_logit,stemphylium_colletotrichum_leaf_blight,0.4,0.4,0.6,0.2,0.2,0.0,0.6,0.8,onion
7,20261010,dinov2_cosine_1nn,healthy,0.8043478260869565,0.782608695652174,1.0,0.21739130434782608,0.21739130434782608,0.0,0.21739130434782608,0.782608695652174,onion
7,20261010,dinov2_cosine_1nn,iris_yellow_virus,0.47368421052631576,0.47368421052631576,0.9473684210526315,0.47368421052631576,0.47368421052631576,0.0,0.5263157894736842,0.5263157894736842,onion
7,20261010,dinov2_cosine_1nn,purple_blotch,0.5,0.5,1.0,0.5,0.5,0.0,0.5,0.5,onion
7,20261010,dinov2_cosine_1nn,stemphylium_colletotrichum_leaf_blight,0.7,0.8,1.0,0.2,0.2,0.0,0.2,0.8,onion
7,20261010,dinov2_logit,healthy,0.8478260869565217,0.8478260869565217,0.8913043478260869,0.043478260869565216,0.043478260869565216,0.0,0.15217391304347827,0.9565217391304348,onion
7,20261010,dinov2_logit,iris_yellow_virus,0.6578947368421053,0.6578947368421053,0.7894736842105263,0.13157894736842105,0.13157894736842105,0.0,0.34210526315789475,0.868421052631579,onion
7,20261010,dinov2_logit,purple_blotch,0.5,0.5,1.0,0.5,0.5,0.0,0.5,0.5,onion
7,20261010,dinov2_logit,stemphylium_colletotrichum_leaf_blight,1.0,1.0,1.0,0.0,0.0,0.0,0.0,1.0,onion
7,20261010,resnet_cosine_1nn,healthy,0.6739130434782609,0.6739130434782609,0.9347826086956522,0.2608695652173913,0.2608695652173913,0.0,0.32608695652173914,0.7391304347826086,onion
7,20261010,resnet_cosine_1nn,iris_yellow_virus,0.5263157894736842,0.5263157894736842,0.9210526315789473,0.39473684210526316,0.39473684210526316,0.0,0.47368421052631576,0.6052631578947368,onion
7,20261010,resnet_cosine_1nn,purple_blotch,0.0,0.0,1.0,1.0,1.0,0.0,1.0,0.0,onion
7,20261010,resnet_cosine_1nn,stemphylium_colletotrichum_leaf_blight,0.5,0.5,1.0,0.5,0.5,0.0,0.5,0.5,onion
7,20261010,resnet_logit,healthy,0.7608695652173914,0.7608695652173914,0.8260869565217391,0.06521739130434782,0.06521739130434782,0.0,0.2391304347826087,0.9347826086956522,onion
7,20261010,resnet_logit,iris_yellow_virus,0.5789473684210527,0.5789473684210527,0.7631578947368421,0.18421052631578946,0.18421052631578946,0.0,0.42105263157894735,0.8157894736842105,onion
7,20261010,resnet_logit,purple_blotch,0.0,0.0,0.5,0.5,0.5,0.0,1.0,0.5,onion
7,20261010,resnet_logit,stemphylium_colletotrichum_leaf_blight,0.8,0.8,0.9,0.1,0.1,0.0,0.2,0.9,onion
8,20261011,colour_logit,healthy,0.2391304347826087,0.2391304347826087,0.391304347826087,0.15217391304347827,0.15217391304347827,0.0,0.7608695652173914,0.8478260869565217,onion
8,20261011,colour_logit,iris_yellow_virus,0.47368421052631576,0.5,0.5526315789473685,0.05263157894736842,0.05263157894736842,0.0,0.5,0.9473684210526315,onion
8,20261011,colour_logit,purple_blotch,0.0,0.0,1.0,1.0,1.0,0.0,1.0,0.0,onion
8,20261011,colour_logit,stemphylium_colletotrichum_leaf_blight,0.6,0.6,1.0,0.4,0.4,0.0,0.4,0.6,onion
8,20261011,dinov2_cosine_1nn,healthy,0.6086956521739131,0.6086956521739131,0.8260869565217391,0.21739130434782608,0.21739130434782608,0.0,0.391304347826087,0.782608695652174,onion
8,20261011,dinov2_cosine_1nn,iris_yellow_virus,0.631578947368421,0.631578947368421,1.0,0.3684210526315789,0.3684210526315789,0.0,0.3684210526315789,0.631578947368421,onion
8,20261011,dinov2_cosine_1nn,purple_blotch,0.0,0.5,1.0,0.5,0.5,0.0,0.5,0.5,onion
8,20261011,dinov2_cosine_1nn,stemphylium_colletotrichum_leaf_blight,0.3,0.3,0.9,0.6,0.6,0.0,0.7,0.4,onion
8,20261011,dinov2_logit,healthy,0.8913043478260869,0.8913043478260869,0.9782608695652174,0.08695652173913043,0.08695652173913043,0.0,0.10869565217391304,0.9130434782608695,onion
8,20261011,dinov2_logit,iris_yellow_virus,0.7894736842105263,0.7894736842105263,0.9473684210526315,0.15789473684210525,0.15789473684210525,0.0,0.21052631578947367,0.8421052631578947,onion
8,20261011,dinov2_logit,purple_blotch,1.0,1.0,1.0,0.0,0.0,0.0,0.0,1.0,onion
8,20261011,dinov2_logit,stemphylium_colletotrichum_leaf_blight,0.7,0.7,1.0,0.3,0.3,0.0,0.3,0.7,onion
8,20261011,resnet_cosine_1nn,healthy,0.6956521739130435,0.6956521739130435,0.9130434782608695,0.21739130434782608,0.21739130434782608,0.0,0.30434782608695654,0.782608695652174,onion
8,20261011,resnet_cosine_1nn,iris_yellow_virus,0.47368421052631576,0.47368421052631576,0.9473684210526315,0.47368421052631576,0.47368421052631576,0.0,0.5263157894736842,0.5263157894736842,onion
8,20261011,resnet_cosine_1nn,purple_blotch,0.0,0.0,1.0,1.0,1.0,0.0,1.0,0.0,onion
8,20261011,resnet_cosine_1nn,stemphylium_colletotrichum_leaf_blight,0.5,0.5,1.0,0.5,0.5,0.0,0.5,0.5,onion
8,20261011,resnet_logit,healthy,0.9130434782608695,0.9347826086956522,0.9782608695652174,0.043478260869565216,0.043478260869565216,0.0,0.06521739130434782,0.9565217391304348,onion
8,20261011,resnet_logit,iris_yellow_virus,0.5789473684210527,0.5789473684210527,0.7631578947368421,0.18421052631578946,0.18421052631578946,0.0,0.42105263157894735,0.8157894736842105,onion
8,20261011,resnet_logit,purple_blotch,0.0,0.5,1.0,0.5,0.5,0.0,0.5,0.5,onion
8,20261011,resnet_logit,stemphylium_colletotrichum_leaf_blight,0.7,0.7,0.9,0.2,0.2,0.0,0.3,0.8,onion
9,20261012,colour_logit,healthy,0.41304347826086957,0.41304347826086957,0.5,0.08695652173913043,0.08695652173913043,0.0,0.5869565217391305,0.9130434782608695,onion
9,20261012,colour_logit,iris_yellow_virus,0.5526315789473685,0.5,0.6842105263157895,0.18421052631578946,0.18421052631578946,0.0,0.5,0.8157894736842105,onion
9,20261012,colour_logit,purple_blotch,1.0,1.0,1.0,0.0,0.0,0.0,0.0,1.0,onion
9,20261012,colour_logit,stemphylium_colletotrichum_leaf_blight,0.4,0.4,0.9,0.5,0.5,0.0,0.6,0.5,onion
9,20261012,dinov2_cosine_1nn,healthy,0.782608695652174,0.782608695652174,0.9565217391304348,0.17391304347826086,0.17391304347826086,0.0,0.21739130434782608,0.8260869565217391,onion
9,20261012,dinov2_cosine_1nn,iris_yellow_virus,0.5789473684210527,0.6052631578947368,0.9210526315789473,0.3157894736842105,0.3157894736842105,0.0,0.39473684210526316,0.6842105263157895,onion
9,20261012,dinov2_cosine_1nn,purple_blotch,0.5,0.5,1.0,0.5,0.5,0.0,0.5,0.5,onion
9,20261012,dinov2_cosine_1nn,stemphylium_colletotrichum_leaf_blight,0.2,0.2,1.0,0.8,0.8,0.0,0.8,0.2,onion
9,20261012,dinov2_logit,healthy,0.8043478260869565,0.8043478260869565,0.8695652173913043,0.06521739130434782,0.06521739130434782,0.0,0.1956521739130435,0.9347826086956522,onion
9,20261012,dinov2_logit,iris_yellow_virus,0.6578947368421053,0.631578947368421,0.8157894736842105,0.18421052631578946,0.18421052631578946,0.0,0.3684210526315789,0.8157894736842105,onion
9,20261012,dinov2_logit,purple_blotch,0.5,0.5,1.0,0.5,0.5,0.0,0.5,0.5,onion
9,20261012,dinov2_logit,stemphylium_colletotrichum_leaf_blight,0.8,0.8,0.9,0.1,0.1,0.0,0.2,0.9,onion
9,20261012,resnet_cosine_1nn,healthy,0.717391304347826,0.6956521739130435,0.9565217391304348,0.2608695652173913,0.2608695652173913,0.0,0.30434782608695654,0.7391304347826086,onion
9,20261012,resnet_cosine_1nn,iris_yellow_virus,0.47368421052631576,0.47368421052631576,0.9473684210526315,0.47368421052631576,0.47368421052631576,0.0,0.5263157894736842,0.5263157894736842,onion
9,20261012,resnet_cosine_1nn,purple_blotch,0.0,0.0,1.0,1.0,1.0,0.0,1.0,0.0,onion
9,20261012,resnet_cosine_1nn,stemphylium_colletotrichum_leaf_blight,0.2,0.2,0.9,0.7,0.7,0.0,0.8,0.3,onion
9,20261012,resnet_logit,healthy,0.8043478260869565,0.8043478260869565,0.8260869565217391,0.021739130434782608,0.021739130434782608,0.0,0.1956521739130435,0.9782608695652174,onion
9,20261012,resnet_logit,iris_yellow_virus,0.47368421052631576,0.47368421052631576,0.6842105263157895,0.21052631578947367,0.21052631578947367,0.0,0.5263157894736842,0.7894736842105263,onion
9,20261012,resnet_logit,purple_blotch,0.5,0.5,1.0,0.5,0.5,0.0,0.5,0.5,onion
9,20261012,resnet_logit,stemphylium_colletotrichum_leaf_blight,0.5,0.6,0.8,0.2,0.2,0.0,0.4,0.8,onion
0,20261003,colour_logit,Potato___Early_blight,0.96,0.96,0.98,0.02,0.02,0.0,0.04,0.98,potato
0,20261003,colour_logit,Potato___Late_blight,1.0,1.0,1.0,0.0,0.0,0.0,0.0,1.0,potato
0,20261003,colour_logit,healthy,0.875,0.875,1.0,0.125,0.125,0.0,0.125,0.875,potato
0,20261003,dinov2_cosine_1nn,Potato___Early_blight,0.98,0.98,0.98,0.0,0.0,0.0,0.02,1.0,potato
0,20261003,dinov2_cosine_1nn,Potato___Late_blight,0.92,0.92,1.0,0.08,0.08,0.0,0.08,0.92,potato
0,20261003,dinov2_cosine_1nn,healthy,0.625,0.625,0.75,0.125,0.125,0.0,0.375,0.875,potato
0,20261003,dinov2_logit,Potato___Early_blight,0.98,0.98,0.98,0.0,0.0,0.0,0.02,1.0,potato
0,20261003,dinov2_logit,Potato___Late_blight,1.0,1.0,1.0,0.0,0.0,0.0,0.0,1.0,potato
0,20261003,dinov2_logit,healthy,0.75,0.75,0.875,0.125,0.125,0.0,0.25,0.875,potato
0,20261003,resnet_cosine_1nn,Potato___Early_blight,0.98,0.98,0.98,0.0,0.0,0.0,0.02,1.0,potato
0,20261003,resnet_cosine_1nn,Potato___Late_blight,0.92,0.92,0.96,0.04,0.04,0.0,0.08,0.96,potato
0,20261003,resnet_cosine_1nn,healthy,0.625,0.625,0.625,0.0,0.0,0.0,0.375,1.0,potato
0,20261003,resnet_logit,Potato___Early_blight,0.98,0.98,1.0,0.02,0.02,0.0,0.02,0.98,potato
0,20261003,resnet_logit,Potato___Late_blight,0.98,0.98,1.0,0.02,0.02,0.0,0.02,0.98,potato
0,20261003,resnet_logit,healthy,0.875,0.75,0.875,0.125,0.125,0.0,0.25,0.875,potato
1,20261004,colour_logit,Potato___Early_blight,0.98,0.98,0.98,0.0,0.0,0.0,0.02,1.0,potato
1,20261004,colour_logit,Potato___Late_blight,0.94,0.96,0.96,0.0,0.0,0.0,0.04,1.0,potato
1,20261004,colour_logit,healthy,0.875,0.875,1.0,0.125,0.125,0.0,0.125,0.875,potato
1,20261004,dinov2_cosine_1nn,Potato___Early_blight,0.96,0.96,1.0,0.04,0.04,0.0,0.04,0.96,potato
1,20261004,dinov2_cosine_1nn,Potato___Late_blight,0.96,0.96,0.96,0.0,0.0,0.0,0.04,1.0,potato
1,20261004,dinov2_cosine_1nn,healthy,0.75,0.75,0.875,0.125,0.125,0.0,0.25,0.875,potato
1,20261004,dinov2_logit,Potato___Early_blight,0.98,0.98,0.98,0.0,0.0,0.0,0.02,1.0,potato
1,20261004,dinov2_logit,Potato___Late_blight,1.0,1.0,1.0,0.0,0.0,0.0,0.0,1.0,potato
1,20261004,dinov2_logit,healthy,0.625,0.625,1.0,0.375,0.375,0.0,0.375,0.625,potato
1,20261004,resnet_cosine_1nn,Potato___Early_blight,0.98,0.98,0.98,0.0,0.0,0.0,0.02,1.0,potato
1,20261004,resnet_cosine_1nn,Potato___Late_blight,0.96,0.96,0.96,0.0,0.0,0.0,0.04,1.0,potato
1,20261004,resnet_cosine_1nn,healthy,0.875,0.875,0.875,0.0,0.0,0.0,0.125,1.0,potato
1,20261004,resnet_logit,Potato___Early_blight,0.98,0.98,0.98,0.0,0.0,0.0,0.02,1.0,potato
1,20261004,resnet_logit,Potato___Late_blight,0.98,0.98,0.98,0.0,0.0,0.0,0.02,1.0,potato
1,20261004,resnet_logit,healthy,0.75,0.625,0.875,0.25,0.25,0.0,0.375,0.75,potato
2,20261005,colour_logit,Potato___Early_blight,0.94,0.94,0.94,0.0,0.0,0.0,0.06,1.0,potato
2,20261005,colour_logit,Potato___Late_blight,0.94,0.92,0.94,0.02,0.02,0.0,0.08,0.98,potato
2,20261005,colour_logit,healthy,0.875,0.875,0.875,0.0,0.0,0.0,0.125,1.0,potato
2,20261005,dinov2_cosine_1nn,Potato___Early_blight,0.92,0.9,0.92,0.02,0.02,0.0,0.1,0.98,potato
2,20261005,dinov2_cosine_1nn,Potato___Late_blight,0.94,0.94,0.96,0.02,0.02,0.0,0.06,0.98,potato
2,20261005,dinov2_cosine_1nn,healthy,0.75,0.875,0.875,0.0,0.0,0.0,0.125,1.0,potato
2,20261005,dinov2_logit,Potato___Early_blight,0.98,0.98,1.0,0.02,0.02,0.0,0.02,0.98,potato
2,20261005,dinov2_logit,Potato___Late_blight,0.96,0.96,0.96,0.0,0.0,0.0,0.04,1.0,potato
2,20261005,dinov2_logit,healthy,1.0,1.0,1.0,0.0,0.0,0.0,0.0,1.0,potato
2,20261005,resnet_cosine_1nn,Potato___Early_blight,1.0,1.0,1.0,0.0,0.0,0.0,0.0,1.0,potato
2,20261005,resnet_cosine_1nn,Potato___Late_blight,0.94,0.94,0.98,0.04,0.04,0.0,0.06,0.96,potato
2,20261005,resnet_cosine_1nn,healthy,0.875,0.875,0.875,0.0,0.0,0.0,0.125,1.0,potato
2,20261005,resnet_logit,Potato___Early_blight,1.0,1.0,1.0,0.0,0.0,0.0,0.0,1.0,potato
2,20261005,resnet_logit,Potato___Late_blight,0.96,0.96,0.96,0.0,0.0,0.0,0.04,1.0,potato
2,20261005,resnet_logit,healthy,1.0,1.0,1.0,0.0,0.0,0.0,0.0,1.0,potato
3,20261006,colour_logit,Potato___Early_blight,0.94,0.94,0.96,0.02,0.02,0.0,0.06,0.98,potato
3,20261006,colour_logit,Potato___Late_blight,0.96,0.96,0.98,0.02,0.02,0.0,0.04,0.98,potato
3,20261006,colour_logit,healthy,1.0,1.0,1.0,0.0,0.0,0.0,0.0,1.0,potato
3,20261006,dinov2_cosine_1nn,Potato___Early_blight,1.0,1.0,1.0,0.0,0.0,0.0,0.0,1.0,potato
3,20261006,dinov2_cosine_1nn,Potato___Late_blight,0.86,0.86,0.94,0.08,0.08,0.0,0.14,0.92,potato
3,20261006,dinov2_cosine_1nn,healthy,0.75,0.75,0.875,0.125,0.125,0.0,0.25,0.875,potato
3,20261006,dinov2_logit,Potato___Early_blight,1.0,1.0,1.0,0.0,0.0,0.0,0.0,1.0,potato
3,20261006,dinov2_logit,Potato___Late_blight,0.98,0.98,0.98,0.0,0.0,0.0,0.02,1.0,potato
3,20261006,dinov2_logit,healthy,1.0,1.0,1.0,0.0,0.0,0.0,0.0,1.0,potato
3,20261006,resnet_cosine_1nn,Potato___Early_blight,1.0,1.0,1.0,0.0,0.0,0.0,0.0,1.0,potato
3,20261006,resnet_cosine_1nn,Potato___Late_blight,0.86,0.86,0.9,0.04,0.04,0.0,0.14,0.96,potato
3,20261006,resnet_cosine_1nn,healthy,1.0,1.0,1.0,0.0,0.0,0.0,0.0,1.0,potato
3,20261006,resnet_logit,Potato___Early_blight,1.0,1.0,1.0,0.0,0.0,0.0,0.0,1.0,potato
3,20261006,resnet_logit,Potato___Late_blight,1.0,1.0,1.0,0.0,0.0,0.0,0.0,1.0,potato
3,20261006,resnet_logit,healthy,1.0,1.0,1.0,0.0,0.0,0.0,0.0,1.0,potato
4,20261007,colour_logit,Potato___Early_blight,0.98,0.98,0.98,0.0,0.0,0.0,0.02,1.0,potato
4,20261007,colour_logit,Potato___Late_blight,0.98,0.98,0.98,0.0,0.0,0.0,0.02,1.0,potato
4,20261007,colour_logit,healthy,0.875,0.875,1.0,0.125,0.125,0.0,0.125,0.875,potato
4,20261007,dinov2_cosine_1nn,Potato___Early_blight,1.0,1.0,1.0,0.0,0.0,0.0,0.0,1.0,potato
4,20261007,dinov2_cosine_1nn,Potato___Late_blight,0.92,0.92,0.96,0.04,0.04,0.0,0.08,0.96,potato
4,20261007,dinov2_cosine_1nn,healthy,0.625,0.625,0.875,0.25,0.25,0.0,0.375,0.75,potato
4,20261007,dinov2_logit,Potato___Early_blight,1.0,1.0,1.0,0.0,0.0,0.0,0.0,1.0,potato
4,20261007,dinov2_logit,Potato___Late_blight,0.98,0.98,1.0,0.02,0.02,0.0,0.02,0.98,potato
4,20261007,dinov2_logit,healthy,0.875,0.875,1.0,0.125,0.125,0.0,0.125,0.875,potato
4,20261007,resnet_cosine_1nn,Potato___Early_blight,1.0,1.0,1.0,0.0,0.0,0.0,0.0,1.0,potato
4,20261007,resnet_cosine_1nn,Potato___Late_blight,0.92,0.92,0.96,0.04,0.04,0.0,0.08,0.96,potato
4,20261007,resnet_cosine_1nn,healthy,0.75,0.75,0.875,0.125,0.125,0.0,0.25,0.875,potato
4,20261007,resnet_logit,Potato___Early_blight,1.0,1.0,1.0,0.0,0.0,0.0,0.0,1.0,potato
4,20261007,resnet_logit,Potato___Late_blight,0.96,0.98,0.98,0.0,0.0,0.0,0.02,1.0,potato
4,20261007,resnet_logit,healthy,0.875,0.875,1.0,0.125,0.125,0.0,0.125,0.875,potato
5,20261008,colour_logit,Potato___Early_blight,0.96,0.96,0.96,0.0,0.0,0.0,0.04,1.0,potato
5,20261008,colour_logit,Potato___Late_blight,0.88,0.88,0.88,0.0,0.0,0.0,0.12,1.0,potato
5,20261008,colour_logit,healthy,1.0,1.0,1.0,0.0,0.0,0.0,0.0,1.0,potato
5,20261008,dinov2_cosine_1nn,Potato___Early_blight,0.98,0.98,1.0,0.02,0.02,0.0,0.02,0.98,potato
5,20261008,dinov2_cosine_1nn,Potato___Late_blight,0.92,0.92,0.98,0.06,0.06,0.0,0.08,0.94,potato
5,20261008,dinov2_cosine_1nn,healthy,0.75,0.75,1.0,0.25,0.25,0.0,0.25,0.75,potato
5,20261008,dinov2_logit,Potato___Early_blight,1.0,1.0,1.0,0.0,0.0,0.0,0.0,1.0,potato
5,20261008,dinov2_logit,Potato___Late_blight,0.98,0.98,1.0,0.02,0.02,0.0,0.02,0.98,potato
5,20261008,dinov2_logit,healthy,1.0,1.0,1.0,0.0,0.0,0.0,0.0,1.0,potato
5,20261008,resnet_cosine_1nn,Potato___Early_blight,1.0,1.0,1.0,0.0,0.0,0.0,0.0,1.0,potato
5,20261008,resnet_cosine_1nn,Potato___Late_blight,0.96,0.96,0.96,0.0,0.0,0.0,0.04,1.0,potato
5,20261008,resnet_cosine_1nn,healthy,0.625,0.625,0.875,0.25,0.25,0.0,0.375,0.75,potato
5,20261008,resnet_logit,Potato___Early_blight,1.0,1.0,1.0,0.0,0.0,0.0,0.0,1.0,potato
5,20261008,resnet_logit,Potato___Late_blight,0.98,0.98,0.98,0.0,0.0,0.0,0.02,1.0,potato
5,20261008,resnet_logit,healthy,1.0,1.0,1.0,0.0,0.0,0.0,0.0,1.0,potato
6,20261009,colour_logit,Potato___Early_blight,0.96,0.96,0.96,0.0,0.0,0.0,0.04,1.0,potato
6,20261009,colour_logit,Potato___Late_blight,0.96,0.96,0.96,0.0,0.0,0.0,0.04,1.0,potato
6,20261009,colour_logit,healthy,0.75,0.875,0.875,0.0,0.0,0.0,0.125,1.0,potato
6,20261009,dinov2_cosine_1nn,Potato___Early_blight,0.98,0.98,0.98,0.0,0.0,0.0,0.02,1.0,potato
6,20261009,dinov2_cosine_1nn,Potato___Late_blight,0.9,0.9,0.98,0.08,0.08,0.0,0.1,0.92,potato
6,20261009,dinov2_cosine_1nn,healthy,0.5,0.625,0.875,0.25,0.25,0.0,0.375,0.75,potato
6,20261009,dinov2_logit,Potato___Early_blight,1.0,1.0,1.0,0.0,0.0,0.0,0.0,1.0,potato
6,20261009,dinov2_logit,Potato___Late_blight,1.0,1.0,1.0,0.0,0.0,0.0,0.0,1.0,potato
6,20261009,dinov2_logit,healthy,0.875,0.875,0.875,0.0,0.0,0.0,0.125,1.0,potato
6,20261009,resnet_cosine_1nn,Potato___Early_blight,0.98,0.98,1.0,0.02,0.02,0.0,0.02,0.98,potato
6,20261009,resnet_cosine_1nn,Potato___Late_blight,0.88,0.88,0.9,0.02,0.02,0.0,0.12,0.98,potato
6,20261009,resnet_cosine_1nn,healthy,0.5,0.5,0.625,0.125,0.125,0.0,0.5,0.875,potato
6,20261009,resnet_logit,Potato___Early_blight,1.0,1.0,1.0,0.0,0.0,0.0,0.0,1.0,potato
6,20261009,resnet_logit,Potato___Late_blight,0.98,0.98,1.0,0.02,0.02,0.0,0.02,0.98,potato
6,20261009,resnet_logit,healthy,0.75,0.875,1.0,0.125,0.125,0.0,0.125,0.875,potato
7,20261010,colour_logit,Potato___Early_blight,0.94,0.96,0.96,0.0,0.0,0.0,0.04,1.0,potato
7,20261010,colour_logit,Potato___Late_blight,0.94,0.94,0.94,0.0,0.0,0.0,0.06,1.0,potato
7,20261010,colour_logit,healthy,0.875,0.875,1.0,0.125,0.125,0.0,0.125,0.875,potato
7,20261010,dinov2_cosine_1nn,Potato___Early_blight,0.98,0.98,1.0,0.02,0.02,0.0,0.02,0.98,potato
7,20261010,dinov2_cosine_1nn,Potato___Late_blight,1.0,1.0,1.0,0.0,0.0,0.0,0.0,1.0,potato
7,20261010,dinov2_cosine_1nn,healthy,0.75,0.75,1.0,0.25,0.25,0.0,0.25,0.75,potato
7,20261010,dinov2_logit,Potato___Early_blight,1.0,1.0,1.0,0.0,0.0,0.0,0.0,1.0,potato
7,20261010,dinov2_logit,Potato___Late_blight,1.0,1.0,1.0,0.0,0.0,0.0,0.0,1.0,potato
7,20261010,dinov2_logit,healthy,0.875,0.875,1.0,0.125,0.125,0.0,0.125,0.875,potato
7,20261010,resnet_cosine_1nn,Potato___Early_blight,1.0,1.0,1.0,0.0,0.0,0.0,0.0,1.0,potato
7,20261010,resnet_cosine_1nn,Potato___Late_blight,0.86,0.86,0.92,0.06,0.06,0.0,0.14,0.94,potato
7,20261010,resnet_cosine_1nn,healthy,0.75,0.75,1.0,0.25,0.25,0.0,0.25,0.75,potato
7,20261010,resnet_logit,Potato___Early_blight,1.0,1.0,1.0,0.0,0.0,0.0,0.0,1.0,potato
7,20261010,resnet_logit,Potato___Late_blight,0.98,0.98,0.98,0.0,0.0,0.0,0.02,1.0,potato
7,20261010,resnet_logit,healthy,1.0,1.0,1.0,0.0,0.0,0.0,0.0,1.0,potato
8,20261011,colour_logit,Potato___Early_blight,1.0,1.0,1.0,0.0,0.0,0.0,0.0,1.0,potato
8,20261011,colour_logit,Potato___Late_blight,0.96,0.96,0.98,0.02,0.02,0.0,0.04,0.98,potato
8,20261011,colour_logit,healthy,0.875,0.875,0.875,0.0,0.0,0.0,0.125,1.0,potato
8,20261011,dinov2_cosine_1nn,Potato___Early_blight,0.98,0.98,0.98,0.0,0.0,0.0,0.02,1.0,potato
8,20261011,dinov2_cosine_1nn,Potato___Late_blight,0.88,0.88,0.94,0.06,0.06,0.0,0.12,0.94,potato
8,20261011,dinov2_cosine_1nn,healthy,1.0,1.0,1.0,0.0,0.0,0.0,0.0,1.0,potato
8,20261011,dinov2_logit,Potato___Early_blight,0.96,0.96,0.98,0.02,0.02,0.0,0.04,0.98,potato
8,20261011,dinov2_logit,Potato___Late_blight,0.96,0.96,0.98,0.02,0.02,0.0,0.04,0.98,potato
8,20261011,dinov2_logit,healthy,1.0,1.0,1.0,0.0,0.0,0.0,0.0,1.0,potato
8,20261011,resnet_cosine_1nn,Potato___Early_blight,1.0,1.0,1.0,0.0,0.0,0.0,0.0,1.0,potato
8,20261011,resnet_cosine_1nn,Potato___Late_blight,0.86,0.86,0.9,0.04,0.04,0.0,0.14,0.96,potato
8,20261011,resnet_cosine_1nn,healthy,1.0,1.0,1.0,0.0,0.0,0.0,0.0,1.0,potato
8,20261011,resnet_logit,Potato___Early_blight,1.0,1.0,1.0,0.0,0.0,0.0,0.0,1.0,potato
8,20261011,resnet_logit,Potato___Late_blight,0.96,0.98,1.0,0.02,0.02,0.0,0.02,0.98,potato
8,20261011,resnet_logit,healthy,0.875,1.0,1.0,0.0,0.0,0.0,0.0,1.0,potato
9,20261012,colour_logit,Potato___Early_blight,0.88,0.88,0.88,0.0,0.0,0.0,0.12,1.0,potato
9,20261012,colour_logit,Potato___Late_blight,0.96,0.96,0.96,0.0,0.0,0.0,0.04,1.0,potato
9,20261012,colour_logit,healthy,0.875,0.875,1.0,0.125,0.125,0.0,0.125,0.875,potato
9,20261012,dinov2_cosine_1nn,Potato___Early_blight,0.98,0.96,1.0,0.04,0.04,0.0,0.04,0.96,potato
9,20261012,dinov2_cosine_1nn,Potato___Late_blight,0.84,0.84,0.94,0.1,0.1,0.0,0.16,0.9,potato
9,20261012,dinov2_cosine_1nn,healthy,1.0,1.0,1.0,0.0,0.0,0.0,0.0,1.0,potato
9,20261012,dinov2_logit,Potato___Early_blight,1.0,1.0,1.0,0.0,0.0,0.0,0.0,1.0,potato
9,20261012,dinov2_logit,Potato___Late_blight,0.98,0.98,0.98,0.0,0.0,0.0,0.02,1.0,potato
9,20261012,dinov2_logit,healthy,1.0,1.0,1.0,0.0,0.0,0.0,0.0,1.0,potato
9,20261012,resnet_cosine_1nn,Potato___Early_blight,0.98,1.0,1.0,0.0,0.0,0.0,0.0,1.0,potato
9,20261012,resnet_cosine_1nn,Potato___Late_blight,0.9,0.9,0.96,0.06,0.06,0.0,0.1,0.94,potato
9,20261012,resnet_cosine_1nn,healthy,0.75,0.625,1.0,0.375,0.375,0.0,0.375,0.625,potato
9,20261012,resnet_logit,Potato___Early_blight,1.0,0.98,1.0,0.02,0.02,0.0,0.02,0.98,potato
9,20261012,resnet_logit,Potato___Late_blight,0.96,0.96,0.98,0.02,0.02,0.0,0.04,0.98,potato
9,20261012,resnet_logit,healthy,1.0,1.0,1.0,0.0,0.0,0.0,0.0,1.0,potato
