graph,model,balanced_accuracy,auroc,brier
all_high,color_shortcut_logit,"0.5253 [0.4971, 0.5583]","0.6066 [0.5636, 0.6570]","0.2752 [0.2517, 0.2958]"
all_high,convnext_tiny_logit,"0.5829 [0.5579, 0.6051]","0.7105 [0.6613, 0.7502]","0.2507 [0.2237, 0.2822]"
all_high,efficientnet_b0_logit,"0.6502 [0.6143, 0.6791]","0.7205 [0.6739, 0.7564]","0.2620 [0.2360, 0.2932]"
all_high,handcrafted_logit,"0.5707 [0.5363, 0.6126]","0.6028 [0.5604, 0.6486]","0.2882 [0.2664, 0.3098]"
all_high,prior_prevalence,"0.5000 [0.5000, 0.5000]","0.5000 [0.5000, 0.5000]","0.3208 [0.2978, 0.3440]"
all_high,resnet18_logit,"0.6553 [0.6215, 0.6914]","0.7345 [0.6868, 0.7749]","0.2403 [0.2142, 0.2720]"
all_high,swin_t_logit,"0.5621 [0.5450, 0.5790]","0.7820 [0.7497, 0.8177]","0.2824 [0.2499, 0.3179]"
spatial_high,color_shortcut_logit,"0.5253 [0.4973, 0.5544]","0.6066 [0.5643, 0.6503]","0.2752 [0.2544, 0.2949]"
spatial_high,convnext_tiny_logit,"0.5829 [0.5599, 0.6070]","0.7105 [0.6714, 0.7517]","0.2507 [0.2252, 0.2757]"
spatial_high,efficientnet_b0_logit,"0.6502 [0.6177, 0.6829]","0.7205 [0.6827, 0.7568]","0.2620 [0.2356, 0.2890]"
spatial_high,handcrafted_logit,"0.5707 [0.5343, 0.6076]","0.6028 [0.5596, 0.6462]","0.2882 [0.2657, 0.3106]"
spatial_high,prior_prevalence,"0.5000 [0.5000, 0.5000]","0.5000 [0.5000, 0.5000]","0.3208 [0.3007, 0.3400]"
spatial_high,resnet18_logit,"0.6553 [0.6209, 0.6891]","0.7345 [0.6935, 0.7733]","0.2403 [0.2155, 0.2668]"
spatial_high,swin_t_logit,"0.5621 [0.5455, 0.5796]","0.7820 [0.7463, 0.8157]","0.2824 [0.2523, 0.3130]"
