component_id,author_leaf_ids,n_leaves,n_labels,selected_leaf_id,n_unique_photographs,admitted
Potato___Early_blight:::1.0,"[""Potato___Early_blight:::1.0""]",1,1,Potato___Early_blight:::1.0,4,True
Potato___Early_blight:::10.0,"[""Potato___Early_blight:::10.0""]",1,1,Potato___Early_blight:::10.0,4,True
Potato___Early_blight:::100.0,"[""Potato___Early_blight:::100.0""]",1,1,Potato___Early_blight:::100.0,4,True
Potato___Early_blight:::101.0,"[""Potato___Early_blight:::101.0""]",1,1,Potato___Early_blight:::101.0,4,True
Potato___Early_blight:::102.0,"[""Potato___Early_blight:::102.0""]",1,1,Potato___Early_blight:::102.0,4,True
Potato___Early_blight:::103.0,"[""Potato___Early_blight:::103.0""]",1,1,Potato___Early_blight:::103.0,4,True
Potato___Early_blight:::104.0,"[""Potato___Early_blight:::104.0""]",1,1,Potato___Early_blight:::104.0,4,True
Potato___Early_blight:::105.0,"[""Potato___Early_blight:::105.0""]",1,1,Potato___Early_blight:::105.0,4,True
Potato___Early_blight:::106.0,"[""Potato___Early_blight:::106.0""]",1,1,Potato___Early_blight:::106.0,4,True
Potato___Early_blight:::107.0,"[""Potato___Early_blight:::107.0""]",1,1,Potato___Early_blight:::107.0,4,True
Potato___Early_blight:::108.0,"[""Potato___Early_blight:::108.0""]",1,1,Potato___Early_blight:::108.0,4,True
Potato___Early_blight:::109.0,"[""Potato___Early_blight:::109.0""]",1,1,Potato___Early_blight:::109.0,4,True
Potato___Early_blight:::11.0,"[""Potato___Early_blight:::11.0""]",1,1,Potato___Early_blight:::11.0,4,True
Potato___Early_blight:::110.0,"[""Potato___Early_blight:::110.0""]",1,1,Potato___Early_blight:::110.0,4,True
Potato___Early_blight:::111.0,"[""Potato___Early_blight:::111.0""]",1,1,Potato___Early_blight:::111.0,4,True
Potato___Early_blight:::112.0,"[""Potato___Early_blight:::112.0""]",1,1,Potato___Early_blight:::112.0,4,True
Potato___Early_blight:::113.0,"[""Potato___Early_blight:::113.0""]",1,1,Potato___Early_blight:::113.0,4,True
Potato___Early_blight:::114.0,"[""Potato___Early_blight:::114.0""]",1,1,Potato___Early_blight:::114.0,4,True
Potato___Early_blight:::115.0,"[""Potato___Early_blight:::115.0""]",1,1,Potato___Early_blight:::115.0,4,True
Potato___Early_blight:::116.0,"[""Potato___Early_blight:::116.0""]",1,1,Potato___Early_blight:::116.0,4,True
Potato___Early_blight:::117.0,"[""Potato___Early_blight:::117.0""]",1,1,Potato___Early_blight:::117.0,4,True
Potato___Early_blight:::118.0,"[""Potato___Early_blight:::118.0""]",1,1,Potato___Early_blight:::118.0,4,True
Potato___Early_blight:::119.0,"[""Potato___Early_blight:::119.0""]",1,1,Potato___Early_blight:::119.0,4,True
Potato___Early_blight:::12.0,"[""Potato___Early_blight:::12.0""]",1,1,Potato___Early_blight:::12.0,4,True
Potato___Early_blight:::120.0,"[""Potato___Early_blight:::120.0""]",1,1,Potato___Early_blight:::120.0,4,True
Potato___Early_blight:::121.0,"[""Potato___Early_blight:::121.0""]",1,1,Potato___Early_blight:::121.0,4,True
Potato___Early_blight:::122.0,"[""Potato___Early_blight:::122.0""]",1,1,Potato___Early_blight:::122.0,4,True
Potato___Early_blight:::123.0,"[""Potato___Early_blight:::123.0""]",1,1,Potato___Early_blight:::123.0,4,True
Potato___Early_blight:::124.0,"[""Potato___Early_blight:::124.0""]",1,1,Potato___Early_blight:::124.0,4,True
Potato___Early_blight:::125.0,"[""Potato___Early_blight:::125.0""]",1,1,Potato___Early_blight:::125.0,4,True
Potato___Early_blight:::126.0,"[""Potato___Early_blight:::126.0""]",1,1,Potato___Early_blight:::126.0,4,True
Potato___Early_blight:::127.0,"[""Potato___Early_blight:::127.0""]",1,1,Potato___Early_blight:::127.0,4,True
Potato___Early_blight:::128.0,"[""Potato___Early_blight:::128.0""]",1,1,Potato___Early_blight:::128.0,4,True
Potato___Early_blight:::129.0,"[""Potato___Early_blight:::129.0""]",1,1,Potato___Early_blight:::129.0,4,True
Potato___Early_blight:::13.0,"[""Potato___Early_blight:::13.0""]",1,1,Potato___Early_blight:::13.0,4,True
Potato___Early_blight:::130.0,"[""Potato___Early_blight:::130.0""]",1,1,Potato___Early_blight:::130.0,4,True
Potato___Early_blight:::131.0,"[""Potato___Early_blight:::131.0""]",1,1,Potato___Early_blight:::131.0,4,True
Potato___Early_blight:::132.0,"[""Potato___Early_blight:::132.0""]",1,1,Potato___Early_blight:::132.0,4,True
Potato___Early_blight:::133.0,"[""Potato___Early_blight:::133.0""]",1,1,Potato___Early_blight:::133.0,4,True
Potato___Early_blight:::134.0,"[""Potato___Early_blight:::134.0""]",1,1,Potato___Early_blight:::134.0,4,True
Potato___Early_blight:::135.0,"[""Potato___Early_blight:::135.0""]",1,1,Potato___Early_blight:::135.0,4,True
Potato___Early_blight:::136.0,"[""Potato___Early_blight:::136.0""]",1,1,Potato___Early_blight:::136.0,4,True
Potato___Early_blight:::137.0,"[""Potato___Early_blight:::137.0""]",1,1,Potato___Early_blight:::137.0,4,True
Potato___Early_blight:::138.0,"[""Potato___Early_blight:::138.0""]",1,1,Potato___Early_blight:::138.0,4,True
Potato___Early_blight:::139.0,"[""Potato___Early_blight:::139.0""]",1,1,Potato___Early_blight:::139.0,4,True
Potato___Early_blight:::14.0,"[""Potato___Early_blight:::14.0""]",1,1,Potato___Early_blight:::14.0,4,True
Potato___Early_blight:::140.0,"[""Potato___Early_blight:::140.0""]",1,1,Potato___Early_blight:::140.0,4,True
Potato___Early_blight:::141.0,"[""Potato___Early_blight:::141.0""]",1,1,Potato___Early_blight:::141.0,4,True
Potato___Early_blight:::142.0,"[""Potato___Early_blight:::142.0""]",1,1,Potato___Early_blight:::142.0,4,True
Potato___Early_blight:::143.0,"[""Potato___Early_blight:::143.0""]",1,1,Potato___Early_blight:::143.0,4,True
Potato___Early_blight:::144.0,"[""Potato___Early_blight:::144.0""]",1,1,Potato___Early_blight:::144.0,4,True
Potato___Early_blight:::145.0,"[""Potato___Early_blight:::145.0""]",1,1,Potato___Early_blight:::145.0,4,True
Potato___Early_blight:::146.0,"[""Potato___Early_blight:::146.0""]",1,1,Potato___Early_blight:::146.0,4,True
Potato___Early_blight:::147.0,"[""Potato___Early_blight:::147.0""]",1,1,Potato___Early_blight:::147.0,4,True
Potato___Early_blight:::148.0,"[""Potato___Early_blight:::148.0""]",1,1,Potato___Early_blight:::148.0,4,True
Potato___Early_blight:::149.0,"[""Potato___Early_blight:::149.0""]",1,1,Potato___Early_blight:::149.0,4,True
Potato___Early_blight:::15.0,"[""Potato___Early_blight:::15.0""]",1,1,Potato___Early_blight:::15.0,4,True
Potato___Early_blight:::150.0,"[""Potato___Early_blight:::150.0""]",1,1,Potato___Early_blight:::150.0,4,True
Potato___Early_blight:::151.0,"[""Potato___Early_blight:::151.0""]",1,1,Potato___Early_blight:::151.0,4,True
Potato___Early_blight:::152.0,"[""Potato___Early_blight:::152.0""]",1,1,Potato___Early_blight:::152.0,4,True
Potato___Early_blight:::153.0,"[""Potato___Early_blight:::153.0""]",1,1,Potato___Early_blight:::153.0,4,True
Potato___Early_blight:::154.0,"[""Potato___Early_blight:::154.0""]",1,1,Potato___Early_blight:::154.0,4,True
Potato___Early_blight:::155.0,"[""Potato___Early_blight:::155.0""]",1,1,Potato___Early_blight:::155.0,4,True
Potato___Early_blight:::156.0,"[""Potato___Early_blight:::156.0""]",1,1,Potato___Early_blight:::156.0,4,True
Potato___Early_blight:::157.0,"[""Potato___Early_blight:::157.0""]",1,1,Potato___Early_blight:::157.0,4,True
Potato___Early_blight:::158.0,"[""Potato___Early_blight:::158.0""]",1,1,Potato___Early_blight:::158.0,4,True
Potato___Early_blight:::159.0,"[""Potato___Early_blight:::159.0""]",1,1,Potato___Early_blight:::159.0,4,True
Potato___Early_blight:::16.0,"[""Potato___Early_blight:::16.0""]",1,1,Potato___Early_blight:::16.0,4,True
Potato___Early_blight:::160.0,"[""Potato___Early_blight:::160.0""]",1,1,Potato___Early_blight:::160.0,4,True
Potato___Early_blight:::161.0,"[""Potato___Early_blight:::161.0""]",1,1,Potato___Early_blight:::161.0,4,True
Potato___Early_blight:::162.0,"[""Potato___Early_blight:::162.0""]",1,1,Potato___Early_blight:::162.0,4,True
Potato___Early_blight:::163.0,"[""Potato___Early_blight:::163.0""]",1,1,Potato___Early_blight:::163.0,4,True
Potato___Early_blight:::164.0,"[""Potato___Early_blight:::164.0""]",1,1,Potato___Early_blight:::164.0,4,True
Potato___Early_blight:::165.0,"[""Potato___Early_blight:::165.0""]",1,1,Potato___Early_blight:::165.0,4,True
Potato___Early_blight:::166.0,"[""Potato___Early_blight:::166.0""]",1,1,Potato___Early_blight:::166.0,4,True
Potato___Early_blight:::167.0,"[""Potato___Early_blight:::167.0""]",1,1,Potato___Early_blight:::167.0,4,True
Potato___Early_blight:::168.0,"[""Potato___Early_blight:::168.0""]",1,1,Potato___Early_blight:::168.0,4,True
Potato___Early_blight:::169.0,"[""Potato___Early_blight:::169.0""]",1,1,Potato___Early_blight:::169.0,4,True
Potato___Early_blight:::17.0,"[""Potato___Early_blight:::17.0""]",1,1,Potato___Early_blight:::17.0,4,True
Potato___Early_blight:::170.0,"[""Potato___Early_blight:::170.0""]",1,1,Potato___Early_blight:::170.0,4,True
Potato___Early_blight:::171.0,"[""Potato___Early_blight:::171.0""]",1,1,Potato___Early_blight:::171.0,4,True
Potato___Early_blight:::172.0,"[""Potato___Early_blight:::172.0""]",1,1,Potato___Early_blight:::172.0,4,True
Potato___Early_blight:::173.0,"[""Potato___Early_blight:::173.0""]",1,1,Potato___Early_blight:::173.0,4,True
Potato___Early_blight:::174.0,"[""Potato___Early_blight:::174.0""]",1,1,Potato___Early_blight:::174.0,4,True
Potato___Early_blight:::175.0,"[""Potato___Early_blight:::175.0""]",1,1,Potato___Early_blight:::175.0,4,True
Potato___Early_blight:::176.0,"[""Potato___Early_blight:::176.0""]",1,1,Potato___Early_blight:::176.0,4,True
Potato___Early_blight:::177.0,"[""Potato___Early_blight:::177.0""]",1,1,Potato___Early_blight:::177.0,4,True
Potato___Early_blight:::178.0,"[""Potato___Early_blight:::178.0""]",1,1,Potato___Early_blight:::178.0,4,True
Potato___Early_blight:::179.0,"[""Potato___Early_blight:::179.0""]",1,1,Potato___Early_blight:::179.0,4,True
Potato___Early_blight:::18.0,"[""Potato___Early_blight:::18.0""]",1,1,Potato___Early_blight:::18.0,4,True
Potato___Early_blight:::180.0,"[""Potato___Early_blight:::180.0""]",1,1,Potato___Early_blight:::180.0,4,True
Potato___Early_blight:::181.0,"[""Potato___Early_blight:::181.0""]",1,1,Potato___Early_blight:::181.0,4,True
Potato___Early_blight:::182.0,"[""Potato___Early_blight:::182.0""]",1,1,Potato___Early_blight:::182.0,4,True
Potato___Early_blight:::183.0,"[""Potato___Early_blight:::183.0""]",1,1,Potato___Early_blight:::183.0,4,True
Potato___Early_blight:::184.0,"[""Potato___Early_blight:::184.0""]",1,1,Potato___Early_blight:::184.0,4,True
Potato___Early_blight:::185.0,"[""Potato___Early_blight:::185.0""]",1,1,Potato___Early_blight:::185.0,4,True
Potato___Early_blight:::186.0,"[""Potato___Early_blight:::186.0""]",1,1,Potato___Early_blight:::186.0,4,True
Potato___Early_blight:::187.0,"[""Potato___Early_blight:::187.0""]",1,1,Potato___Early_blight:::187.0,4,True
Potato___Early_blight:::188.0,"[""Potato___Early_blight:::188.0""]",1,1,Potato___Early_blight:::188.0,4,True
Potato___Early_blight:::189.0,"[""Potato___Early_blight:::189.0""]",1,1,Potato___Early_blight:::189.0,4,True
Potato___Early_blight:::19.0,"[""Potato___Early_blight:::19.0""]",1,1,Potato___Early_blight:::19.0,4,True
Potato___Early_blight:::190.0,"[""Potato___Early_blight:::190.0""]",1,1,Potato___Early_blight:::190.0,4,True
Potato___Early_blight:::191.0,"[""Potato___Early_blight:::191.0""]",1,1,Potato___Early_blight:::191.0,4,True
Potato___Early_blight:::192.0,"[""Potato___Early_blight:::192.0""]",1,1,Potato___Early_blight:::192.0,4,True
Potato___Early_blight:::193.0,"[""Potato___Early_blight:::193.0""]",1,1,Potato___Early_blight:::193.0,4,True
Potato___Early_blight:::194.0,"[""Potato___Early_blight:::194.0""]",1,1,Potato___Early_blight:::194.0,4,True
Potato___Early_blight:::195.0,"[""Potato___Early_blight:::195.0""]",1,1,Potato___Early_blight:::195.0,4,True
Potato___Early_blight:::196.0,"[""Potato___Early_blight:::196.0""]",1,1,Potato___Early_blight:::196.0,4,True
Potato___Early_blight:::197.0,"[""Potato___Early_blight:::197.0""]",1,1,Potato___Early_blight:::197.0,4,True
Potato___Early_blight:::198.0,"[""Potato___Early_blight:::198.0""]",1,1,Potato___Early_blight:::198.0,4,True
Potato___Early_blight:::199.0,"[""Potato___Early_blight:::199.0""]",1,1,Potato___Early_blight:::199.0,4,True
Potato___Early_blight:::2.0,"[""Potato___Early_blight:::2.0""]",1,1,Potato___Early_blight:::2.0,4,True
Potato___Early_blight:::20.0,"[""Potato___Early_blight:::20.0""]",1,1,Potato___Early_blight:::20.0,4,True
Potato___Early_blight:::200.0,"[""Potato___Early_blight:::200.0""]",1,1,Potato___Early_blight:::200.0,4,True
Potato___Early_blight:::201.0,"[""Potato___Early_blight:::201.0""]",1,1,Potato___Early_blight:::201.0,4,True
Potato___Early_blight:::202.0,"[""Potato___Early_blight:::202.0""]",1,1,Potato___Early_blight:::202.0,4,True
Potato___Early_blight:::203.0,"[""Potato___Early_blight:::203.0""]",1,1,Potato___Early_blight:::203.0,4,True
Potato___Early_blight:::204.0,"[""Potato___Early_blight:::204.0""]",1,1,Potato___Early_blight:::204.0,4,True
Potato___Early_blight:::205.0,"[""Potato___Early_blight:::205.0""]",1,1,Potato___Early_blight:::205.0,4,True
Potato___Early_blight:::206.0,"[""Potato___Early_blight:::206.0""]",1,1,Potato___Early_blight:::206.0,4,True
Potato___Early_blight:::207.0,"[""Potato___Early_blight:::207.0""]",1,1,Potato___Early_blight:::207.0,4,True
Potato___Early_blight:::208.0,"[""Potato___Early_blight:::208.0""]",1,1,Potato___Early_blight:::208.0,4,True
Potato___Early_blight:::209.0,"[""Potato___Early_blight:::209.0""]",1,1,Potato___Early_blight:::209.0,4,True
Potato___Early_blight:::21.0,"[""Potato___Early_blight:::21.0""]",1,1,Potato___Early_blight:::21.0,4,True
Potato___Early_blight:::210.0,"[""Potato___Early_blight:::210.0""]",1,1,Potato___Early_blight:::210.0,4,True
Potato___Early_blight:::211.0,"[""Potato___Early_blight:::211.0""]",1,1,Potato___Early_blight:::211.0,4,True
Potato___Early_blight:::212.0,"[""Potato___Early_blight:::212.0""]",1,1,Potato___Early_blight:::212.0,4,True
Potato___Early_blight:::213.0,"[""Potato___Early_blight:::213.0""]",1,1,Potato___Early_blight:::213.0,4,True
Potato___Early_blight:::214.0,"[""Potato___Early_blight:::214.0""]",1,1,Potato___Early_blight:::214.0,4,True
Potato___Early_blight:::215.0,"[""Potato___Early_blight:::215.0""]",1,1,Potato___Early_blight:::215.0,4,True
Potato___Early_blight:::216.0,"[""Potato___Early_blight:::216.0""]",1,1,Potato___Early_blight:::216.0,4,True
Potato___Early_blight:::217.0,"[""Potato___Early_blight:::217.0""]",1,1,Potato___Early_blight:::217.0,4,True
Potato___Early_blight:::218.0,"[""Potato___Early_blight:::218.0""]",1,1,Potato___Early_blight:::218.0,4,True
Potato___Early_blight:::219.0,"[""Potato___Early_blight:::219.0""]",1,1,Potato___Early_blight:::219.0,4,True
Potato___Early_blight:::22.0,"[""Potato___Early_blight:::22.0""]",1,1,Potato___Early_blight:::22.0,4,True
Potato___Early_blight:::220.0,"[""Potato___Early_blight:::220.0""]",1,1,Potato___Early_blight:::220.0,4,True
Potato___Early_blight:::221.0,"[""Potato___Early_blight:::221.0""]",1,1,Potato___Early_blight:::221.0,4,True
Potato___Early_blight:::222.0,"[""Potato___Early_blight:::222.0""]",1,1,Potato___Early_blight:::222.0,4,True
Potato___Early_blight:::223.0,"[""Potato___Early_blight:::223.0""]",1,1,Potato___Early_blight:::223.0,4,True
Potato___Early_blight:::224.0,"[""Potato___Early_blight:::224.0""]",1,1,Potato___Early_blight:::224.0,4,True
Potato___Early_blight:::225.0,"[""Potato___Early_blight:::225.0""]",1,1,Potato___Early_blight:::225.0,4,True
Potato___Early_blight:::226.0,"[""Potato___Early_blight:::226.0""]",1,1,Potato___Early_blight:::226.0,4,True
Potato___Early_blight:::227.0,"[""Potato___Early_blight:::227.0""]",1,1,Potato___Early_blight:::227.0,4,True
Potato___Early_blight:::228.0,"[""Potato___Early_blight:::228.0""]",1,1,Potato___Early_blight:::228.0,4,True
Potato___Early_blight:::229.0,"[""Potato___Early_blight:::229.0""]",1,1,Potato___Early_blight:::229.0,4,True
Potato___Early_blight:::23.0,"[""Potato___Early_blight:::23.0""]",1,1,Potato___Early_blight:::23.0,4,True
Potato___Early_blight:::230.0,"[""Potato___Early_blight:::230.0""]",1,1,Potato___Early_blight:::230.0,4,True
Potato___Early_blight:::231.0,"[""Potato___Early_blight:::231.0""]",1,1,Potato___Early_blight:::231.0,4,True
Potato___Early_blight:::232.0,"[""Potato___Early_blight:::232.0""]",1,1,Potato___Early_blight:::232.0,4,True
Potato___Early_blight:::233.0,"[""Potato___Early_blight:::233.0""]",1,1,Potato___Early_blight:::233.0,4,True
Potato___Early_blight:::234.0,"[""Potato___Early_blight:::234.0""]",1,1,Potato___Early_blight:::234.0,4,True
Potato___Early_blight:::235.0,"[""Potato___Early_blight:::235.0""]",1,1,Potato___Early_blight:::235.0,4,True
Potato___Early_blight:::236.0,"[""Potato___Early_blight:::236.0""]",1,1,Potato___Early_blight:::236.0,4,True
Potato___Early_blight:::237.0,"[""Potato___Early_blight:::237.0""]",1,1,Potato___Early_blight:::237.0,4,True
Potato___Early_blight:::238.0,"[""Potato___Early_blight:::238.0""]",1,1,Potato___Early_blight:::238.0,4,True
Potato___Early_blight:::239.0,"[""Potato___Early_blight:::239.0""]",1,1,Potato___Early_blight:::239.0,4,True
Potato___Early_blight:::24.0,"[""Potato___Early_blight:::24.0""]",1,1,Potato___Early_blight:::24.0,4,True
Potato___Early_blight:::240.0,"[""Potato___Early_blight:::240.0""]",1,1,Potato___Early_blight:::240.0,4,True
Potato___Early_blight:::241.0,"[""Potato___Early_blight:::241.0""]",1,1,Potato___Early_blight:::241.0,4,True
Potato___Early_blight:::242.0,"[""Potato___Early_blight:::242.0""]",1,1,Potato___Early_blight:::242.0,4,True
Potato___Early_blight:::243.0,"[""Potato___Early_blight:::243.0""]",1,1,Potato___Early_blight:::243.0,4,True
Potato___Early_blight:::244.0,"[""Potato___Early_blight:::244.0""]",1,1,Potato___Early_blight:::244.0,4,True
Potato___Early_blight:::245.0,"[""Potato___Early_blight:::245.0""]",1,1,Potato___Early_blight:::245.0,4,True
Potato___Early_blight:::246.0,"[""Potato___Early_blight:::246.0""]",1,1,Potato___Early_blight:::246.0,4,True
Potato___Early_blight:::247.0,"[""Potato___Early_blight:::247.0""]",1,1,Potato___Early_blight:::247.0,4,True
Potato___Early_blight:::248.0,"[""Potato___Early_blight:::248.0""]",1,1,Potato___Early_blight:::248.0,4,True
Potato___Early_blight:::249.0,"[""Potato___Early_blight:::249.0""]",1,1,Potato___Early_blight:::249.0,4,True
Potato___Early_blight:::25.0,"[""Potato___Early_blight:::25.0""]",1,1,Potato___Early_blight:::25.0,4,True
Potato___Early_blight:::250.0,"[""Potato___Early_blight:::250.0""]",1,1,Potato___Early_blight:::250.0,4,True
Potato___Early_blight:::26.0,"[""Potato___Early_blight:::26.0""]",1,1,Potato___Early_blight:::26.0,4,True
Potato___Early_blight:::27.0,"[""Potato___Early_blight:::27.0""]",1,1,Potato___Early_blight:::27.0,4,True
Potato___Early_blight:::28.0,"[""Potato___Early_blight:::28.0""]",1,1,Potato___Early_blight:::28.0,4,True
Potato___Early_blight:::29.0,"[""Potato___Early_blight:::29.0""]",1,1,Potato___Early_blight:::29.0,4,True
Potato___Early_blight:::3.0,"[""Potato___Early_blight:::3.0""]",1,1,Potato___Early_blight:::3.0,4,True
Potato___Early_blight:::30.0,"[""Potato___Early_blight:::30.0""]",1,1,Potato___Early_blight:::30.0,4,True
Potato___Early_blight:::31.0,"[""Potato___Early_blight:::31.0""]",1,1,Potato___Early_blight:::31.0,4,True
Potato___Early_blight:::32.0,"[""Potato___Early_blight:::32.0""]",1,1,Potato___Early_blight:::32.0,4,True
Potato___Early_blight:::33.0,"[""Potato___Early_blight:::33.0""]",1,1,Potato___Early_blight:::33.0,4,True
Potato___Early_blight:::34.0,"[""Potato___Early_blight:::34.0""]",1,1,Potato___Early_blight:::34.0,4,True
Potato___Early_blight:::35.0,"[""Potato___Early_blight:::35.0""]",1,1,Potato___Early_blight:::35.0,4,True
Potato___Early_blight:::36.0,"[""Potato___Early_blight:::36.0""]",1,1,Potato___Early_blight:::36.0,4,True
Potato___Early_blight:::37.0,"[""Potato___Early_blight:::37.0""]",1,1,Potato___Early_blight:::37.0,4,True
Potato___Early_blight:::38.0,"[""Potato___Early_blight:::38.0""]",1,1,Potato___Early_blight:::38.0,4,True
Potato___Early_blight:::39.0,"[""Potato___Early_blight:::39.0""]",1,1,Potato___Early_blight:::39.0,4,True
Potato___Early_blight:::4.0,"[""Potato___Early_blight:::4.0""]",1,1,Potato___Early_blight:::4.0,4,True
Potato___Early_blight:::40.0,"[""Potato___Early_blight:::40.0""]",1,1,Potato___Early_blight:::40.0,4,True
Potato___Early_blight:::41.0,"[""Potato___Early_blight:::41.0""]",1,1,Potato___Early_blight:::41.0,4,True
Potato___Early_blight:::42.0,"[""Potato___Early_blight:::42.0""]",1,1,Potato___Early_blight:::42.0,4,True
Potato___Early_blight:::43.0,"[""Potato___Early_blight:::43.0""]",1,1,Potato___Early_blight:::43.0,4,True
Potato___Early_blight:::44.0,"[""Potato___Early_blight:::44.0""]",1,1,Potato___Early_blight:::44.0,4,True
Potato___Early_blight:::45.0,"[""Potato___Early_blight:::45.0""]",1,1,Potato___Early_blight:::45.0,4,True
Potato___Early_blight:::46.0,"[""Potato___Early_blight:::46.0""]",1,1,Potato___Early_blight:::46.0,4,True
Potato___Early_blight:::47.0,"[""Potato___Early_blight:::47.0""]",1,1,Potato___Early_blight:::47.0,4,True
Potato___Early_blight:::48.0,"[""Potato___Early_blight:::48.0""]",1,1,Potato___Early_blight:::48.0,4,True
Potato___Early_blight:::49.0,"[""Potato___Early_blight:::49.0""]",1,1,Potato___Early_blight:::49.0,4,True
Potato___Early_blight:::5.0,"[""Potato___Early_blight:::5.0""]",1,1,Potato___Early_blight:::5.0,4,True
Potato___Early_blight:::50.0,"[""Potato___Early_blight:::50.0""]",1,1,Potato___Early_blight:::50.0,4,True
Potato___Early_blight:::51.0,"[""Potato___Early_blight:::51.0""]",1,1,Potato___Early_blight:::51.0,4,True
Potato___Early_blight:::52.0,"[""Potato___Early_blight:::52.0""]",1,1,Potato___Early_blight:::52.0,4,True
Potato___Early_blight:::53.0,"[""Potato___Early_blight:::53.0""]",1,1,Potato___Early_blight:::53.0,4,True
Potato___Early_blight:::54.0,"[""Potato___Early_blight:::54.0""]",1,1,Potato___Early_blight:::54.0,4,True
Potato___Early_blight:::55.0,"[""Potato___Early_blight:::55.0""]",1,1,Potato___Early_blight:::55.0,4,True
Potato___Early_blight:::56.0,"[""Potato___Early_blight:::56.0""]",1,1,Potato___Early_blight:::56.0,4,True
Potato___Early_blight:::57.0,"[""Potato___Early_blight:::57.0""]",1,1,Potato___Early_blight:::57.0,4,True
Potato___Early_blight:::58.0,"[""Potato___Early_blight:::58.0""]",1,1,Potato___Early_blight:::58.0,4,True
Potato___Early_blight:::59.0,"[""Potato___Early_blight:::59.0""]",1,1,Potato___Early_blight:::59.0,4,True
Potato___Early_blight:::6.0,"[""Potato___Early_blight:::6.0""]",1,1,Potato___Early_blight:::6.0,4,True
Potato___Early_blight:::60.0,"[""Potato___Early_blight:::60.0""]",1,1,Potato___Early_blight:::60.0,4,True
Potato___Early_blight:::61.0,"[""Potato___Early_blight:::61.0""]",1,1,Potato___Early_blight:::61.0,4,True
Potato___Early_blight:::62.0,"[""Potato___Early_blight:::62.0""]",1,1,Potato___Early_blight:::62.0,4,True
Potato___Early_blight:::63.0,"[""Potato___Early_blight:::63.0""]",1,1,Potato___Early_blight:::63.0,4,True
Potato___Early_blight:::64.0,"[""Potato___Early_blight:::64.0""]",1,1,Potato___Early_blight:::64.0,4,True
Potato___Early_blight:::65.0,"[""Potato___Early_blight:::65.0""]",1,1,Potato___Early_blight:::65.0,4,True
Potato___Early_blight:::66.0,"[""Potato___Early_blight:::66.0""]",1,1,Potato___Early_blight:::66.0,4,True
Potato___Early_blight:::67.0,"[""Potato___Early_blight:::67.0""]",1,1,Potato___Early_blight:::67.0,4,True
Potato___Early_blight:::68.0,"[""Potato___Early_blight:::68.0""]",1,1,Potato___Early_blight:::68.0,4,True
Potato___Early_blight:::69.0,"[""Potato___Early_blight:::69.0""]",1,1,Potato___Early_blight:::69.0,4,True
Potato___Early_blight:::7.0,"[""Potato___Early_blight:::7.0""]",1,1,Potato___Early_blight:::7.0,4,True
Potato___Early_blight:::70.0,"[""Potato___Early_blight:::70.0""]",1,1,Potato___Early_blight:::70.0,4,True
Potato___Early_blight:::71.0,"[""Potato___Early_blight:::71.0""]",1,1,Potato___Early_blight:::71.0,4,True
Potato___Early_blight:::72.0,"[""Potato___Early_blight:::72.0""]",1,1,Potato___Early_blight:::72.0,4,True
Potato___Early_blight:::73.0,"[""Potato___Early_blight:::73.0""]",1,1,Potato___Early_blight:::73.0,4,True
Potato___Early_blight:::74.0,"[""Potato___Early_blight:::74.0""]",1,1,Potato___Early_blight:::74.0,4,True
Potato___Early_blight:::75.0,"[""Potato___Early_blight:::75.0""]",1,1,Potato___Early_blight:::75.0,4,True
Potato___Early_blight:::76.0,"[""Potato___Early_blight:::76.0""]",1,1,Potato___Early_blight:::76.0,4,True
Potato___Early_blight:::77.0,"[""Potato___Early_blight:::77.0""]",1,1,Potato___Early_blight:::77.0,4,True
Potato___Early_blight:::78.0,"[""Potato___Early_blight:::78.0""]",1,1,Potato___Early_blight:::78.0,4,True
Potato___Early_blight:::79.0,"[""Potato___Early_blight:::79.0""]",1,1,Potato___Early_blight:::79.0,4,True
Potato___Early_blight:::8.0,"[""Potato___Early_blight:::8.0""]",1,1,Potato___Early_blight:::8.0,4,True
Potato___Early_blight:::80.0,"[""Potato___Early_blight:::80.0""]",1,1,Potato___Early_blight:::80.0,4,True
Potato___Early_blight:::81.0,"[""Potato___Early_blight:::81.0""]",1,1,Potato___Early_blight:::81.0,4,True
Potato___Early_blight:::82.0,"[""Potato___Early_blight:::82.0""]",1,1,Potato___Early_blight:::82.0,4,True
Potato___Early_blight:::83.0,"[""Potato___Early_blight:::83.0""]",1,1,Potato___Early_blight:::83.0,4,True
Potato___Early_blight:::84.0,"[""Potato___Early_blight:::84.0""]",1,1,Potato___Early_blight:::84.0,4,True
Potato___Early_blight:::85.0,"[""Potato___Early_blight:::85.0""]",1,1,Potato___Early_blight:::85.0,4,True
Potato___Early_blight:::86.0,"[""Potato___Early_blight:::86.0""]",1,1,Potato___Early_blight:::86.0,4,True
Potato___Early_blight:::87.0,"[""Potato___Early_blight:::87.0""]",1,1,Potato___Early_blight:::87.0,4,True
Potato___Early_blight:::88.0,"[""Potato___Early_blight:::88.0""]",1,1,Potato___Early_blight:::88.0,4,True
Potato___Early_blight:::89.0,"[""Potato___Early_blight:::89.0""]",1,1,Potato___Early_blight:::89.0,4,True
Potato___Early_blight:::9.0,"[""Potato___Early_blight:::9.0""]",1,1,Potato___Early_blight:::9.0,4,True
Potato___Early_blight:::90.0,"[""Potato___Early_blight:::90.0""]",1,1,Potato___Early_blight:::90.0,4,True
Potato___Early_blight:::91.0,"[""Potato___Early_blight:::91.0""]",1,1,Potato___Early_blight:::91.0,4,True
Potato___Early_blight:::92.0,"[""Potato___Early_blight:::92.0""]",1,1,Potato___Early_blight:::92.0,4,True
Potato___Early_blight:::93.0,"[""Potato___Early_blight:::93.0""]",1,1,Potato___Early_blight:::93.0,4,True
Potato___Early_blight:::94.0,"[""Potato___Early_blight:::94.0""]",1,1,Potato___Early_blight:::94.0,4,True
Potato___Early_blight:::95.0,"[""Potato___Early_blight:::95.0""]",1,1,Potato___Early_blight:::95.0,4,True
Potato___Early_blight:::96.0,"[""Potato___Early_blight:::96.0""]",1,1,Potato___Early_blight:::96.0,4,True
Potato___Early_blight:::97.0,"[""Potato___Early_blight:::97.0""]",1,1,Potato___Early_blight:::97.0,4,True
Potato___Early_blight:::98.0,"[""Potato___Early_blight:::98.0""]",1,1,Potato___Early_blight:::98.0,4,True
Potato___Early_blight:::99.0,"[""Potato___Early_blight:::99.0""]",1,1,Potato___Early_blight:::99.0,4,True
Potato___Late_blight:::1.0,"[""Potato___Late_blight:::1.0""]",1,1,Potato___Late_blight:::1.0,4,True
Potato___Late_blight:::10.0,"[""Potato___Late_blight:::10.0""]",1,1,Potato___Late_blight:::10.0,4,True
Potato___Late_blight:::100.0,"[""Potato___Late_blight:::100.0""]",1,1,Potato___Late_blight:::100.0,4,True
Potato___Late_blight:::101.0,"[""Potato___Late_blight:::101.0""]",1,1,Potato___Late_blight:::101.0,4,True
Potato___Late_blight:::102.0,"[""Potato___Late_blight:::102.0""]",1,1,Potato___Late_blight:::102.0,4,True
Potato___Late_blight:::103.0,"[""Potato___Late_blight:::103.0""]",1,1,Potato___Late_blight:::103.0,4,True
Potato___Late_blight:::104.0,"[""Potato___Late_blight:::104.0""]",1,1,Potato___Late_blight:::104.0,4,True
Potato___Late_blight:::105.0,"[""Potato___Late_blight:::105.0""]",1,1,Potato___Late_blight:::105.0,4,True
Potato___Late_blight:::106.0,"[""Potato___Late_blight:::106.0""]",1,1,Potato___Late_blight:::106.0,4,True
Potato___Late_blight:::107.0,"[""Potato___Late_blight:::107.0""]",1,1,Potato___Late_blight:::107.0,4,True
Potato___Late_blight:::108.0,"[""Potato___Late_blight:::108.0""]",1,1,Potato___Late_blight:::108.0,4,True
Potato___Late_blight:::109.0,"[""Potato___Late_blight:::109.0""]",1,1,Potato___Late_blight:::109.0,4,True
Potato___Late_blight:::11.0,"[""Potato___Late_blight:::11.0""]",1,1,Potato___Late_blight:::11.0,4,True
Potato___Late_blight:::110.0,"[""Potato___Late_blight:::110.0""]",1,1,Potato___Late_blight:::110.0,4,True
Potato___Late_blight:::111.0,"[""Potato___Late_blight:::111.0""]",1,1,Potato___Late_blight:::111.0,4,True
Potato___Late_blight:::112.0,"[""Potato___Late_blight:::112.0""]",1,1,Potato___Late_blight:::112.0,4,True
Potato___Late_blight:::113.0,"[""Potato___Late_blight:::113.0""]",1,1,Potato___Late_blight:::113.0,4,True
Potato___Late_blight:::114.0,"[""Potato___Late_blight:::114.0""]",1,1,Potato___Late_blight:::114.0,4,True
Potato___Late_blight:::115.0,"[""Potato___Late_blight:::115.0""]",1,1,Potato___Late_blight:::115.0,4,True
Potato___Late_blight:::116.0,"[""Potato___Late_blight:::116.0""]",1,1,Potato___Late_blight:::116.0,4,True
Potato___Late_blight:::117.0,"[""Potato___Late_blight:::117.0""]",1,1,Potato___Late_blight:::117.0,4,True
Potato___Late_blight:::118.0,"[""Potato___Late_blight:::118.0""]",1,1,Potato___Late_blight:::118.0,4,True
Potato___Late_blight:::119.0,"[""Potato___Late_blight:::119.0""]",1,1,Potato___Late_blight:::119.0,4,True
Potato___Late_blight:::12.0,"[""Potato___Late_blight:::12.0""]",1,1,Potato___Late_blight:::12.0,4,True
Potato___Late_blight:::120.0,"[""Potato___Late_blight:::120.0""]",1,1,Potato___Late_blight:::120.0,4,True
Potato___Late_blight:::121.0,"[""Potato___Late_blight:::121.0""]",1,1,Potato___Late_blight:::121.0,4,True
Potato___Late_blight:::122.0,"[""Potato___Late_blight:::122.0""]",1,1,Potato___Late_blight:::122.0,4,True
Potato___Late_blight:::123.0,"[""Potato___Late_blight:::123.0""]",1,1,Potato___Late_blight:::123.0,4,True
Potato___Late_blight:::124.0,"[""Potato___Late_blight:::124.0""]",1,1,Potato___Late_blight:::124.0,4,True
Potato___Late_blight:::125.0,"[""Potato___Late_blight:::125.0""]",1,1,Potato___Late_blight:::125.0,4,True
Potato___Late_blight:::126.0,"[""Potato___Late_blight:::126.0""]",1,1,Potato___Late_blight:::126.0,4,True
Potato___Late_blight:::127.0,"[""Potato___Late_blight:::127.0""]",1,1,Potato___Late_blight:::127.0,4,True
Potato___Late_blight:::128.0,"[""Potato___Late_blight:::128.0""]",1,1,Potato___Late_blight:::128.0,4,True
Potato___Late_blight:::129.0,"[""Potato___Late_blight:::129.0""]",1,1,Potato___Late_blight:::129.0,4,True
Potato___Late_blight:::13.0,"[""Potato___Late_blight:::13.0""]",1,1,Potato___Late_blight:::13.0,4,True
Potato___Late_blight:::130.0,"[""Potato___Late_blight:::130.0""]",1,1,Potato___Late_blight:::130.0,4,True
Potato___Late_blight:::131.0,"[""Potato___Late_blight:::131.0""]",1,1,Potato___Late_blight:::131.0,4,True
Potato___Late_blight:::132.0,"[""Potato___Late_blight:::132.0""]",1,1,Potato___Late_blight:::132.0,4,True
Potato___Late_blight:::133.0,"[""Potato___Late_blight:::133.0""]",1,1,Potato___Late_blight:::133.0,4,True
Potato___Late_blight:::134.0,"[""Potato___Late_blight:::134.0""]",1,1,Potato___Late_blight:::134.0,4,True
Potato___Late_blight:::135.0,"[""Potato___Late_blight:::135.0""]",1,1,Potato___Late_blight:::135.0,4,True
Potato___Late_blight:::136.0,"[""Potato___Late_blight:::136.0""]",1,1,Potato___Late_blight:::136.0,4,True
Potato___Late_blight:::137.0,"[""Potato___Late_blight:::137.0""]",1,1,Potato___Late_blight:::137.0,4,True
Potato___Late_blight:::138.0,"[""Potato___Late_blight:::138.0""]",1,1,Potato___Late_blight:::138.0,4,True
Potato___Late_blight:::139.0,"[""Potato___Late_blight:::139.0""]",1,1,Potato___Late_blight:::139.0,4,True
Potato___Late_blight:::14.0,"[""Potato___Late_blight:::14.0""]",1,1,Potato___Late_blight:::14.0,4,True
Potato___Late_blight:::140.0,"[""Potato___Late_blight:::140.0""]",1,1,Potato___Late_blight:::140.0,4,True
Potato___Late_blight:::141.0,"[""Potato___Late_blight:::141.0""]",1,1,Potato___Late_blight:::141.0,4,True
Potato___Late_blight:::142.0,"[""Potato___Late_blight:::142.0""]",1,1,Potato___Late_blight:::142.0,4,True
Potato___Late_blight:::143.0,"[""Potato___Late_blight:::143.0""]",1,1,Potato___Late_blight:::143.0,4,True
Potato___Late_blight:::144.0,"[""Potato___Late_blight:::144.0""]",1,1,Potato___Late_blight:::144.0,4,True
Potato___Late_blight:::145.0,"[""Potato___Late_blight:::145.0""]",1,1,Potato___Late_blight:::145.0,4,True
Potato___Late_blight:::146.0,"[""Potato___Late_blight:::146.0""]",1,1,Potato___Late_blight:::146.0,4,True
Potato___Late_blight:::147.0,"[""Potato___Late_blight:::147.0""]",1,1,Potato___Late_blight:::147.0,4,True
Potato___Late_blight:::148.0,"[""Potato___Late_blight:::148.0""]",1,1,Potato___Late_blight:::148.0,4,True
Potato___Late_blight:::149.0,"[""Potato___Late_blight:::149.0""]",1,1,Potato___Late_blight:::149.0,4,True
Potato___Late_blight:::15.0,"[""Potato___Late_blight:::15.0""]",1,1,Potato___Late_blight:::15.0,4,True
Potato___Late_blight:::150.0,"[""Potato___Late_blight:::150.0""]",1,1,Potato___Late_blight:::150.0,4,True
Potato___Late_blight:::151.0,"[""Potato___Late_blight:::151.0""]",1,1,Potato___Late_blight:::151.0,4,True
Potato___Late_blight:::152.0,"[""Potato___Late_blight:::152.0""]",1,1,Potato___Late_blight:::152.0,4,True
Potato___Late_blight:::153.0,"[""Potato___Late_blight:::153.0""]",1,1,Potato___Late_blight:::153.0,4,True
Potato___Late_blight:::154.0,"[""Potato___Late_blight:::154.0""]",1,1,Potato___Late_blight:::154.0,4,True
Potato___Late_blight:::155.0,"[""Potato___Late_blight:::155.0""]",1,1,Potato___Late_blight:::155.0,4,True
Potato___Late_blight:::156.0,"[""Potato___Late_blight:::156.0""]",1,1,Potato___Late_blight:::156.0,4,True
Potato___Late_blight:::157.0,"[""Potato___Late_blight:::157.0""]",1,1,Potato___Late_blight:::157.0,4,True
Potato___Late_blight:::158.0,"[""Potato___Late_blight:::158.0""]",1,1,Potato___Late_blight:::158.0,4,True
Potato___Late_blight:::159.0,"[""Potato___Late_blight:::159.0""]",1,1,Potato___Late_blight:::159.0,4,True
Potato___Late_blight:::16.0,"[""Potato___Late_blight:::16.0""]",1,1,Potato___Late_blight:::16.0,4,True
Potato___Late_blight:::160.0,"[""Potato___Late_blight:::160.0""]",1,1,Potato___Late_blight:::160.0,4,True
Potato___Late_blight:::161.0,"[""Potato___Late_blight:::161.0""]",1,1,Potato___Late_blight:::161.0,4,True
Potato___Late_blight:::162.0,"[""Potato___Late_blight:::162.0""]",1,1,Potato___Late_blight:::162.0,4,True
Potato___Late_blight:::163.0,"[""Potato___Late_blight:::163.0""]",1,1,Potato___Late_blight:::163.0,4,True
Potato___Late_blight:::164.0,"[""Potato___Late_blight:::164.0""]",1,1,Potato___Late_blight:::164.0,4,True
Potato___Late_blight:::165.0,"[""Potato___Late_blight:::165.0""]",1,1,Potato___Late_blight:::165.0,4,True
Potato___Late_blight:::166.0,"[""Potato___Late_blight:::166.0""]",1,1,Potato___Late_blight:::166.0,4,True
Potato___Late_blight:::167.0,"[""Potato___Late_blight:::167.0""]",1,1,Potato___Late_blight:::167.0,4,True
Potato___Late_blight:::168.0,"[""Potato___Late_blight:::168.0""]",1,1,Potato___Late_blight:::168.0,4,True
Potato___Late_blight:::169.0,"[""Potato___Late_blight:::169.0""]",1,1,Potato___Late_blight:::169.0,4,True
Potato___Late_blight:::17.0,"[""Potato___Late_blight:::17.0""]",1,1,Potato___Late_blight:::17.0,4,True
Potato___Late_blight:::170.0,"[""Potato___Late_blight:::170.0""]",1,1,Potato___Late_blight:::170.0,4,True
Potato___Late_blight:::171.0,"[""Potato___Late_blight:::171.0""]",1,1,Potato___Late_blight:::171.0,4,True
Potato___Late_blight:::172.0,"[""Potato___Late_blight:::172.0""]",1,1,Potato___Late_blight:::172.0,4,True
Potato___Late_blight:::173.0,"[""Potato___Late_blight:::173.0""]",1,1,Potato___Late_blight:::173.0,4,True
Potato___Late_blight:::174.0,"[""Potato___Late_blight:::174.0""]",1,1,Potato___Late_blight:::174.0,4,True
Potato___Late_blight:::175.0,"[""Potato___Late_blight:::175.0""]",1,1,Potato___Late_blight:::175.0,4,True
Potato___Late_blight:::176.0,"[""Potato___Late_blight:::176.0""]",1,1,Potato___Late_blight:::176.0,4,True
Potato___Late_blight:::177.0,"[""Potato___Late_blight:::177.0""]",1,1,Potato___Late_blight:::177.0,4,True
Potato___Late_blight:::178.0,"[""Potato___Late_blight:::178.0""]",1,1,Potato___Late_blight:::178.0,4,True
Potato___Late_blight:::179.0,"[""Potato___Late_blight:::179.0""]",1,1,Potato___Late_blight:::179.0,4,True
Potato___Late_blight:::18.0,"[""Potato___Late_blight:::18.0""]",1,1,Potato___Late_blight:::18.0,4,True
Potato___Late_blight:::180.0,"[""Potato___Late_blight:::180.0""]",1,1,Potato___Late_blight:::180.0,4,True
Potato___Late_blight:::181.0,"[""Potato___Late_blight:::181.0""]",1,1,Potato___Late_blight:::181.0,4,True
Potato___Late_blight:::182.0,"[""Potato___Late_blight:::182.0""]",1,1,Potato___Late_blight:::182.0,4,True
Potato___Late_blight:::183.0,"[""Potato___Late_blight:::183.0""]",1,1,Potato___Late_blight:::183.0,4,True
Potato___Late_blight:::184.0,"[""Potato___Late_blight:::184.0""]",1,1,Potato___Late_blight:::184.0,4,True
Potato___Late_blight:::185.0,"[""Potato___Late_blight:::185.0""]",1,1,Potato___Late_blight:::185.0,4,True
Potato___Late_blight:::186.0,"[""Potato___Late_blight:::186.0""]",1,1,Potato___Late_blight:::186.0,4,True
Potato___Late_blight:::187.0,"[""Potato___Late_blight:::187.0""]",1,1,Potato___Late_blight:::187.0,4,True
Potato___Late_blight:::188.0,"[""Potato___Late_blight:::188.0""]",1,1,Potato___Late_blight:::188.0,4,True
Potato___Late_blight:::189.0,"[""Potato___Late_blight:::189.0""]",1,1,Potato___Late_blight:::189.0,4,True
Potato___Late_blight:::19.0,"[""Potato___Late_blight:::19.0""]",1,1,Potato___Late_blight:::19.0,4,True
Potato___Late_blight:::190.0,"[""Potato___Late_blight:::190.0""]",1,1,Potato___Late_blight:::190.0,4,True
Potato___Late_blight:::191.0,"[""Potato___Late_blight:::191.0""]",1,1,Potato___Late_blight:::191.0,4,True
Potato___Late_blight:::192.0,"[""Potato___Late_blight:::192.0""]",1,1,Potato___Late_blight:::192.0,4,True
Potato___Late_blight:::193.0,"[""Potato___Late_blight:::193.0""]",1,1,Potato___Late_blight:::193.0,4,True
Potato___Late_blight:::194.0,"[""Potato___Late_blight:::194.0""]",1,1,Potato___Late_blight:::194.0,4,True
Potato___Late_blight:::195.0,"[""Potato___Late_blight:::195.0""]",1,1,Potato___Late_blight:::195.0,4,True
Potato___Late_blight:::196.0,"[""Potato___Late_blight:::196.0""]",1,1,Potato___Late_blight:::196.0,4,True
Potato___Late_blight:::197.0,"[""Potato___Late_blight:::197.0""]",1,1,Potato___Late_blight:::197.0,4,True
Potato___Late_blight:::198.0,"[""Potato___Late_blight:::198.0""]",1,1,Potato___Late_blight:::198.0,4,True
Potato___Late_blight:::199.0,"[""Potato___Late_blight:::199.0""]",1,1,Potato___Late_blight:::199.0,4,True
Potato___Late_blight:::2.0,"[""Potato___Late_blight:::2.0""]",1,1,Potato___Late_blight:::2.0,4,True
Potato___Late_blight:::20.0,"[""Potato___Late_blight:::20.0""]",1,1,Potato___Late_blight:::20.0,4,True
Potato___Late_blight:::200.0,"[""Potato___Late_blight:::200.0""]",1,1,Potato___Late_blight:::200.0,4,True
Potato___Late_blight:::201.0,"[""Potato___Late_blight:::201.0""]",1,1,Potato___Late_blight:::201.0,4,True
Potato___Late_blight:::202.0,"[""Potato___Late_blight:::202.0""]",1,1,Potato___Late_blight:::202.0,4,True
Potato___Late_blight:::203.0,"[""Potato___Late_blight:::203.0""]",1,1,Potato___Late_blight:::203.0,4,True
Potato___Late_blight:::204.0,"[""Potato___Late_blight:::204.0""]",1,1,Potato___Late_blight:::204.0,4,True
Potato___Late_blight:::205.0,"[""Potato___Late_blight:::205.0""]",1,1,Potato___Late_blight:::205.0,4,True
Potato___Late_blight:::206.0,"[""Potato___Late_blight:::206.0""]",1,1,Potato___Late_blight:::206.0,4,True
Potato___Late_blight:::207.0,"[""Potato___Late_blight:::207.0""]",1,1,Potato___Late_blight:::207.0,4,True
Potato___Late_blight:::208.0,"[""Potato___Late_blight:::208.0""]",1,1,Potato___Late_blight:::208.0,4,True
Potato___Late_blight:::209.0,"[""Potato___Late_blight:::209.0""]",1,1,Potato___Late_blight:::209.0,4,True
Potato___Late_blight:::21.0,"[""Potato___Late_blight:::21.0""]",1,1,Potato___Late_blight:::21.0,4,True
Potato___Late_blight:::210.0,"[""Potato___Late_blight:::210.0""]",1,1,Potato___Late_blight:::210.0,4,True
Potato___Late_blight:::211.0,"[""Potato___Late_blight:::211.0""]",1,1,Potato___Late_blight:::211.0,4,True
Potato___Late_blight:::212.0,"[""Potato___Late_blight:::212.0""]",1,1,Potato___Late_blight:::212.0,4,True
Potato___Late_blight:::213.0,"[""Potato___Late_blight:::213.0""]",1,1,Potato___Late_blight:::213.0,4,True
Potato___Late_blight:::214.0,"[""Potato___Late_blight:::214.0""]",1,1,Potato___Late_blight:::214.0,4,True
Potato___Late_blight:::215.0,"[""Potato___Late_blight:::215.0""]",1,1,Potato___Late_blight:::215.0,4,True
Potato___Late_blight:::216.0,"[""Potato___Late_blight:::216.0""]",1,1,Potato___Late_blight:::216.0,4,True
Potato___Late_blight:::217.0,"[""Potato___Late_blight:::217.0""]",1,1,Potato___Late_blight:::217.0,4,True
Potato___Late_blight:::218.0,"[""Potato___Late_blight:::218.0""]",1,1,Potato___Late_blight:::218.0,4,True
Potato___Late_blight:::219.0,"[""Potato___Late_blight:::219.0""]",1,1,Potato___Late_blight:::219.0,4,True
Potato___Late_blight:::22.0,"[""Potato___Late_blight:::22.0""]",1,1,Potato___Late_blight:::22.0,4,True
Potato___Late_blight:::220.0,"[""Potato___Late_blight:::220.0""]",1,1,Potato___Late_blight:::220.0,4,True
Potato___Late_blight:::221.0,"[""Potato___Late_blight:::221.0""]",1,1,Potato___Late_blight:::221.0,4,True
Potato___Late_blight:::222.0,"[""Potato___Late_blight:::222.0""]",1,1,Potato___Late_blight:::222.0,4,True
Potato___Late_blight:::223.0,"[""Potato___Late_blight:::223.0""]",1,1,Potato___Late_blight:::223.0,4,True
Potato___Late_blight:::224.0,"[""Potato___Late_blight:::224.0""]",1,1,Potato___Late_blight:::224.0,4,True
Potato___Late_blight:::225.0,"[""Potato___Late_blight:::225.0""]",1,1,Potato___Late_blight:::225.0,4,True
Potato___Late_blight:::226.0,"[""Potato___Late_blight:::226.0""]",1,1,Potato___Late_blight:::226.0,4,True
Potato___Late_blight:::227.0,"[""Potato___Late_blight:::227.0""]",1,1,Potato___Late_blight:::227.0,4,True
Potato___Late_blight:::228.0,"[""Potato___Late_blight:::228.0""]",1,1,Potato___Late_blight:::228.0,4,True
Potato___Late_blight:::229.0,"[""Potato___Late_blight:::229.0""]",1,1,Potato___Late_blight:::229.0,4,True
Potato___Late_blight:::23.0,"[""Potato___Late_blight:::23.0""]",1,1,Potato___Late_blight:::23.0,4,True
Potato___Late_blight:::230.0,"[""Potato___Late_blight:::230.0""]",1,1,Potato___Late_blight:::230.0,4,True
Potato___Late_blight:::231.0,"[""Potato___Late_blight:::231.0""]",1,1,Potato___Late_blight:::231.0,4,True
Potato___Late_blight:::232.0,"[""Potato___Late_blight:::232.0""]",1,1,Potato___Late_blight:::232.0,4,True
Potato___Late_blight:::233.0,"[""Potato___Late_blight:::233.0""]",1,1,Potato___Late_blight:::233.0,4,True
Potato___Late_blight:::234.0,"[""Potato___Late_blight:::234.0""]",1,1,Potato___Late_blight:::234.0,4,True
Potato___Late_blight:::235.0,"[""Potato___Late_blight:::235.0""]",1,1,Potato___Late_blight:::235.0,4,True
Potato___Late_blight:::236.0,"[""Potato___Late_blight:::236.0""]",1,1,Potato___Late_blight:::236.0,4,True
Potato___Late_blight:::237.0,"[""Potato___Late_blight:::237.0""]",1,1,Potato___Late_blight:::237.0,4,True
Potato___Late_blight:::238.0,"[""Potato___Late_blight:::238.0""]",1,1,Potato___Late_blight:::238.0,4,True
Potato___Late_blight:::239.0,"[""Potato___Late_blight:::239.0""]",1,1,Potato___Late_blight:::239.0,4,True
Potato___Late_blight:::24.0,"[""Potato___Late_blight:::24.0""]",1,1,Potato___Late_blight:::24.0,4,True
Potato___Late_blight:::240.0,"[""Potato___Late_blight:::240.0""]",1,1,Potato___Late_blight:::240.0,4,True
Potato___Late_blight:::241.0,"[""Potato___Late_blight:::241.0""]",1,1,Potato___Late_blight:::241.0,4,True
Potato___Late_blight:::242.0,"[""Potato___Late_blight:::242.0""]",1,1,Potato___Late_blight:::242.0,4,True
Potato___Late_blight:::243.0,"[""Potato___Late_blight:::243.0""]",1,1,Potato___Late_blight:::243.0,4,True
Potato___Late_blight:::244.0,"[""Potato___Late_blight:::244.0""]",1,1,Potato___Late_blight:::244.0,4,True
Potato___Late_blight:::245.0,"[""Potato___Late_blight:::245.0""]",1,1,Potato___Late_blight:::245.0,4,True
Potato___Late_blight:::246.0,"[""Potato___Late_blight:::246.0""]",1,1,Potato___Late_blight:::246.0,4,True
Potato___Late_blight:::247.0,"[""Potato___Late_blight:::247.0""]",1,1,Potato___Late_blight:::247.0,4,True
Potato___Late_blight:::248.0,"[""Potato___Late_blight:::248.0""]",1,1,Potato___Late_blight:::248.0,4,True
Potato___Late_blight:::249.0,"[""Potato___Late_blight:::249.0""]",1,1,Potato___Late_blight:::249.0,4,True
Potato___Late_blight:::25.0,"[""Potato___Late_blight:::25.0""]",1,1,Potato___Late_blight:::25.0,4,True
Potato___Late_blight:::250.0,"[""Potato___Late_blight:::250.0""]",1,1,Potato___Late_blight:::250.0,4,True
Potato___Late_blight:::26.0,"[""Potato___Late_blight:::26.0""]",1,1,Potato___Late_blight:::26.0,4,True
Potato___Late_blight:::27.0,"[""Potato___Late_blight:::27.0""]",1,1,Potato___Late_blight:::27.0,4,True
Potato___Late_blight:::28.0,"[""Potato___Late_blight:::28.0""]",1,1,Potato___Late_blight:::28.0,4,True
Potato___Late_blight:::29.0,"[""Potato___Late_blight:::29.0""]",1,1,Potato___Late_blight:::29.0,4,True
Potato___Late_blight:::3.0,"[""Potato___Late_blight:::3.0""]",1,1,Potato___Late_blight:::3.0,4,True
Potato___Late_blight:::30.0,"[""Potato___Late_blight:::30.0""]",1,1,Potato___Late_blight:::30.0,4,True
Potato___Late_blight:::31.0,"[""Potato___Late_blight:::31.0""]",1,1,Potato___Late_blight:::31.0,4,True
Potato___Late_blight:::32.0,"[""Potato___Late_blight:::32.0""]",1,1,Potato___Late_blight:::32.0,4,True
Potato___Late_blight:::33.0,"[""Potato___Late_blight:::33.0""]",1,1,Potato___Late_blight:::33.0,4,True
Potato___Late_blight:::34.0,"[""Potato___Late_blight:::34.0""]",1,1,Potato___Late_blight:::34.0,4,True
Potato___Late_blight:::35.0,"[""Potato___Late_blight:::35.0""]",1,1,Potato___Late_blight:::35.0,4,True
Potato___Late_blight:::36.0,"[""Potato___Late_blight:::36.0""]",1,1,Potato___Late_blight:::36.0,4,True
Potato___Late_blight:::37.0,"[""Potato___Late_blight:::37.0""]",1,1,Potato___Late_blight:::37.0,4,True
Potato___Late_blight:::38.0,"[""Potato___Late_blight:::38.0""]",1,1,Potato___Late_blight:::38.0,4,True
Potato___Late_blight:::39.0,"[""Potato___Late_blight:::39.0""]",1,1,Potato___Late_blight:::39.0,4,True
Potato___Late_blight:::4.0,"[""Potato___Late_blight:::4.0""]",1,1,Potato___Late_blight:::4.0,4,True
Potato___Late_blight:::40.0,"[""Potato___Late_blight:::40.0""]",1,1,Potato___Late_blight:::40.0,4,True
Potato___Late_blight:::41.0,"[""Potato___Late_blight:::41.0""]",1,1,Potato___Late_blight:::41.0,4,True
Potato___Late_blight:::42.0,"[""Potato___Late_blight:::42.0""]",1,1,Potato___Late_blight:::42.0,4,True
Potato___Late_blight:::43.0,"[""Potato___Late_blight:::43.0""]",1,1,Potato___Late_blight:::43.0,4,True
Potato___Late_blight:::44.0,"[""Potato___Late_blight:::44.0""]",1,1,Potato___Late_blight:::44.0,4,True
Potato___Late_blight:::45.0,"[""Potato___Late_blight:::45.0""]",1,1,Potato___Late_blight:::45.0,4,True
Potato___Late_blight:::46.0,"[""Potato___Late_blight:::46.0""]",1,1,Potato___Late_blight:::46.0,4,True
Potato___Late_blight:::47.0,"[""Potato___Late_blight:::47.0""]",1,1,Potato___Late_blight:::47.0,4,True
Potato___Late_blight:::48.0,"[""Potato___Late_blight:::48.0""]",1,1,Potato___Late_blight:::48.0,4,True
Potato___Late_blight:::49.0,"[""Potato___Late_blight:::49.0""]",1,1,Potato___Late_blight:::49.0,4,True
Potato___Late_blight:::5.0,"[""Potato___Late_blight:::5.0""]",1,1,Potato___Late_blight:::5.0,4,True
Potato___Late_blight:::50.0,"[""Potato___Late_blight:::50.0""]",1,1,Potato___Late_blight:::50.0,4,True
Potato___Late_blight:::51.0,"[""Potato___Late_blight:::51.0""]",1,1,Potato___Late_blight:::51.0,4,True
Potato___Late_blight:::52.0,"[""Potato___Late_blight:::52.0""]",1,1,Potato___Late_blight:::52.0,4,True
Potato___Late_blight:::53.0,"[""Potato___Late_blight:::53.0""]",1,1,Potato___Late_blight:::53.0,4,True
Potato___Late_blight:::54.0,"[""Potato___Late_blight:::54.0""]",1,1,Potato___Late_blight:::54.0,4,True
Potato___Late_blight:::55.0,"[""Potato___Late_blight:::55.0""]",1,1,Potato___Late_blight:::55.0,4,True
Potato___Late_blight:::56.0,"[""Potato___Late_blight:::56.0""]",1,1,Potato___Late_blight:::56.0,4,True
Potato___Late_blight:::57.0,"[""Potato___Late_blight:::57.0""]",1,1,Potato___Late_blight:::57.0,4,True
Potato___Late_blight:::58.0,"[""Potato___Late_blight:::58.0""]",1,1,Potato___Late_blight:::58.0,4,True
Potato___Late_blight:::59.0,"[""Potato___Late_blight:::59.0""]",1,1,Potato___Late_blight:::59.0,4,True
Potato___Late_blight:::6.0,"[""Potato___Late_blight:::6.0""]",1,1,Potato___Late_blight:::6.0,4,True
Potato___Late_blight:::60.0,"[""Potato___Late_blight:::60.0""]",1,1,Potato___Late_blight:::60.0,4,True
Potato___Late_blight:::61.0,"[""Potato___Late_blight:::61.0""]",1,1,Potato___Late_blight:::61.0,4,True
Potato___Late_blight:::62.0,"[""Potato___Late_blight:::62.0""]",1,1,Potato___Late_blight:::62.0,4,True
Potato___Late_blight:::63.0,"[""Potato___Late_blight:::63.0""]",1,1,Potato___Late_blight:::63.0,4,True
Potato___Late_blight:::64.0,"[""Potato___Late_blight:::64.0""]",1,1,Potato___Late_blight:::64.0,4,True
Potato___Late_blight:::65.0,"[""Potato___Late_blight:::65.0""]",1,1,Potato___Late_blight:::65.0,4,True
Potato___Late_blight:::66.0,"[""Potato___Late_blight:::66.0""]",1,1,Potato___Late_blight:::66.0,4,True
Potato___Late_blight:::67.0,"[""Potato___Late_blight:::67.0""]",1,1,Potato___Late_blight:::67.0,4,True
Potato___Late_blight:::68.0,"[""Potato___Late_blight:::68.0""]",1,1,Potato___Late_blight:::68.0,4,True
Potato___Late_blight:::69.0,"[""Potato___Late_blight:::69.0""]",1,1,Potato___Late_blight:::69.0,4,True
Potato___Late_blight:::7.0,"[""Potato___Late_blight:::7.0""]",1,1,Potato___Late_blight:::7.0,4,True
Potato___Late_blight:::70.0,"[""Potato___Late_blight:::70.0""]",1,1,Potato___Late_blight:::70.0,4,True
Potato___Late_blight:::71.0,"[""Potato___Late_blight:::71.0""]",1,1,Potato___Late_blight:::71.0,4,True
Potato___Late_blight:::72.0,"[""Potato___Late_blight:::72.0""]",1,1,Potato___Late_blight:::72.0,4,True
Potato___Late_blight:::73.0,"[""Potato___Late_blight:::73.0""]",1,1,Potato___Late_blight:::73.0,4,True
Potato___Late_blight:::74.0,"[""Potato___Late_blight:::74.0""]",1,1,Potato___Late_blight:::74.0,4,True
Potato___Late_blight:::75.0,"[""Potato___Late_blight:::75.0""]",1,1,Potato___Late_blight:::75.0,4,True
Potato___Late_blight:::76.0,"[""Potato___Late_blight:::76.0""]",1,1,Potato___Late_blight:::76.0,4,True
Potato___Late_blight:::77.0,"[""Potato___Late_blight:::77.0""]",1,1,Potato___Late_blight:::77.0,4,True
Potato___Late_blight:::78.0,"[""Potato___Late_blight:::78.0""]",1,1,Potato___Late_blight:::78.0,4,True
Potato___Late_blight:::79.0,"[""Potato___Late_blight:::79.0""]",1,1,Potato___Late_blight:::79.0,4,True
Potato___Late_blight:::8.0,"[""Potato___Late_blight:::8.0""]",1,1,Potato___Late_blight:::8.0,4,True
Potato___Late_blight:::80.0,"[""Potato___Late_blight:::80.0""]",1,1,Potato___Late_blight:::80.0,4,True
Potato___Late_blight:::81.0,"[""Potato___Late_blight:::81.0""]",1,1,Potato___Late_blight:::81.0,4,True
Potato___Late_blight:::82.0,"[""Potato___Late_blight:::82.0""]",1,1,Potato___Late_blight:::82.0,4,True
Potato___Late_blight:::83.0,"[""Potato___Late_blight:::83.0""]",1,1,Potato___Late_blight:::83.0,4,True
Potato___Late_blight:::84.0,"[""Potato___Late_blight:::84.0""]",1,1,Potato___Late_blight:::84.0,4,True
Potato___Late_blight:::85.0,"[""Potato___Late_blight:::85.0""]",1,1,Potato___Late_blight:::85.0,4,True
Potato___Late_blight:::86.0,"[""Potato___Late_blight:::86.0""]",1,1,Potato___Late_blight:::86.0,4,True
Potato___Late_blight:::87.0,"[""Potato___Late_blight:::87.0""]",1,1,Potato___Late_blight:::87.0,4,True
Potato___Late_blight:::88.0,"[""Potato___Late_blight:::88.0""]",1,1,Potato___Late_blight:::88.0,4,True
Potato___Late_blight:::89.0,"[""Potato___Late_blight:::89.0""]",1,1,Potato___Late_blight:::89.0,4,True
Potato___Late_blight:::9.0,"[""Potato___Late_blight:::9.0""]",1,1,Potato___Late_blight:::9.0,4,True
Potato___Late_blight:::90.0,"[""Potato___Late_blight:::90.0""]",1,1,Potato___Late_blight:::90.0,4,True
Potato___Late_blight:::91.0,"[""Potato___Late_blight:::91.0""]",1,1,Potato___Late_blight:::91.0,4,True
Potato___Late_blight:::92.0,"[""Potato___Late_blight:::92.0""]",1,1,Potato___Late_blight:::92.0,4,True
Potato___Late_blight:::93.0,"[""Potato___Late_blight:::93.0""]",1,1,Potato___Late_blight:::93.0,4,True
Potato___Late_blight:::94.0,"[""Potato___Late_blight:::94.0""]",1,1,Potato___Late_blight:::94.0,4,True
Potato___Late_blight:::95.0,"[""Potato___Late_blight:::95.0""]",1,1,Potato___Late_blight:::95.0,4,True
Potato___Late_blight:::96.0,"[""Potato___Late_blight:::96.0""]",1,1,Potato___Late_blight:::96.0,4,True
Potato___Late_blight:::97.0,"[""Potato___Late_blight:::97.0""]",1,1,Potato___Late_blight:::97.0,4,True
Potato___Late_blight:::98.0,"[""Potato___Late_blight:::98.0""]",1,1,Potato___Late_blight:::98.0,4,True
Potato___Late_blight:::99.0,"[""Potato___Late_blight:::99.0""]",1,1,Potato___Late_blight:::99.0,4,True
Potato___healthy:::1.0,"[""Potato___healthy:::1.0""]",1,1,Potato___healthy:::1.0,4,True
Potato___healthy:::10.0,"[""Potato___healthy:::10.0""]",1,1,Potato___healthy:::10.0,4,True
Potato___healthy:::11.0,"[""Potato___healthy:::11.0""]",1,1,Potato___healthy:::11.0,4,True
Potato___healthy:::12.0,"[""Potato___healthy:::12.0""]",1,1,Potato___healthy:::12.0,4,True
Potato___healthy:::13.0,"[""Potato___healthy:::13.0""]",1,1,Potato___healthy:::13.0,4,True
Potato___healthy:::14.0,"[""Potato___healthy:::14.0""]",1,1,Potato___healthy:::14.0,4,True
Potato___healthy:::15.0,"[""Potato___healthy:::15.0""]",1,1,Potato___healthy:::15.0,4,True
Potato___healthy:::16.0,"[""Potato___healthy:::16.0""]",1,1,Potato___healthy:::16.0,4,True
Potato___healthy:::17.0,"[""Potato___healthy:::17.0""]",1,1,Potato___healthy:::17.0,4,True
Potato___healthy:::18.0,"[""Potato___healthy:::18.0""]",1,1,Potato___healthy:::18.0,4,True
Potato___healthy:::19.0,"[""Potato___healthy:::19.0""]",1,1,Potato___healthy:::19.0,4,True
Potato___healthy:::2.0,"[""Potato___healthy:::2.0""]",1,1,Potato___healthy:::2.0,4,True
Potato___healthy:::20.0,"[""Potato___healthy:::20.0""]",1,1,Potato___healthy:::20.0,4,True
Potato___healthy:::21.0,"[""Potato___healthy:::21.0""]",1,1,Potato___healthy:::21.0,4,True
Potato___healthy:::22.0,"[""Potato___healthy:::22.0""]",1,1,Potato___healthy:::22.0,4,True
Potato___healthy:::23.0,"[""Potato___healthy:::23.0""]",1,1,Potato___healthy:::23.0,4,True
Potato___healthy:::24.0,"[""Potato___healthy:::24.0""]",1,1,Potato___healthy:::24.0,4,True
Potato___healthy:::25.0,"[""Potato___healthy:::25.0""]",1,1,Potato___healthy:::25.0,4,True
Potato___healthy:::26.0,"[""Potato___healthy:::26.0""]",1,1,Potato___healthy:::26.0,4,True
Potato___healthy:::27.0,"[""Potato___healthy:::27.0""]",1,1,Potato___healthy:::27.0,4,True
Potato___healthy:::28.0,"[""Potato___healthy:::28.0""]",1,1,Potato___healthy:::28.0,4,True
Potato___healthy:::29.0,"[""Potato___healthy:::29.0""]",1,1,Potato___healthy:::29.0,4,True
Potato___healthy:::3.0,"[""Potato___healthy:::3.0""]",1,1,Potato___healthy:::3.0,4,True
Potato___healthy:::30.0,"[""Potato___healthy:::30.0""]",1,1,Potato___healthy:::30.0,4,True
Potato___healthy:::31.0,"[""Potato___healthy:::31.0""]",1,1,Potato___healthy:::31.0,4,True
Potato___healthy:::32.0,"[""Potato___healthy:::32.0""]",1,1,Potato___healthy:::32.0,4,True
Potato___healthy:::33.0,"[""Potato___healthy:::33.0""]",1,1,Potato___healthy:::33.0,4,True
Potato___healthy:::34.0,"[""Potato___healthy:::34.0""]",1,1,Potato___healthy:::34.0,4,True
Potato___healthy:::35.0,"[""Potato___healthy:::35.0""]",1,1,Potato___healthy:::35.0,4,True
Potato___healthy:::36.0,"[""Potato___healthy:::36.0""]",1,1,Potato___healthy:::36.0,4,True
Potato___healthy:::37.0,"[""Potato___healthy:::37.0""]",1,1,Potato___healthy:::37.0,4,True
Potato___healthy:::38.0,"[""Potato___healthy:::38.0""]",1,1,Potato___healthy:::38.0,4,True
Potato___healthy:::4.0,"[""Potato___healthy:::4.0""]",1,1,Potato___healthy:::4.0,4,True
Potato___healthy:::5.0,"[""Potato___healthy:::5.0""]",1,1,Potato___healthy:::5.0,4,True
Potato___healthy:::6.0,"[""Potato___healthy:::6.0""]",1,1,Potato___healthy:::6.0,4,True
Potato___healthy:::7.0,"[""Potato___healthy:::7.0""]",1,1,Potato___healthy:::7.0,4,True
Potato___healthy:::8.0,"[""Potato___healthy:::8.0""]",1,1,Potato___healthy:::8.0,4,True
Potato___healthy:::9.0,"[""Potato___healthy:::9.0""]",1,1,Potato___healthy:::9.0,4,True
