repetition,seed,split_scheme,metric,value,train_files,test_files,train_source_groups,test_source_groups,source_group_overlap,test_source_contamination_fraction,train_days,test_days,day_overlap,test_day_contamination_fraction
0,20260930,naive_file_random,balanced_accuracy,0.9353681905283329,1642,411,1371,389,117,0.30656934306569344,100,84,81,0.9878345498783455
0,20260930,naive_file_random,macro_f1,0.9094244231267825,1642,411,1371,389,117,0.30656934306569344,100,84,81,0.9878345498783455
0,20260930,naive_file_random,auroc,0.9855735012318643,1642,411,1371,389,117,0.30656934306569344,100,84,81,0.9878345498783455
0,20260930,naive_file_random,brier,0.06295522090145356,1642,411,1371,389,117,0.30656934306569344,100,84,81,0.9878345498783455
0,20260930,naive_file_random,source_group_balanced_accuracy,0.936305932629462,1642,411,1371,389,117,0.30656934306569344,100,84,81,0.9878345498783455
0,20260930,naive_file_random,source_group_macro_f1,0.9079235457719392,1642,411,1371,389,117,0.30656934306569344,100,84,81,0.9878345498783455
0,20260930,naive_file_random,source_group_auroc,0.9854198089492207,1642,411,1371,389,117,0.30656934306569344,100,84,81,0.9878345498783455
0,20260930,naive_file_random,source_group_brier,0.06278524997392027,1642,411,1371,389,117,0.30656934306569344,100,84,81,0.9878345498783455
0,20260930,raw_photo_grouped,balanced_accuracy,0.9467813620071684,1649,404,1315,328,0,0.0,101,82,80,0.995049504950495
0,20260930,raw_photo_grouped,macro_f1,0.9276882830786176,1649,404,1315,328,0,0.0,101,82,80,0.995049504950495
0,20260930,raw_photo_grouped,auroc,0.9934336917562725,1649,404,1315,328,0,0.0,101,82,80,0.995049504950495
0,20260930,raw_photo_grouped,brier,0.04525495429667955,1649,404,1315,328,0,0.0,101,82,80,0.995049504950495
0,20260930,raw_photo_grouped,source_group_balanced_accuracy,0.9553083528493365,1649,404,1315,328,0,0.0,101,82,80,0.995049504950495
0,20260930,raw_photo_grouped,source_group_macro_f1,0.9315621087772987,1649,404,1315,328,0,0.0,101,82,80,0.995049504950495
0,20260930,raw_photo_grouped,source_group_auroc,0.9939988290398127,1649,404,1315,328,0,0.0,101,82,80,0.995049504950495
0,20260930,raw_photo_grouped,source_group_brier,0.04328389371077566,1649,404,1315,328,0,0.0,101,82,80,0.995049504950495
0,20260930,acquisition_day_grouped,balanced_accuracy,0.9303629218677762,1604,449,1279,364,0,0.0,77,26,0,0.0
0,20260930,acquisition_day_grouped,macro_f1,0.9084365372002403,1604,449,1279,364,0,0.0,77,26,0,0.0
0,20260930,acquisition_day_grouped,auroc,0.9855524734165512,1604,449,1279,364,0,0.0,77,26,0,0.0
0,20260930,acquisition_day_grouped,brier,0.06506185094207166,1604,449,1279,364,0,0.0,77,26,0,0.0
0,20260930,acquisition_day_grouped,source_group_balanced_accuracy,0.930326287355829,1604,449,1279,364,0,0.0,77,26,0,0.0
0,20260930,acquisition_day_grouped,source_group_macro_f1,0.8868159203980099,1604,449,1279,364,0,0.0,77,26,0,0.0
0,20260930,acquisition_day_grouped,source_group_auroc,0.983149680572825,1604,449,1279,364,0,0.0,77,26,0,0.0
0,20260930,acquisition_day_grouped,source_group_brier,0.06881933532914776,1604,449,1279,364,0,0.0,77,26,0,0.0
1,20260931,naive_file_random,balanced_accuracy,0.9327265261428963,1642,411,1368,391,116,0.30900243309002434,100,91,88,0.9854014598540146
1,20260931,naive_file_random,macro_f1,0.9136327817178881,1642,411,1368,391,116,0.30900243309002434,100,91,88,0.9854014598540146
1,20260931,naive_file_random,auroc,0.9785655625513277,1642,411,1368,391,116,0.30900243309002434,100,91,88,0.9854014598540146
1,20260931,naive_file_random,brier,0.0634686329279673,1642,411,1368,391,116,0.30900243309002434,100,91,88,0.9854014598540146
1,20260931,naive_file_random,source_group_balanced_accuracy,0.9391103624680267,1642,411,1368,391,116,0.30900243309002434,100,91,88,0.9854014598540146
1,20260931,naive_file_random,source_group_macro_f1,0.918366738248628,1642,411,1368,391,116,0.30900243309002434,100,91,88,0.9854014598540146
1,20260931,naive_file_random,source_group_auroc,0.9781333832428722,1642,411,1368,391,116,0.30900243309002434,100,91,88,0.9854014598540146
1,20260931,naive_file_random,source_group_brier,0.06200115243819505,1642,411,1368,391,116,0.30900243309002434,100,91,88,0.9854014598540146
1,20260931,raw_photo_grouped,balanced_accuracy,0.9321160255323957,1646,407,1315,328,0,0.0,103,79,79,1.0
1,20260931,raw_photo_grouped,macro_f1,0.9119762097864288,1646,407,1315,328,0,0.0,103,79,79,1.0
1,20260931,raw_photo_grouped,auroc,0.984974298141558,1646,407,1315,328,0,0.0,103,79,79,1.0
1,20260931,raw_photo_grouped,brier,0.06250499003105396,1646,407,1315,328,0,0.0,103,79,79,1.0
1,20260931,raw_photo_grouped,source_group_balanced_accuracy,0.9448672911787666,1646,407,1315,328,0,0.0,103,79,79,1.0
1,20260931,raw_photo_grouped,source_group_macro_f1,0.9076732533918821,1646,407,1315,328,0,0.0,103,79,79,1.0
1,20260931,raw_photo_grouped,source_group_auroc,0.987607338017174,1646,407,1315,328,0,0.0,103,79,79,1.0
1,20260931,raw_photo_grouped,source_group_brier,0.06318961403767875,1646,407,1315,328,0,0.0,103,79,79,1.0
1,20260931,acquisition_day_grouped,balanced_accuracy,0.9306356130238355,1644,409,1324,319,0,0.0,79,24,0,0.0
1,20260931,acquisition_day_grouped,macro_f1,0.9129307753957123,1644,409,1324,319,0,0.0,79,24,0,0.0
1,20260931,acquisition_day_grouped,auroc,0.9862906994859012,1644,409,1324,319,0,0.0,79,24,0,0.0
1,20260931,acquisition_day_grouped,brier,0.06450496744814323,1644,409,1324,319,0,0.0,79,24,0,0.0
1,20260931,acquisition_day_grouped,source_group_balanced_accuracy,0.9418103448275862,1644,409,1324,319,0,0.0,79,24,0,0.0
1,20260931,acquisition_day_grouped,source_group_macro_f1,0.9019433723829365,1644,409,1324,319,0,0.0,79,24,0,0.0
1,20260931,acquisition_day_grouped,source_group_auroc,0.9889516448672215,1644,409,1324,319,0,0.0,79,24,0,0.0
1,20260931,acquisition_day_grouped,source_group_brier,0.06830257655944344,1644,409,1324,319,0,0.0,79,24,0,0.0
2,20260932,naive_file_random,balanced_accuracy,0.940418833835204,1642,411,1362,383,102,0.27007299270072993,102,81,80,0.9975669099756691
2,20260932,naive_file_random,macro_f1,0.919302057699356,1642,411,1362,383,102,0.27007299270072993,102,81,80,0.9975669099756691
2,20260932,naive_file_random,auroc,0.9893512181768409,1642,411,1362,383,102,0.27007299270072993,102,81,80,0.9975669099756691
2,20260932,naive_file_random,brier,0.05149963537746375,1642,411,1362,383,102,0.27007299270072993,102,81,80,0.9975669099756691
2,20260932,naive_file_random,source_group_balanced_accuracy,0.9439464044727203,1642,411,1362,383,102,0.27007299270072993,102,81,80,0.9975669099756691
2,20260932,naive_file_random,source_group_macro_f1,0.9234282726377953,1642,411,1362,383,102,0.27007299270072993,102,81,80,0.9975669099756691
2,20260932,naive_file_random,source_group_auroc,0.9911959385643596,1642,411,1362,383,102,0.27007299270072993,102,81,80,0.9975669099756691
2,20260932,naive_file_random,source_group_brier,0.04790612929600801,1642,411,1362,383,102,0.27007299270072993,102,81,80,0.9975669099756691
2,20260932,raw_photo_grouped,balanced_accuracy,0.9406253404510295,1648,405,1315,328,0,0.0,100,80,77,0.9901234567901235
2,20260932,raw_photo_grouped,macro_f1,0.925249169435216,1648,405,1315,328,0,0.0,100,80,77,0.9901234567901235
2,20260932,raw_photo_grouped,auroc,0.9883429567491011,1648,405,1315,328,0,0.0,100,80,77,0.9901234567901235
2,20260932,raw_photo_grouped,brier,0.051251367285305036,1648,405,1315,328,0,0.0,100,80,77,0.9901234567901235
2,20260932,raw_photo_grouped,source_group_balanced_accuracy,0.9450624512099921,1648,405,1315,328,0,0.0,100,80,77,0.9901234567901235
2,20260932,raw_photo_grouped,source_group_macro_f1,0.913982417933252,1648,405,1315,328,0,0.0,100,80,77,0.9901234567901235
2,20260932,raw_photo_grouped,source_group_auroc,0.987607338017174,1648,405,1315,328,0,0.0,100,80,77,0.9901234567901235
2,20260932,raw_photo_grouped,source_group_brier,0.053017678808693715,1648,405,1315,328,0,0.0,100,80,77,0.9901234567901235
2,20260932,acquisition_day_grouped,balanced_accuracy,0.9345049376299377,1452,601,1156,487,0,0.0,78,25,0,0.0
2,20260932,acquisition_day_grouped,macro_f1,0.9124897377511347,1452,601,1156,487,0,0.0,78,25,0,0.0
2,20260932,acquisition_day_grouped,auroc,0.9798336798336799,1452,601,1156,487,0,0.0,78,25,0,0.0
2,20260932,acquisition_day_grouped,brier,0.06241250152212111,1452,601,1156,487,0,0.0,78,25,0,0.0
2,20260932,acquisition_day_grouped,source_group_balanced_accuracy,0.9274534022007634,1452,601,1156,487,0,0.0,78,25,0,0.0
2,20260932,acquisition_day_grouped,source_group_macro_f1,0.8915361865447069,1452,601,1156,487,0,0.0,78,25,0,0.0
2,20260932,acquisition_day_grouped,source_group_auroc,0.9750505277341118,1452,601,1156,487,0,0.0,78,25,0,0.0
2,20260932,acquisition_day_grouped,source_group_brier,0.06906291716197177,1452,601,1156,487,0,0.0,78,25,0,0.0
3,20260933,naive_file_random,balanced_accuracy,0.9528743498494388,1642,411,1365,391,113,0.29927007299270075,101,90,88,0.9902676399026764
3,20260933,naive_file_random,macro_f1,0.9373828370814428,1642,411,1365,391,113,0.29927007299270075,101,90,88,0.9902676399026764
3,20260933,naive_file_random,auroc,0.9881741034765946,1642,411,1365,391,113,0.29927007299270075,101,90,88,0.9902676399026764
3,20260933,naive_file_random,brier,0.04384882200084463,1642,411,1365,391,113,0.29927007299270075,101,90,88,0.9902676399026764
3,20260933,naive_file_random,source_group_balanced_accuracy,0.9506580989631837,1642,411,1365,391,113,0.29927007299270075,101,90,88,0.9902676399026764
3,20260933,naive_file_random,source_group_macro_f1,0.9328063241106719,1642,411,1365,391,113,0.29927007299270075,101,90,88,0.9902676399026764
3,20260933,naive_file_random,source_group_auroc,0.9870242751598683,1642,411,1365,391,113,0.29927007299270075,101,90,88,0.9902676399026764
3,20260933,naive_file_random,source_group_brier,0.04564262073005838,1642,411,1365,391,113,0.29927007299270075,101,90,88,0.9902676399026764
3,20260933,raw_photo_grouped,balanced_accuracy,0.9321264634586621,1634,419,1315,328,0,0.0,102,78,77,0.9928400954653938
3,20260933,raw_photo_grouped,macro_f1,0.9119921913610753,1634,419,1315,328,0,0.0,102,78,77,0.9928400954653938
3,20260933,raw_photo_grouped,auroc,0.9842436433029036,1634,419,1315,328,0,0.0,102,78,77,0.9928400954653938
3,20260933,raw_photo_grouped,brier,0.06169243681173931,1634,419,1315,328,0,0.0,102,78,77,0.9928400954653938
3,20260933,raw_photo_grouped,source_group_balanced_accuracy,0.9407689305230289,1634,419,1315,328,0,0.0,102,78,77,0.9928400954653938
3,20260933,raw_photo_grouped,source_group_macro_f1,0.9008941460848935,1634,419,1315,328,0,0.0,102,78,77,0.9928400954653938
3,20260933,raw_photo_grouped,source_group_auroc,0.9859484777517564,1634,419,1315,328,0,0.0,102,78,77,0.9928400954653938
3,20260933,raw_photo_grouped,source_group_brier,0.0625223532103303,1634,419,1315,328,0,0.0,102,78,77,0.9928400954653938
3,20260933,acquisition_day_grouped,balanced_accuracy,0.9275601447732595,1700,353,1352,291,0,0.0,81,22,0,0.0
3,20260933,acquisition_day_grouped,macro_f1,0.9121355431769219,1700,353,1352,291,0,0.0,81,22,0,0.0
3,20260933,acquisition_day_grouped,auroc,0.9782840110708964,1700,353,1352,291,0,0.0,81,22,0,0.0
3,20260933,acquisition_day_grouped,brier,0.06572341899926931,1700,353,1352,291,0,0.0,81,22,0,0.0
3,20260933,acquisition_day_grouped,source_group_balanced_accuracy,0.9230503795721187,1700,353,1352,291,0,0.0,81,22,0,0.0
3,20260933,acquisition_day_grouped,source_group_macro_f1,0.8972792440534376,1700,353,1352,291,0,0.0,81,22,0,0.0
3,20260933,acquisition_day_grouped,source_group_auroc,0.971704623878537,1700,353,1352,291,0,0.0,81,22,0,0.0
3,20260933,acquisition_day_grouped,source_group_brier,0.07153303774409893,1700,353,1352,291,0,0.0,81,22,0,0.0
4,20260934,naive_file_random,balanced_accuracy,0.9226252395291541,1642,411,1371,397,125,0.3260340632603406,102,83,82,0.9975669099756691
4,20260934,naive_file_random,macro_f1,0.8940940012368583,1642,411,1371,397,125,0.3260340632603406,102,83,82,0.9975669099756691
4,20260934,naive_file_random,auroc,0.9864494935669312,1642,411,1371,397,125,0.3260340632603406,102,83,82,0.9975669099756691
4,20260934,naive_file_random,brier,0.0678635875825553,1642,411,1371,397,125,0.3260340632603406,102,83,82,0.9975669099756691
4,20260934,naive_file_random,source_group_balanced_accuracy,0.9216745738885961,1642,411,1371,397,125,0.3260340632603406,102,83,82,0.9975669099756691
4,20260934,naive_file_random,source_group_macro_f1,0.8932685347947472,1642,411,1371,397,125,0.3260340632603406,102,83,82,0.9975669099756691
4,20260934,naive_file_random,source_group_auroc,0.9856205704914193,1642,411,1371,397,125,0.3260340632603406,102,83,82,0.9975669099756691
4,20260934,naive_file_random,source_group_brier,0.06907696738615476,1642,411,1371,397,125,0.3260340632603406,102,83,82,0.9975669099756691
4,20260934,raw_photo_grouped,balanced_accuracy,0.9297289377289377,1655,398,1315,328,0,0.0,101,82,80,0.9949748743718593
4,20260934,raw_photo_grouped,macro_f1,0.9011507575130392,1655,398,1315,328,0,0.0,101,82,80,0.9949748743718593
4,20260934,raw_photo_grouped,auroc,0.9904175824175824,1655,398,1315,328,0,0.0,101,82,80,0.9949748743718593
4,20260934,raw_photo_grouped,brier,0.06160091681974292,1655,398,1315,328,0,0.0,101,82,80,0.9949748743718593
4,20260934,raw_photo_grouped,source_group_balanced_accuracy,0.9426229508196722,1655,398,1315,328,0,0.0,101,82,80,0.9949748743718593
4,20260934,raw_photo_grouped,source_group_macro_f1,0.8981366459627329,1655,398,1315,328,0,0.0,101,82,80,0.9949748743718593
4,20260934,raw_photo_grouped,source_group_auroc,0.9942427790788447,1655,398,1315,328,0,0.0,101,82,80,0.9949748743718593
4,20260934,raw_photo_grouped,source_group_brier,0.059368069837634124,1655,398,1315,328,0,0.0,101,82,80,0.9949748743718593
4,20260934,acquisition_day_grouped,balanced_accuracy,0.89465432770822,1611,442,1283,360,0,0.0,79,24,0,0.0
4,20260934,acquisition_day_grouped,macro_f1,0.8710833333333333,1611,442,1283,360,0,0.0,79,24,0,0.0
4,20260934,acquisition_day_grouped,auroc,0.9761132280892759,1611,442,1283,360,0,0.0,79,24,0,0.0
4,20260934,acquisition_day_grouped,brier,0.08884194379007898,1611,442,1283,360,0,0.0,79,24,0,0.0
4,20260934,acquisition_day_grouped,source_group_balanced_accuracy,0.8888888888888888,1611,442,1283,360,0,0.0,79,24,0,0.0
4,20260934,acquisition_day_grouped,source_group_macro_f1,0.8439947998266608,1611,442,1283,360,0,0.0,79,24,0,0.0
4,20260934,acquisition_day_grouped,source_group_auroc,0.968180482069371,1611,442,1283,360,0,0.0,79,24,0,0.0
4,20260934,acquisition_day_grouped,source_group_brier,0.10246108804612498,1611,442,1283,360,0,0.0,79,24,0,0.0
5,20260935,naive_file_random,balanced_accuracy,0.9475362715576239,1642,411,1357,391,105,0.2798053527980535,100,89,86,0.9902676399026764
5,20260935,naive_file_random,macro_f1,0.92958618871903,1642,411,1357,391,105,0.2798053527980535,100,89,86,0.9902676399026764
5,20260935,naive_file_random,auroc,0.9896249657815495,1642,411,1357,391,105,0.2798053527980535,100,89,86,0.9902676399026764
5,20260935,naive_file_random,brier,0.050105382950766865,1642,411,1357,391,105,0.2798053527980535,100,89,86,0.9902676399026764
5,20260935,naive_file_random,source_group_balanced_accuracy,0.9452507836990596,1642,411,1357,391,105,0.2798053527980535,100,89,86,0.9902676399026764
5,20260935,naive_file_random,source_group_macro_f1,0.923884396525906,1642,411,1357,391,105,0.2798053527980535,100,89,86,0.9902676399026764
5,20260935,naive_file_random,source_group_auroc,0.98858934169279,1642,411,1357,391,105,0.2798053527980535,100,89,86,0.9902676399026764
5,20260935,naive_file_random,source_group_brier,0.05231989318455353,1642,411,1357,391,105,0.2798053527980535,100,89,86,0.9902676399026764
5,20260935,raw_photo_grouped,balanced_accuracy,0.9206095950704225,1641,412,1315,328,0,0.0,100,79,76,0.9927184466019418
5,20260935,raw_photo_grouped,macro_f1,0.895400839761742,1641,412,1315,328,0,0.0,100,79,76,0.9927184466019418
5,20260935,raw_photo_grouped,auroc,0.9866857394366197,1641,412,1315,328,0,0.0,100,79,76,0.9927184466019418
5,20260935,raw_photo_grouped,brier,0.060629256385936796,1641,412,1315,328,0,0.0,100,79,76,0.9927184466019418
5,20260935,raw_photo_grouped,source_group_balanced_accuracy,0.9227166276346604,1641,412,1315,328,0,0.0,100,79,76,0.9927184466019418
5,20260935,raw_photo_grouped,source_group_macro_f1,0.8828937385638417,1641,412,1315,328,0,0.0,100,79,76,0.9927184466019418
5,20260935,raw_photo_grouped,source_group_auroc,0.9861924277907884,1641,412,1315,328,0,0.0,100,79,76,0.9927184466019418
5,20260935,raw_photo_grouped,source_group_brier,0.06228865303185173,1641,412,1315,328,0,0.0,100,79,76,0.9927184466019418
5,20260935,acquisition_day_grouped,balanced_accuracy,0.9065535740176889,1647,406,1296,347,0,0.0,83,20,0,0.0
5,20260935,acquisition_day_grouped,macro_f1,0.8942373358679199,1647,406,1296,347,0,0.0,83,20,0,0.0
5,20260935,acquisition_day_grouped,auroc,0.9729737567058141,1647,406,1296,347,0,0.0,83,20,0,0.0
5,20260935,acquisition_day_grouped,brier,0.06385428291488106,1647,406,1296,347,0,0.0,83,20,0,0.0
5,20260935,acquisition_day_grouped,source_group_balanced_accuracy,0.9216095795043163,1647,406,1296,347,0,0.0,83,20,0,0.0
5,20260935,acquisition_day_grouped,source_group_macro_f1,0.8942165316610051,1647,406,1296,347,0,0.0,83,20,0,0.0
5,20260935,acquisition_day_grouped,source_group_auroc,0.9725239023484638,1647,406,1296,347,0,0.0,83,20,0,0.0
5,20260935,acquisition_day_grouped,source_group_brier,0.061880838690416363,1647,406,1296,347,0,0.0,83,20,0,0.0
6,20260936,naive_file_random,balanced_accuracy,0.9528743498494388,1642,411,1366,392,115,0.30656934306569344,102,83,82,0.9975669099756691
6,20260936,naive_file_random,macro_f1,0.9373828370814428,1642,411,1366,392,115,0.30656934306569344,102,83,82,0.9975669099756691
6,20260936,naive_file_random,auroc,0.9934574322474679,1642,411,1366,392,115,0.30656934306569344,102,83,82,0.9975669099756691
6,20260936,naive_file_random,brier,0.04404164532410472,1642,411,1366,392,115,0.30656934306569344,102,83,82,0.9975669099756691
6,20260936,naive_file_random,source_group_balanced_accuracy,0.9526166027465051,1642,411,1366,392,115,0.30656934306569344,102,83,82,0.9975669099756691
6,20260936,naive_file_random,source_group_macro_f1,0.935672514619883,1642,411,1366,392,115,0.30656934306569344,102,83,82,0.9975669099756691
6,20260936,naive_file_random,source_group_auroc,0.9936286032413708,1642,411,1366,392,115,0.30656934306569344,102,83,82,0.9975669099756691
6,20260936,naive_file_random,source_group_brier,0.0440877771930785,1642,411,1366,392,115,0.30656934306569344,102,83,82,0.9975669099756691
6,20260936,raw_photo_grouped,balanced_accuracy,0.9209346991037133,1637,416,1315,328,0,0.0,99,87,83,0.9831730769230769
6,20260936,raw_photo_grouped,macro_f1,0.899427408067184,1637,416,1315,328,0,0.0,99,87,83,0.9831730769230769
6,20260936,raw_photo_grouped,auroc,0.9816741357234314,1637,416,1315,328,0,0.0,99,87,83,0.9831730769230769
6,20260936,raw_photo_grouped,brier,0.06347983802508066,1637,416,1315,328,0,0.0,99,87,83,0.9831730769230769
6,20260936,raw_photo_grouped,source_group_balanced_accuracy,0.9149102263856362,1637,416,1315,328,0,0.0,99,87,83,0.9831730769230769
6,20260936,raw_photo_grouped,source_group_macro_f1,0.8814547097357126,1637,416,1315,328,0,0.0,99,87,83,0.9831730769230769
6,20260936,raw_photo_grouped,source_group_auroc,0.9817525370804059,1637,416,1315,328,0,0.0,99,87,83,0.9831730769230769
6,20260936,raw_photo_grouped,source_group_brier,0.06407522559988788,1637,416,1315,328,0,0.0,99,87,83,0.9831730769230769
6,20260936,acquisition_day_grouped,balanced_accuracy,0.8869003780625522,1628,425,1284,359,0,0.0,83,20,0,0.0
6,20260936,acquisition_day_grouped,macro_f1,0.8656511965531775,1628,425,1284,359,0,0.0,83,20,0,0.0
6,20260936,acquisition_day_grouped,auroc,0.966907251927137,1628,425,1284,359,0,0.0,83,20,0,0.0
6,20260936,acquisition_day_grouped,brier,0.08506556578951308,1628,425,1284,359,0,0.0,83,20,0,0.0
6,20260936,acquisition_day_grouped,source_group_balanced_accuracy,0.9009518259518259,1628,425,1284,359,0,0.0,83,20,0,0.0
6,20260936,acquisition_day_grouped,source_group_macro_f1,0.8576714682172591,1628,425,1284,359,0,0.0,83,20,0,0.0
6,20260936,acquisition_day_grouped,source_group_auroc,0.9667055167055167,1628,425,1284,359,0,0.0,83,20,0,0.0
6,20260936,acquisition_day_grouped,source_group_brier,0.08853325322993372,1628,425,1284,359,0,0.0,83,20,0,0.0
7,20260937,naive_file_random,balanced_accuracy,0.94013139885026,1642,411,1375,384,116,0.3260340632603406,100,83,80,0.9902676399026764
7,20260937,naive_file_random,macro_f1,0.9215963583978529,1642,411,1375,384,116,0.3260340632603406,100,83,80,0.9902676399026764
7,20260937,naive_file_random,auroc,0.9843416370106761,1642,411,1375,384,116,0.3260340632603406,100,83,80,0.9902676399026764
7,20260937,naive_file_random,brier,0.055487787363597794,1642,411,1375,384,116,0.3260340632603406,100,83,80,0.9902676399026764
7,20260937,naive_file_random,source_group_balanced_accuracy,0.9361598440545809,1642,411,1375,384,116,0.3260340632603406,100,83,80,0.9902676399026764
7,20260937,naive_file_random,source_group_macro_f1,0.9138287253058477,1642,411,1375,384,116,0.3260340632603406,100,83,80,0.9902676399026764
7,20260937,naive_file_random,source_group_auroc,0.9827810266406758,1642,411,1375,384,116,0.3260340632603406,100,83,80,0.9902676399026764
7,20260937,naive_file_random,source_group_brier,0.05646046257416448,1642,411,1375,384,116,0.3260340632603406,100,83,80,0.9902676399026764
7,20260937,raw_photo_grouped,balanced_accuracy,0.9357404500261643,1629,424,1315,328,0,0.0,102,83,82,0.9929245283018868
7,20260937,raw_photo_grouped,macro_f1,0.9106150793650793,1629,424,1315,328,0,0.0,102,83,82,0.9929245283018868
7,20260937,raw_photo_grouped,auroc,0.9892464678178964,1629,424,1315,328,0,0.0,102,83,82,0.9929245283018868
7,20260937,raw_photo_grouped,brier,0.05769386602547832,1629,424,1315,328,0,0.0,102,83,82,0.9929245283018868
7,20260937,raw_photo_grouped,source_group_balanced_accuracy,0.9487704918032787,1629,424,1315,328,0,0.0,102,83,82,0.9929245283018868
7,20260937,raw_photo_grouped,source_group_macro_f1,0.9082353204489755,1629,424,1315,328,0,0.0,102,83,82,0.9929245283018868
7,20260937,raw_photo_grouped,source_group_auroc,0.9929742388758783,1629,424,1315,328,0,0.0,102,83,82,0.9929245283018868
7,20260937,raw_photo_grouped,source_group_brier,0.055261204706129816,1629,424,1315,328,0,0.0,102,83,82,0.9929245283018868
7,20260937,acquisition_day_grouped,balanced_accuracy,0.9126901879504452,1612,441,1266,377,0,0.0,78,25,0,0.0
7,20260937,acquisition_day_grouped,macro_f1,0.8789525691699605,1612,441,1266,377,0,0.0,78,25,0,0.0
7,20260937,acquisition_day_grouped,auroc,0.9765650760751802,1612,441,1266,377,0,0.0,78,25,0,0.0
7,20260937,acquisition_day_grouped,brier,0.08501172611660077,1612,441,1266,377,0,0.0,78,25,0,0.0
7,20260937,acquisition_day_grouped,source_group_balanced_accuracy,0.9075402074775465,1612,441,1266,377,0,0.0,78,25,0,0.0
7,20260937,acquisition_day_grouped,source_group_macro_f1,0.8607489488781485,1612,441,1266,377,0,0.0,78,25,0,0.0
7,20260937,acquisition_day_grouped,source_group_auroc,0.9713848081877046,1612,441,1266,377,0,0.0,78,25,0,0.0
7,20260937,acquisition_day_grouped,source_group_brier,0.09190510315417261,1612,441,1266,377,0,0.0,78,25,0,0.0
8,20260938,naive_file_random,balanced_accuracy,0.9451820421571311,1642,411,1365,391,113,0.29927007299270075,102,85,84,0.9975669099756691
8,20260938,naive_file_random,macro_f1,0.9316935349842114,1642,411,1365,391,113,0.29927007299270075,102,85,84,0.9975669099756691
8,20260938,naive_file_random,auroc,0.9894333424582534,1642,411,1365,391,113,0.29927007299270075,102,85,84,0.9975669099756691
8,20260938,naive_file_random,brier,0.04712289165365875,1642,411,1365,391,113,0.29927007299270075,102,85,84,0.9975669099756691
8,20260938,naive_file_random,source_group_balanced_accuracy,0.9464329643296433,1642,411,1365,391,113,0.29927007299270075,102,85,84,0.9975669099756691
8,20260938,naive_file_random,source_group_macro_f1,0.9303113117870723,1642,411,1365,391,113,0.29927007299270075,102,85,84,0.9975669099756691
8,20260938,naive_file_random,source_group_auroc,0.9894526445264452,1642,411,1365,391,113,0.29927007299270075,102,85,84,0.9975669099756691
8,20260938,naive_file_random,source_group_brier,0.04699326517539827,1642,411,1365,391,113,0.29927007299270075,102,85,84,0.9975669099756691
8,20260938,raw_photo_grouped,balanced_accuracy,0.9402000455944375,1646,407,1315,328,0,0.0,102,79,78,0.9975429975429976
8,20260938,raw_photo_grouped,macro_f1,0.9171776644237031,1646,407,1315,328,0,0.0,102,79,78,0.9975429975429976
8,20260938,raw_photo_grouped,auroc,0.990197195942095,1646,407,1315,328,0,0.0,102,79,78,0.9975429975429976
8,20260938,raw_photo_grouped,brier,0.051512511016203175,1646,407,1315,328,0,0.0,102,79,78,0.9975429975429976
8,20260938,raw_photo_grouped,source_group_balanced_accuracy,0.9452576112412179,1646,407,1315,328,0,0.0,102,79,78,0.9975429975429976
8,20260938,raw_photo_grouped,source_group_macro_f1,0.9204242193186151,1646,407,1315,328,0,0.0,102,79,78,0.9975429975429976
8,20260938,raw_photo_grouped,source_group_auroc,0.9894613583138173,1646,407,1315,328,0,0.0,102,79,78,0.9975429975429976
8,20260938,raw_photo_grouped,source_group_brier,0.05055397917971389,1646,407,1315,328,0,0.0,102,79,78,0.9975429975429976
8,20260938,acquisition_day_grouped,balanced_accuracy,0.9142708436601567,1614,439,1258,385,0,0.0,77,26,0,0.0
8,20260938,acquisition_day_grouped,macro_f1,0.8914901129943502,1614,439,1258,385,0,0.0,77,26,0,0.0
8,20260938,acquisition_day_grouped,auroc,0.967259839397244,1614,439,1258,385,0,0.0,77,26,0,0.0
8,20260938,acquisition_day_grouped,brier,0.07272978130022514,1614,439,1258,385,0,0.0,77,26,0,0.0
8,20260938,acquisition_day_grouped,source_group_balanced_accuracy,0.9220503695592663,1614,439,1258,385,0,0.0,77,26,0,0.0
8,20260938,acquisition_day_grouped,source_group_macro_f1,0.8872317350242636,1614,439,1258,385,0,0.0,77,26,0,0.0
8,20260938,acquisition_day_grouped,source_group_auroc,0.9657473309608541,1614,439,1258,385,0,0.0,77,26,0,0.0
8,20260938,acquisition_day_grouped,source_group_brier,0.07356304785289189,1614,439,1258,385,0,0.0,77,26,0,0.0
9,20260939,naive_file_random,balanced_accuracy,0.9510949904188338,1642,411,1365,398,120,0.31143552311435524,102,80,79,0.9975669099756691
9,20260939,naive_file_random,macro_f1,0.934775708844689,1642,411,1365,398,120,0.31143552311435524,102,80,79,0.9975669099756691
9,20260939,naive_file_random,auroc,0.9911032028469751,1642,411,1365,398,120,0.31143552311435524,102,80,79,0.9975669099756691
9,20260939,naive_file_random,brier,0.04606939827075032,1642,411,1365,398,120,0.31143552311435524,102,80,79,0.9975669099756691
9,20260939,naive_file_random,source_group_balanced_accuracy,0.9496614397719173,1642,411,1365,398,120,0.31143552311435524,102,80,79,0.9975669099756691
9,20260939,naive_file_random,source_group_macro_f1,0.9317265631700832,1642,411,1365,398,120,0.31143552311435524,102,80,79,0.9975669099756691
9,20260939,naive_file_random,source_group_auroc,0.9907935376574009,1642,411,1365,398,120,0.31143552311435524,102,80,79,0.9975669099756691
9,20260939,naive_file_random,source_group_brier,0.047082095610788716,1642,411,1365,398,120,0.31143552311435524,102,80,79,0.9975669099756691
9,20260939,raw_photo_grouped,balanced_accuracy,0.9321479045888494,1653,400,1315,328,0,0.0,101,88,86,0.995
9,20260939,raw_photo_grouped,macro_f1,0.9187896862901588,1653,400,1315,328,0,0.0,101,88,86,0.995
9,20260939,raw_photo_grouped,auroc,0.9743589743589743,1653,400,1315,328,0,0.0,101,88,86,0.995
9,20260939,raw_photo_grouped,brier,0.057947195536724526,1653,400,1315,328,0,0.0,101,88,86,0.995
9,20260939,raw_photo_grouped,source_group_balanced_accuracy,0.9333528493364559,1653,400,1315,328,0,0.0,101,88,86,0.995
9,20260939,raw_photo_grouped,source_group_macro_f1,0.9122535620820006,1653,400,1315,328,0,0.0,101,88,86,0.995
9,20260939,raw_photo_grouped,source_group_auroc,0.9679937548790007,1653,400,1315,328,0,0.0,101,88,86,0.995
9,20260939,raw_photo_grouped,source_group_brier,0.0589909979488212,1653,400,1315,328,0,0.0,101,88,86,0.995
9,20260939,acquisition_day_grouped,balanced_accuracy,0.9348235697156559,1628,425,1302,341,0,0.0,80,23,0,0.0
9,20260939,acquisition_day_grouped,macro_f1,0.9238351254480286,1628,425,1302,341,0,0.0,80,23,0,0.0
9,20260939,acquisition_day_grouped,auroc,0.9786619683844762,1628,425,1302,341,0,0.0,80,23,0,0.0
9,20260939,acquisition_day_grouped,brier,0.05781601697612477,1628,425,1302,341,0,0.0,80,23,0,0.0
9,20260939,acquisition_day_grouped,source_group_balanced_accuracy,0.9297537619699042,1628,425,1302,341,0,0.0,80,23,0,0.0
9,20260939,acquisition_day_grouped,source_group_macro_f1,0.904535274356103,1628,425,1302,341,0,0.0,80,23,0,0.0
9,20260939,acquisition_day_grouped,source_group_auroc,0.972640218878249,1628,425,1302,341,0,0.0,80,23,0,0.0
9,20260939,acquisition_day_grouped,source_group_brier,0.06119957184670707,1628,425,1302,341,0,0.0,80,23,0,0.0
10,20260940,naive_file_random,balanced_accuracy,0.9199835751437175,1642,411,1366,390,113,0.29927007299270075,102,82,81,0.9975669099756691
10,20260940,naive_file_random,macro_f1,0.8981186723724037,1642,411,1366,390,113,0.29927007299270075,102,82,81,0.9975669099756691
10,20260940,naive_file_random,auroc,0.9837667670407885,1642,411,1366,390,113,0.29927007299270075,102,82,81,0.9975669099756691
10,20260940,naive_file_random,brier,0.06401709923447738,1642,411,1366,390,113,0.29927007299270075,102,82,81,0.9975669099756691
10,20260940,naive_file_random,source_group_balanced_accuracy,0.9175824175824175,1642,411,1366,390,113,0.29927007299270075,102,82,81,0.9975669099756691
10,20260940,naive_file_random,source_group_macro_f1,0.8930627913353442,1642,411,1366,390,113,0.29927007299270075,102,82,81,0.9975669099756691
10,20260940,naive_file_random,source_group_auroc,0.9824363670517516,1642,411,1366,390,113,0.29927007299270075,102,82,81,0.9975669099756691
10,20260940,naive_file_random,source_group_brier,0.06469068879327278,1642,411,1366,390,113,0.29927007299270075,102,82,81,0.9975669099756691
10,20260940,raw_photo_grouped,balanced_accuracy,0.9602969348659004,1619,434,1315,328,0,0.0,102,79,78,0.9930875576036866
10,20260940,raw_photo_grouped,macro_f1,0.9469236816818565,1619,434,1315,328,0,0.0,102,79,78,0.9930875576036866
10,20260940,raw_photo_grouped,auroc,0.9927203065134099,1619,434,1315,328,0,0.0,102,79,78,0.9930875576036866
10,20260940,raw_photo_grouped,brier,0.04196718268653978,1619,434,1315,328,0,0.0,102,79,78,0.9930875576036866
10,20260940,raw_photo_grouped,source_group_balanced_accuracy,0.9653590944574552,1619,434,1315,328,0,0.0,102,79,78,0.9930875576036866
10,20260940,raw_photo_grouped,source_group_macro_f1,0.9427740622273917,1619,434,1315,328,0,0.0,102,79,78,0.9930875576036866
10,20260940,raw_photo_grouped,source_group_auroc,0.993315768930523,1619,434,1315,328,0,0.0,102,79,78,0.9930875576036866
10,20260940,raw_photo_grouped,source_group_brier,0.04179679834509688,1619,434,1315,328,0,0.0,102,79,78,0.9930875576036866
10,20260940,acquisition_day_grouped,balanced_accuracy,0.9583406677228188,1668,385,1323,320,0,0.0,81,22,0,0.0
10,20260940,acquisition_day_grouped,macro_f1,0.9475209665038131,1668,385,1323,320,0,0.0,81,22,0,0.0
10,20260940,acquisition_day_grouped,auroc,0.9891157660036378,1668,385,1323,320,0,0.0,81,22,0,0.0
10,20260940,acquisition_day_grouped,brier,0.041840518265683725,1668,385,1323,320,0,0.0,81,22,0,0.0
10,20260940,acquisition_day_grouped,source_group_balanced_accuracy,0.956280193236715,1668,385,1323,320,0,0.0,81,22,0,0.0
10,20260940,acquisition_day_grouped,source_group_macro_f1,0.9369428892675407,1668,385,1323,320,0,0.0,81,22,0,0.0
10,20260940,acquisition_day_grouped,source_group_auroc,0.9894202898550725,1668,385,1323,320,0,0.0,81,22,0,0.0
10,20260940,acquisition_day_grouped,source_group_brier,0.041753427300473454,1668,385,1323,320,0,0.0,81,22,0,0.0
11,20260941,naive_file_random,balanced_accuracy,0.9169997262523952,1642,411,1371,397,125,0.3236009732360097,102,81,80,0.9951338199513382
11,20260941,naive_file_random,macro_f1,0.8887987012987013,1642,411,1371,397,125,0.3236009732360097,102,81,80,0.9951338199513382
11,20260941,naive_file_random,auroc,0.9830276485080756,1642,411,1371,397,125,0.3236009732360097,102,81,80,0.9951338199513382
11,20260941,naive_file_random,brier,0.07007721062807247,1642,411,1371,397,125,0.3236009732360097,102,81,80,0.9951338199513382
11,20260941,naive_file_random,source_group_balanced_accuracy,0.9181520119225037,1642,411,1371,397,125,0.3236009732360097,102,81,80,0.9951338199513382
11,20260941,naive_file_random,source_group_macro_f1,0.8889261932740193,1642,411,1371,397,125,0.3236009732360097,102,81,80,0.9951338199513382
11,20260941,naive_file_random,source_group_auroc,0.9836363636363636,1642,411,1371,397,125,0.3236009732360097,102,81,80,0.9951338199513382
11,20260941,naive_file_random,source_group_brier,0.0691239144064348,1642,411,1371,397,125,0.3236009732360097,102,81,80,0.9951338199513382
11,20260941,raw_photo_grouped,balanced_accuracy,0.9260893246187364,1647,406,1315,328,0,0.0,103,77,77,1.0
11,20260941,raw_photo_grouped,macro_f1,0.9093583379297665,1647,406,1315,328,0,0.0,103,77,77,1.0
11,20260941,raw_photo_grouped,auroc,0.9862200435729847,1647,406,1315,328,0,0.0,103,77,77,1.0
11,20260941,raw_photo_grouped,brier,0.05973705042789078,1647,406,1315,328,0,0.0,103,77,77,1.0
11,20260941,raw_photo_grouped,source_group_balanced_accuracy,0.9309133489461359,1647,406,1315,328,0,0.0,103,77,77,1.0
11,20260941,raw_photo_grouped,source_group_macro_f1,0.8962728710187486,1647,406,1315,328,0,0.0,103,77,77,1.0
11,20260941,raw_photo_grouped,source_group_auroc,0.9845823575331771,1647,406,1315,328,0,0.0,103,77,77,1.0
11,20260941,raw_photo_grouped,source_group_brier,0.0652724385202292,1647,406,1315,328,0,0.0,103,77,77,1.0
11,20260941,acquisition_day_grouped,balanced_accuracy,0.9255360024590793,1561,492,1231,412,0,0.0,80,23,0,0.0
11,20260941,acquisition_day_grouped,macro_f1,0.9166415662650602,1561,492,1231,412,0,0.0,80,23,0,0.0
11,20260941,acquisition_day_grouped,auroc,0.9786751709828634,1561,492,1231,412,0,0.0,80,23,0,0.0
11,20260941,acquisition_day_grouped,brier,0.0535539995112852,1561,492,1231,412,0,0.0,80,23,0,0.0
11,20260941,acquisition_day_grouped,source_group_balanced_accuracy,0.9351043643263757,1561,492,1231,412,0,0.0,80,23,0,0.0
11,20260941,acquisition_day_grouped,source_group_macro_f1,0.9131848284166164,1561,492,1231,412,0,0.0,80,23,0,0.0
11,20260941,acquisition_day_grouped,source_group_auroc,0.976786843769766,1561,492,1231,412,0,0.0,80,23,0,0.0
11,20260941,acquisition_day_grouped,source_group_brier,0.053118873038911274,1561,492,1231,412,0,0.0,80,23,0,0.0
12,20260942,naive_file_random,balanced_accuracy,0.9469614015877361,1642,411,1368,393,118,0.30656934306569344,102,81,80,0.9975669099756691
12,20260942,naive_file_random,macro_f1,0.9343065693430657,1642,411,1368,393,118,0.30656934306569344,102,81,80,0.9975669099756691
12,20260942,naive_file_random,auroc,0.9922255680262797,1642,411,1368,393,118,0.30656934306569344,102,81,80,0.9975669099756691
12,20260942,naive_file_random,brier,0.04280435865012541,1642,411,1368,393,118,0.30656934306569344,102,81,80,0.9975669099756691
12,20260942,naive_file_random,source_group_balanced_accuracy,0.9485053929121725,1642,411,1368,393,118,0.30656934306569344,102,81,80,0.9975669099756691
12,20260942,naive_file_random,source_group_macro_f1,0.9326879398294672,1642,411,1368,393,118,0.30656934306569344,102,81,80,0.9975669099756691
12,20260942,naive_file_random,source_group_auroc,0.9924191063174114,1642,411,1368,393,118,0.30656934306569344,102,81,80,0.9975669099756691
12,20260942,naive_file_random,source_group_brier,0.04333191764857249,1642,411,1368,393,118,0.30656934306569344,102,81,80,0.9975669099756691
12,20260942,raw_photo_grouped,balanced_accuracy,0.926720226338547,1636,417,1315,328,0,0.0,98,79,74,0.9760191846522782
12,20260942,raw_photo_grouped,macro_f1,0.904532967032967,1636,417,1315,328,0,0.0,98,79,74,0.9760191846522782
12,20260942,raw_photo_grouped,auroc,0.9830246089788075,1636,417,1315,328,0,0.0,98,79,74,0.9760191846522782
12,20260942,raw_photo_grouped,brier,0.061760942516656245,1636,417,1315,328,0,0.0,98,79,74,0.9760191846522782
12,20260942,raw_photo_grouped,source_group_balanced_accuracy,0.9247658079625293,1636,417,1315,328,0,0.0,98,79,74,0.9760191846522782
12,20260942,raw_photo_grouped,source_group_macro_f1,0.8862117973567296,1636,417,1315,328,0,0.0,98,79,74,0.9760191846522782
12,20260942,raw_photo_grouped,source_group_auroc,0.9802888368462138,1636,417,1315,328,0,0.0,98,79,74,0.9760191846522782
12,20260942,raw_photo_grouped,source_group_brier,0.06670322435362334,1636,417,1315,328,0,0.0,98,79,74,0.9760191846522782
12,20260942,acquisition_day_grouped,balanced_accuracy,0.9149531591392057,1665,388,1326,317,0,0.0,79,24,0,0.0
12,20260942,acquisition_day_grouped,macro_f1,0.8967899636938783,1665,388,1326,317,0,0.0,79,24,0,0.0
12,20260942,acquisition_day_grouped,auroc,0.9727335308730658,1665,388,1326,317,0,0.0,79,24,0,0.0
12,20260942,acquisition_day_grouped,brier,0.07253113948069177,1665,388,1326,317,0,0.0,79,24,0,0.0
12,20260942,acquisition_day_grouped,source_group_balanced_accuracy,0.9263908094883524,1665,388,1326,317,0,0.0,79,24,0,0.0
12,20260942,acquisition_day_grouped,source_group_macro_f1,0.8878806727403559,1665,388,1326,317,0,0.0,79,24,0,0.0
12,20260942,acquisition_day_grouped,source_group_auroc,0.9730347835336667,1665,388,1326,317,0,0.0,79,24,0,0.0
12,20260942,acquisition_day_grouped,source_group_brier,0.07497577890819153,1665,388,1326,317,0,0.0,79,24,0,0.0
13,20260943,naive_file_random,balanced_accuracy,0.9398439638653162,1642,411,1358,399,114,0.29927007299270075,100,89,86,0.9902676399026764
13,20260943,naive_file_random,macro_f1,0.9239049936521371,1642,411,1358,399,114,0.29927007299270075,100,89,86,0.9902676399026764
13,20260943,naive_file_random,auroc,0.9855461264713934,1642,411,1358,399,114,0.29927007299270075,100,89,86,0.9902676399026764
13,20260943,naive_file_random,brier,0.055287720593774854,1642,411,1358,399,114,0.29927007299270075,100,89,86,0.9902676399026764
13,20260943,naive_file_random,source_group_balanced_accuracy,0.9420903118896846,1642,411,1358,399,114,0.29927007299270075,100,89,86,0.9902676399026764
13,20260943,naive_file_random,source_group_macro_f1,0.9234355566610994,1642,411,1358,399,114,0.29927007299270075,100,89,86,0.9902676399026764
13,20260943,naive_file_random,source_group_auroc,0.9856483399420015,1642,411,1358,399,114,0.29927007299270075,100,89,86,0.9902676399026764
13,20260943,naive_file_random,source_group_brier,0.05543431710980813,1642,411,1358,399,114,0.29927007299270075,100,89,86,0.9902676399026764
13,20260943,raw_photo_grouped,balanced_accuracy,0.9452554744525548,1642,411,1315,328,0,0.0,101,85,83,0.9951338199513382
13,20260943,raw_photo_grouped,macro_f1,0.928620589843373,1642,411,1315,328,0,0.0,101,85,83,0.9951338199513382
13,20260943,raw_photo_grouped,auroc,0.9887846981725185,1642,411,1315,328,0,0.0,101,85,83,0.9951338199513382
13,20260943,raw_photo_grouped,brier,0.04922008763683702,1642,411,1315,328,0,0.0,101,85,83,0.9951338199513382
13,20260943,raw_photo_grouped,source_group_balanced_accuracy,0.947111631537861,1642,411,1315,328,0,0.0,101,85,83,0.9951338199513382
13,20260943,raw_photo_grouped,source_group_macro_f1,0.9174559597346146,1642,411,1315,328,0,0.0,101,85,83,0.9951338199513382
13,20260943,raw_photo_grouped,source_group_auroc,0.9887295081967213,1642,411,1315,328,0,0.0,101,85,83,0.9951338199513382
13,20260943,raw_photo_grouped,source_group_brier,0.04927565635951069,1642,411,1315,328,0,0.0,101,85,83,0.9951338199513382
13,20260943,acquisition_day_grouped,balanced_accuracy,0.9244186046511628,1819,234,1438,205,0,0.0,86,17,0,0.0
13,20260943,acquisition_day_grouped,macro_f1,0.8724528301886793,1819,234,1438,205,0,0.0,86,17,0,0.0
13,20260943,acquisition_day_grouped,auroc,0.9884658664666166,1819,234,1438,205,0,0.0,86,17,0,0.0
13,20260943,acquisition_day_grouped,brier,0.07761707301261637,1819,234,1438,205,0,0.0,86,17,0,0.0
13,20260943,acquisition_day_grouped,source_group_balanced_accuracy,0.9203821656050956,1819,234,1438,205,0,0.0,86,17,0,0.0
13,20260943,acquisition_day_grouped,source_group_macro_f1,0.8534416197203237,1819,234,1438,205,0,0.0,86,17,0,0.0
13,20260943,acquisition_day_grouped,source_group_auroc,0.9846072186836518,1819,234,1438,205,0,0.0,86,17,0,0.0
13,20260943,acquisition_day_grouped,source_group_brier,0.0831106697857413,1819,234,1438,205,0,0.0,86,17,0,0.0
14,20260944,naive_file_random,balanced_accuracy,0.9320969066520668,1642,411,1375,386,118,0.31873479318734793,102,81,80,0.9975669099756691
14,20260944,naive_file_random,macro_f1,0.9021837712668446,1642,411,1375,386,118,0.31873479318734793,102,81,80,0.9975669099756691
14,20260944,naive_file_random,auroc,0.9841500136873802,1642,411,1375,386,118,0.31873479318734793,102,81,80,0.9975669099756691
14,20260944,naive_file_random,brier,0.0659646821937862,1642,411,1375,386,118,0.31873479318734793,102,81,80,0.9975669099756691
14,20260944,naive_file_random,source_group_balanced_accuracy,0.9310765281565859,1642,411,1375,386,118,0.31873479318734793,102,81,80,0.9975669099756691
14,20260944,naive_file_random,source_group_macro_f1,0.8963851109520401,1642,411,1375,386,118,0.31873479318734793,102,81,80,0.9975669099756691
14,20260944,naive_file_random,source_group_auroc,0.9832183539226698,1642,411,1375,386,118,0.31873479318734793,102,81,80,0.9975669099756691
14,20260944,naive_file_random,source_group_brier,0.0671515260781673,1642,411,1375,386,118,0.31873479318734793,102,81,80,0.9975669099756691
14,20260944,raw_photo_grouped,balanced_accuracy,0.9167331585546563,1646,407,1315,328,0,0.0,100,77,74,0.9877149877149877
14,20260944,raw_photo_grouped,macro_f1,0.8860582306830906,1646,407,1315,328,0,0.0,100,77,74,0.9877149877149877
14,20260944,raw_photo_grouped,auroc,0.9715889661461301,1646,407,1315,328,0,0.0,100,77,74,0.9877149877149877
14,20260944,raw_photo_grouped,brier,0.0740927529185312,1646,407,1315,328,0,0.0,100,77,74,0.9877149877149877
14,20260944,raw_photo_grouped,source_group_balanced_accuracy,0.9206674473067915,1646,407,1315,328,0,0.0,100,77,74,0.9877149877149877
14,20260944,raw_photo_grouped,source_group_macro_f1,0.8795928583347239,1646,407,1315,328,0,0.0,100,77,74,0.9877149877149877
14,20260944,raw_photo_grouped,source_group_auroc,0.9695550351288056,1646,407,1315,328,0,0.0,100,77,74,0.9877149877149877
14,20260944,raw_photo_grouped,source_group_brier,0.07442234474371857,1646,407,1315,328,0,0.0,100,77,74,0.9877149877149877
14,20260944,acquisition_day_grouped,balanced_accuracy,0.9207060545088714,1603,450,1280,363,0,0.0,84,19,0,0.0
14,20260944,acquisition_day_grouped,macro_f1,0.8952984400279205,1603,450,1280,363,0,0.0,84,19,0,0.0
14,20260944,acquisition_day_grouped,auroc,0.9780501188951892,1603,450,1280,363,0,0.0,84,19,0,0.0
14,20260944,acquisition_day_grouped,brier,0.07258219427302035,1603,450,1280,363,0,0.0,84,19,0,0.0
14,20260944,acquisition_day_grouped,source_group_balanced_accuracy,0.9168908948875966,1603,450,1280,363,0,0.0,84,19,0,0.0
14,20260944,acquisition_day_grouped,source_group_macro_f1,0.8694358844744287,1603,450,1280,363,0,0.0,84,19,0,0.0
14,20260944,acquisition_day_grouped,source_group_auroc,0.969273500564187,1603,450,1280,363,0,0.0,84,19,0,0.0
14,20260944,acquisition_day_grouped,source_group_brier,0.08023961945914976,1603,450,1280,363,0,0.0,84,19,0,0.0
15,20260945,naive_file_random,balanced_accuracy,0.9303722967424035,1642,411,1366,395,118,0.30656934306569344,103,80,80,1.0
15,20260945,naive_file_random,macro_f1,0.915602954327162,1642,411,1366,395,118,0.30656934306569344,103,80,80,1.0
15,20260945,naive_file_random,auroc,0.9863947440459897,1642,411,1366,395,118,0.30656934306569344,103,80,80,1.0
15,20260945,naive_file_random,brier,0.0505278475579088,1642,411,1366,395,118,0.30656934306569344,103,80,80,1.0
15,20260945,naive_file_random,source_group_balanced_accuracy,0.9368181818181818,1642,411,1366,395,118,0.30656934306569344,103,80,80,1.0
15,20260945,naive_file_random,source_group_macro_f1,0.9218251786695987,1642,411,1366,395,118,0.30656934306569344,103,80,80,1.0
15,20260945,naive_file_random,source_group_auroc,0.9867575757575758,1642,411,1366,395,118,0.30656934306569344,103,80,80,1.0
15,20260945,naive_file_random,source_group_brier,0.04924119237691065,1642,411,1366,395,118,0.30656934306569344,103,80,80,1.0
15,20260945,raw_photo_grouped,balanced_accuracy,0.9544287548138639,1633,420,1315,328,0,0.0,99,84,80,0.9904761904761905
15,20260945,raw_photo_grouped,macro_f1,0.9340613794359423,1633,420,1315,328,0,0.0,99,84,80,0.9904761904761905
15,20260945,raw_photo_grouped,auroc,0.9947866181132273,1633,420,1315,328,0,0.0,99,84,80,0.9904761904761905
15,20260945,raw_photo_grouped,brier,0.045264557230481235,1633,420,1315,328,0,0.0,99,84,80,0.9904761904761905
15,20260945,raw_photo_grouped,source_group_balanced_accuracy,0.9631147540983607,1633,420,1315,328,0,0.0,99,84,80,0.9904761904761905
15,20260945,raw_photo_grouped,source_group_macro_f1,0.9324639670555936,1633,420,1315,328,0,0.0,99,84,80,0.9904761904761905
15,20260945,raw_photo_grouped,source_group_auroc,0.9962431693989071,1633,420,1315,328,0,0.0,99,84,80,0.9904761904761905
15,20260945,raw_photo_grouped,source_group_brier,0.04473796644534665,1633,420,1315,328,0,0.0,99,84,80,0.9904761904761905
15,20260945,acquisition_day_grouped,balanced_accuracy,0.9204692556634304,1624,429,1271,372,0,0.0,81,22,0,0.0
15,20260945,acquisition_day_grouped,macro_f1,0.8785091607565012,1624,429,1271,372,0,0.0,81,22,0,0.0
15,20260945,acquisition_day_grouped,auroc,0.9795037756202805,1624,429,1271,372,0,0.0,81,22,0,0.0
15,20260945,acquisition_day_grouped,brier,0.07447587945097657,1624,429,1271,372,0,0.0,81,22,0,0.0
15,20260945,acquisition_day_grouped,source_group_balanced_accuracy,0.9157509157509157,1624,429,1271,372,0,0.0,81,22,0,0.0
15,20260945,acquisition_day_grouped,source_group_macro_f1,0.8476091166393565,1624,429,1271,372,0,0.0,81,22,0,0.0
15,20260945,acquisition_day_grouped,source_group_auroc,0.9727019012733298,1624,429,1271,372,0,0.0,81,22,0,0.0
15,20260945,acquisition_day_grouped,source_group_brier,0.08269312590579118,1624,429,1271,372,0,0.0,81,22,0,0.0
16,20260946,naive_file_random,balanced_accuracy,0.9463317820969066,1642,411,1363,391,111,0.2846715328467153,102,84,83,0.9975669099756691
16,20260946,naive_file_random,macro_f1,0.9223745481780585,1642,411,1363,391,111,0.2846715328467153,102,84,83,0.9975669099756691
16,20260946,naive_file_random,auroc,0.9881467287161239,1642,411,1363,391,111,0.2846715328467153,102,84,83,0.9975669099756691
16,20260946,naive_file_random,brier,0.0573557062540294,1642,411,1363,391,111,0.2846715328467153,102,84,83,0.9975669099756691
16,20260946,naive_file_random,source_group_balanced_accuracy,0.9460178351783518,1642,411,1363,391,111,0.2846715328467153,102,84,83,0.9975669099756691
16,20260946,naive_file_random,source_group_macro_f1,0.9202366381068952,1642,411,1363,391,111,0.2846715328467153,102,84,83,0.9975669099756691
16,20260946,naive_file_random,source_group_auroc,0.9872693726937269,1642,411,1363,391,111,0.2846715328467153,102,84,83,0.9975669099756691
16,20260946,naive_file_random,source_group_brier,0.05850843450301382,1642,411,1363,391,111,0.2846715328467153,102,84,83,0.9975669099756691
16,20260946,raw_photo_grouped,balanced_accuracy,0.937780017921147,1646,407,1315,328,0,0.0,102,84,83,0.9975429975429976
16,20260946,raw_photo_grouped,macro_f1,0.9180580908407603,1646,407,1315,328,0,0.0,102,84,83,0.9975429975429976
16,20260946,raw_photo_grouped,auroc,0.9887712813620071,1646,407,1315,328,0,0.0,102,84,83,0.9975429975429976
16,20260946,raw_photo_grouped,brier,0.0552079160604308,1646,407,1315,328,0,0.0,102,84,83,0.9975429975429976
16,20260946,raw_photo_grouped,source_group_balanced_accuracy,0.9370608899297423,1646,407,1315,328,0,0.0,102,84,83,0.9975429975429976
16,20260946,raw_photo_grouped,source_group_macro_f1,0.9065026281883174,1646,407,1315,328,0,0.0,102,84,83,0.9975429975429976
16,20260946,raw_photo_grouped,source_group_auroc,0.985997267759563,1646,407,1315,328,0,0.0,102,84,83,0.9975429975429976
16,20260946,raw_photo_grouped,source_group_brier,0.05885414616748385,1646,407,1315,328,0,0.0,102,84,83,0.9975429975429976
16,20260946,acquisition_day_grouped,balanced_accuracy,0.9387901255371135,1661,392,1330,313,0,0.0,83,20,0,0.0
16,20260946,acquisition_day_grouped,macro_f1,0.922720814667274,1661,392,1330,313,0,0.0,83,20,0,0.0
16,20260946,acquisition_day_grouped,auroc,0.9905355688488218,1661,392,1330,313,0,0.0,83,20,0,0.0
16,20260946,acquisition_day_grouped,brier,0.05398702488320903,1661,392,1330,313,0,0.0,83,20,0,0.0
16,20260946,acquisition_day_grouped,source_group_balanced_accuracy,0.9355086568999078,1661,392,1330,313,0,0.0,83,20,0,0.0
16,20260946,acquisition_day_grouped,source_group_macro_f1,0.9028970981290569,1661,392,1330,313,0,0.0,83,20,0,0.0
16,20260946,acquisition_day_grouped,source_group_auroc,0.9882184202438273,1661,392,1330,313,0,0.0,83,20,0,0.0
16,20260946,acquisition_day_grouped,source_group_brier,0.06024911054540997,1661,392,1330,313,0,0.0,83,20,0,0.0
17,20260947,naive_file_random,balanced_accuracy,0.9421981932658089,1642,411,1356,394,107,0.2749391727493917,100,85,82,0.9878345498783455
17,20260947,naive_file_random,macro_f1,0.9218615811245796,1642,411,1356,394,107,0.2749391727493917,100,85,82,0.9878345498783455
17,20260947,naive_file_random,auroc,0.9869422392554065,1642,411,1356,394,107,0.2749391727493917,100,85,82,0.9878345498783455
17,20260947,naive_file_random,brier,0.05267533833932805,1642,411,1356,394,107,0.2749391727493917,100,85,82,0.9878345498783455
17,20260947,naive_file_random,source_group_balanced_accuracy,0.9418157599975782,1642,411,1356,394,107,0.2749391727493917,100,85,82,0.9878345498783455
17,20260947,naive_file_random,source_group_macro_f1,0.9202521397177885,1642,411,1356,394,107,0.2749391727493917,100,85,82,0.9878345498783455
17,20260947,naive_file_random,source_group_auroc,0.9875578966488057,1642,411,1356,394,107,0.2749391727493917,100,85,82,0.9878345498783455
17,20260947,naive_file_random,source_group_brier,0.05223413861198602,1642,411,1356,394,107,0.2749391727493917,100,85,82,0.9878345498783455
17,20260947,raw_photo_grouped,balanced_accuracy,0.9406194295900179,1649,404,1315,328,0,0.0,101,85,83,0.995049504950495
17,20260947,raw_photo_grouped,macro_f1,0.9263405970814453,1649,404,1315,328,0,0.0,101,85,83,0.995049504950495
17,20260947,raw_photo_grouped,auroc,0.986575311942959,1649,404,1315,328,0,0.0,101,85,83,0.995049504950495
17,20260947,raw_photo_grouped,brier,0.049805836918148126,1649,404,1315,328,0,0.0,101,85,83,0.995049504950495
17,20260947,raw_photo_grouped,source_group_balanced_accuracy,0.9272053083528493,1649,404,1315,328,0,0.0,101,85,83,0.995049504950495
17,20260947,raw_photo_grouped,source_group_macro_f1,0.9018054532056006,1649,404,1315,328,0,0.0,101,85,83,0.995049504950495
17,20260947,raw_photo_grouped,source_group_auroc,0.9819964871194379,1649,404,1315,328,0,0.0,101,85,83,0.995049504950495
17,20260947,raw_photo_grouped,source_group_brier,0.05653161006008783,1649,404,1315,328,0,0.0,101,85,83,0.995049504950495
17,20260947,acquisition_day_grouped,balanced_accuracy,0.9126007291981143,1615,438,1314,329,0,0.0,86,17,0,0.0
17,20260947,acquisition_day_grouped,macro_f1,0.8948261901437945,1615,438,1314,329,0,0.0,86,17,0,0.0
17,20260947,acquisition_day_grouped,auroc,0.9812823668748983,1615,438,1314,329,0,0.0,86,17,0,0.0
17,20260947,acquisition_day_grouped,brier,0.06492055168850847,1615,438,1314,329,0,0.0,86,17,0,0.0
17,20260947,acquisition_day_grouped,source_group_balanced_accuracy,0.9026858892070702,1615,438,1314,329,0,0.0,86,17,0,0.0
17,20260947,acquisition_day_grouped,source_group_macro_f1,0.8659574468085106,1615,438,1314,329,0,0.0,86,17,0,0.0
17,20260947,acquisition_day_grouped,source_group_auroc,0.979016490569764,1615,438,1314,329,0,0.0,86,17,0,0.0
17,20260947,acquisition_day_grouped,source_group_brier,0.07020390046221706,1615,438,1314,329,0,0.0,86,17,0,0.0
18,20260948,naive_file_random,balanced_accuracy,0.95080755543389,1642,411,1378,390,125,0.340632603406326,102,82,81,0.9975669099756691
18,20260948,naive_file_random,macro_f1,0.9371580521854745,1642,411,1378,390,125,0.340632603406326,102,82,81,0.9975669099756691
18,20260948,naive_file_random,auroc,0.9902272105119081,1642,411,1378,390,125,0.340632603406326,102,82,81,0.9975669099756691
18,20260948,naive_file_random,brier,0.04649996094162372,1642,411,1378,390,125,0.340632603406326,102,82,81,0.9975669099756691
18,20260948,naive_file_random,source_group_balanced_accuracy,0.9499626121635094,1642,411,1378,390,125,0.340632603406326,102,82,81,0.9975669099756691
18,20260948,naive_file_random,source_group_macro_f1,0.935245283018868,1642,411,1378,390,125,0.340632603406326,102,82,81,0.9975669099756691
18,20260948,naive_file_random,source_group_auroc,0.9894690927218345,1642,411,1378,390,125,0.340632603406326,102,82,81,0.9975669099756691
18,20260948,naive_file_random,source_group_brier,0.047092629531458166,1642,411,1378,390,125,0.340632603406326,102,82,81,0.9975669099756691
18,20260948,raw_photo_grouped,balanced_accuracy,0.9471944987022717,1639,414,1315,328,0,0.0,102,81,80,0.9927536231884058
18,20260948,raw_photo_grouped,macro_f1,0.9376126111369548,1639,414,1315,328,0,0.0,102,81,80,0.9927536231884058
18,20260948,raw_photo_grouped,auroc,0.9857383672704895,1639,414,1315,328,0,0.0,102,81,80,0.9927536231884058
18,20260948,raw_photo_grouped,brier,0.050260158721784784,1639,414,1315,328,0,0.0,102,81,80,0.9927536231884058
18,20260948,raw_photo_grouped,source_group_balanced_accuracy,0.9614558938329429,1639,414,1315,328,0,0.0,102,81,80,0.9927536231884058
18,20260948,raw_photo_grouped,source_group_macro_f1,0.9423772882189663,1639,414,1315,328,0,0.0,102,81,80,0.9927536231884058
18,20260948,raw_photo_grouped,source_group_auroc,0.9860460577673693,1639,414,1315,328,0,0.0,102,81,80,0.9927536231884058
18,20260948,raw_photo_grouped,source_group_brier,0.04871807239004053,1639,414,1315,328,0,0.0,102,81,80,0.9927536231884058
18,20260948,acquisition_day_grouped,balanced_accuracy,0.9403209109730849,1637,416,1288,355,0,0.0,80,23,0,0.0
18,20260948,acquisition_day_grouped,macro_f1,0.9199875911276563,1637,416,1288,355,0,0.0,80,23,0,0.0
18,20260948,acquisition_day_grouped,auroc,0.9817546583850931,1637,416,1288,355,0,0.0,80,23,0,0.0
18,20260948,acquisition_day_grouped,brier,0.05971741567340568,1637,416,1288,355,0,0.0,80,23,0,0.0
18,20260948,acquisition_day_grouped,source_group_balanced_accuracy,0.9375506072874494,1637,416,1288,355,0,0.0,80,23,0,0.0
18,20260948,acquisition_day_grouped,source_group_macro_f1,0.9032652102419544,1637,416,1288,355,0,0.0,80,23,0,0.0
18,20260948,acquisition_day_grouped,source_group_auroc,0.9779352226720648,1637,416,1288,355,0,0.0,80,23,0,0.0
18,20260948,acquisition_day_grouped,source_group_brier,0.06314778911566782,1637,416,1288,355,0,0.0,80,23,0,0.0
19,20260949,naive_file_random,balanced_accuracy,0.940418833835204,1642,411,1379,385,121,0.3284671532846715,102,86,85,0.9975669099756691
19,20260949,naive_file_random,macro_f1,0.919302057699356,1642,411,1379,385,121,0.3284671532846715,102,86,85,0.9975669099756691
19,20260949,naive_file_random,auroc,0.9873254859019984,1642,411,1379,385,121,0.3284671532846715,102,86,85,0.9975669099756691
19,20260949,naive_file_random,brier,0.057202603691891625,1642,411,1379,385,121,0.3284671532846715,102,86,85,0.9975669099756691
19,20260949,naive_file_random,source_group_balanced_accuracy,0.9406602254428342,1642,411,1379,385,121,0.3284671532846715,102,86,85,0.9975669099756691
19,20260949,naive_file_random,source_group_macro_f1,0.9174174174174174,1642,411,1379,385,121,0.3284671532846715,102,86,85,0.9975669099756691
19,20260949,naive_file_random,source_group_auroc,0.9860869565217392,1642,411,1379,385,121,0.3284671532846715,102,86,85,0.9975669099756691
19,20260949,naive_file_random,source_group_brier,0.05868186901891819,1642,411,1379,385,121,0.3284671532846715,102,86,85,0.9975669099756691
19,20260949,raw_photo_grouped,balanced_accuracy,0.9384197904834027,1629,424,1315,328,0,0.0,101,85,83,0.9952830188679245
19,20260949,raw_photo_grouped,macro_f1,0.9157549958756555,1629,424,1315,328,0,0.0,101,85,83,0.9952830188679245
19,20260949,raw_photo_grouped,auroc,0.9814211788463966,1629,424,1315,328,0,0.0,101,85,83,0.9952830188679245
19,20260949,raw_photo_grouped,brier,0.06788199011956539,1629,424,1315,328,0,0.0,101,85,83,0.9952830188679245
19,20260949,raw_photo_grouped,source_group_balanced_accuracy,0.9489656518345043,1629,424,1315,328,0,0.0,101,85,83,0.9952830188679245
19,20260949,raw_photo_grouped,source_group_macro_f1,0.9145281714874862,1629,424,1315,328,0,0.0,101,85,83,0.9952830188679245
19,20260949,raw_photo_grouped,source_group_auroc,0.978825136612022,1629,424,1315,328,0,0.0,101,85,83,0.9952830188679245
19,20260949,raw_photo_grouped,source_group_brier,0.06612912393693021,1629,424,1315,328,0,0.0,101,85,83,0.9952830188679245
19,20260949,acquisition_day_grouped,balanced_accuracy,0.9333875894668777,1603,450,1333,310,0,0.0,86,17,0,0.0
19,20260949,acquisition_day_grouped,macro_f1,0.9154911440084562,1603,450,1333,310,0,0.0,86,17,0,0.0
19,20260949,acquisition_day_grouped,auroc,0.9757631162344756,1603,450,1333,310,0,0.0,86,17,0,0.0
19,20260949,acquisition_day_grouped,brier,0.07041950231752812,1603,450,1333,310,0,0.0,86,17,0,0.0
19,20260949,acquisition_day_grouped,source_group_balanced_accuracy,0.9379084967320261,1603,450,1333,310,0,0.0,86,17,0,0.0
19,20260949,acquisition_day_grouped,source_group_macro_f1,0.911943782341826,1603,450,1333,310,0,0.0,86,17,0,0.0
19,20260949,acquisition_day_grouped,source_group_auroc,0.9728627450980392,1603,450,1333,310,0,0.0,86,17,0,0.0
19,20260949,acquisition_day_grouped,source_group_brier,0.0673762225290795,1603,450,1333,310,0,0.0,86,17,0,0.0
20,20260950,naive_file_random,balanced_accuracy,0.9347933205584451,1642,411,1367,388,112,0.29927007299270075,100,80,77,0.9927007299270073
20,20260950,naive_file_random,macro_f1,0.913922194879313,1642,411,1367,388,112,0.29927007299270075,100,80,77,0.9927007299270073
20,20260950,naive_file_random,auroc,0.9858198740761018,1642,411,1367,388,112,0.29927007299270075,100,80,77,0.9927007299270073
20,20260950,naive_file_random,brier,0.05725854206127262,1642,411,1367,388,112,0.29927007299270075,100,80,77,0.9927007299270073
20,20260950,naive_file_random,source_group_balanced_accuracy,0.9330074037049765,1642,411,1367,388,112,0.29927007299270075,100,80,77,0.9927007299270073
20,20260950,naive_file_random,source_group_macro_f1,0.9105159394412826,1642,411,1367,388,112,0.29927007299270075,100,80,77,0.9927007299270073
20,20260950,naive_file_random,source_group_auroc,0.9857236574927368,1642,411,1367,388,112,0.29927007299270075,100,80,77,0.9927007299270073
20,20260950,naive_file_random,source_group_brier,0.0577682114428013,1642,411,1367,388,112,0.29927007299270075,100,80,77,0.9927007299270073
20,20260950,raw_photo_grouped,balanced_accuracy,0.9377616747181965,1642,411,1315,328,0,0.0,100,87,84,0.9878345498783455
20,20260950,raw_photo_grouped,macro_f1,0.92958618871903,1642,411,1315,328,0,0.0,100,87,84,0.9878345498783455
20,20260950,raw_photo_grouped,auroc,0.9746645195920558,1642,411,1315,328,0,0.0,100,87,84,0.9878345498783455
20,20260950,raw_photo_grouped,brier,0.05705844496712196,1642,411,1315,328,0,0.0,100,87,84,0.9878345498783455
20,20260950,raw_photo_grouped,source_group_balanced_accuracy,0.9335480093676816,1642,411,1315,328,0,0.0,100,87,84,0.9878345498783455
20,20260950,raw_photo_grouped,source_group_macro_f1,0.9187572980432398,1642,411,1315,328,0,0.0,100,87,84,0.9878345498783455
20,20260950,raw_photo_grouped,source_group_auroc,0.9694574551131928,1642,411,1315,328,0,0.0,100,87,84,0.9878345498783455
20,20260950,raw_photo_grouped,source_group_brier,0.05783648581513847,1642,411,1315,328,0,0.0,100,87,84,0.9878345498783455
20,20260950,acquisition_day_grouped,balanced_accuracy,0.9434820439803828,1697,356,1338,305,0,0.0,82,21,0,0.0
20,20260950,acquisition_day_grouped,macro_f1,0.9284832831109198,1697,356,1338,305,0,0.0,82,21,0,0.0
20,20260950,acquisition_day_grouped,auroc,0.975280809998418,1697,356,1338,305,0,0.0,82,21,0,0.0
20,20260950,acquisition_day_grouped,brier,0.052330095168446084,1697,356,1338,305,0,0.0,82,21,0,0.0
20,20260950,acquisition_day_grouped,source_group_balanced_accuracy,0.9397797038642108,1697,356,1338,305,0,0.0,82,21,0,0.0
20,20260950,acquisition_day_grouped,source_group_macro_f1,0.9171207505613478,1697,356,1338,305,0,0.0,82,21,0,0.0
20,20260950,acquisition_day_grouped,source_group_auroc,0.9692428072709762,1697,356,1338,305,0,0.0,82,21,0,0.0
20,20260950,acquisition_day_grouped,source_group_brier,0.05520507655409069,1697,356,1338,305,0,0.0,82,21,0,0.0
21,20260951,naive_file_random,balanced_accuracy,0.9561456337257048,1642,411,1374,390,121,0.3309002433090024,101,81,79,0.9951338199513382
21,20260951,naive_file_random,macro_f1,0.9450534759358289,1642,411,1374,390,121,0.3309002433090024,101,81,79,0.9951338199513382
21,20260951,naive_file_random,auroc,0.9906652066794416,1642,411,1374,390,121,0.3309002433090024,101,81,79,0.9951338199513382
21,20260951,naive_file_random,brier,0.04173679250450572,1642,411,1374,390,121,0.3309002433090024,101,81,79,0.9951338199513382
21,20260951,naive_file_random,source_group_balanced_accuracy,0.9578754578754578,1642,411,1374,390,121,0.3309002433090024,101,81,79,0.9951338199513382
21,20260951,naive_file_random,source_group_macro_f1,0.9437148217636022,1642,411,1374,390,121,0.3309002433090024,101,81,79,0.9951338199513382
21,20260951,naive_file_random,source_group_auroc,0.9903885288500672,1642,411,1374,390,121,0.3309002433090024,101,81,79,0.9951338199513382
21,20260951,naive_file_random,source_group_brier,0.042566438816634064,1642,411,1374,390,121,0.3309002433090024,101,81,79,0.9951338199513382
21,20260951,raw_photo_grouped,balanced_accuracy,0.9072866065232477,1647,406,1315,328,0,0.0,102,80,79,0.9926108374384236
21,20260951,raw_photo_grouped,macro_f1,0.8913421651277934,1647,406,1315,328,0,0.0,102,80,79,0.9926108374384236
21,20260951,raw_photo_grouped,auroc,0.9775156141568355,1647,406,1315,328,0,0.0,102,80,79,0.9926108374384236
21,20260951,raw_photo_grouped,brier,0.06556900303941872,1647,406,1315,328,0,0.0,102,80,79,0.9926108374384236
21,20260951,raw_photo_grouped,source_group_balanced_accuracy,0.9210577673692428,1647,406,1315,328,0,0.0,102,80,79,0.9926108374384236
21,20260951,raw_photo_grouped,source_group_macro_f1,0.8915430486984481,1647,406,1315,328,0,0.0,102,80,79,0.9926108374384236
21,20260951,raw_photo_grouped,source_group_auroc,0.9761416861826697,1647,406,1315,328,0,0.0,102,80,79,0.9926108374384236
21,20260951,raw_photo_grouped,source_group_brier,0.06391059903527825,1647,406,1315,328,0,0.0,102,80,79,0.9926108374384236
21,20260951,acquisition_day_grouped,balanced_accuracy,0.9040234905843525,1748,305,1396,247,0,0.0,85,18,0,0.0
21,20260951,acquisition_day_grouped,macro_f1,0.8891312250090876,1748,305,1396,247,0,0.0,85,18,0,0.0
21,20260951,acquisition_day_grouped,auroc,0.9733546884100175,1748,305,1396,247,0,0.0,85,18,0,0.0
21,20260951,acquisition_day_grouped,brier,0.07406292601090421,1748,305,1396,247,0,0.0,85,18,0,0.0
21,20260951,acquisition_day_grouped,source_group_balanced_accuracy,0.9247252747252748,1748,305,1396,247,0,0.0,85,18,0,0.0
21,20260951,acquisition_day_grouped,source_group_macro_f1,0.8930483388442765,1748,305,1396,247,0,0.0,85,18,0,0.0
21,20260951,acquisition_day_grouped,source_group_auroc,0.978698224852071,1748,305,1396,247,0,0.0,85,18,0,0.0
21,20260951,acquisition_day_grouped,source_group_brier,0.07222958288147234,1748,305,1396,247,0,0.0,85,18,0,0.0
22,20260952,naive_file_random,balanced_accuracy,0.9407062688201479,1642,411,1363,386,106,0.2846715328467153,100,85,82,0.9927007299270073
22,20260952,naive_file_random,macro_f1,0.9170210687420626,1642,411,1363,386,106,0.2846715328467153,100,85,82,0.9927007299270073
22,20260952,naive_file_random,auroc,0.9862304954831645,1642,411,1363,386,106,0.2846715328467153,100,85,82,0.9927007299270073
22,20260952,naive_file_random,brier,0.06101440191674906,1642,411,1363,386,106,0.2846715328467153,100,85,82,0.9927007299270073
22,20260952,naive_file_random,source_group_balanced_accuracy,0.9427944862155389,1642,411,1363,386,106,0.2846715328467153,100,85,82,0.9927007299270073
22,20260952,naive_file_random,source_group_macro_f1,0.9194106418515867,1642,411,1363,386,106,0.2846715328467153,100,85,82,0.9927007299270073
22,20260952,naive_file_random,source_group_auroc,0.9865288220551379,1642,411,1363,386,106,0.2846715328467153,100,85,82,0.9927007299270073
22,20260952,naive_file_random,source_group_brier,0.06028868326127964,1642,411,1363,386,106,0.2846715328467153,100,85,82,0.9927007299270073
22,20260952,raw_photo_grouped,balanced_accuracy,0.9319375820876852,1664,389,1315,328,0,0.0,103,78,78,1.0
22,20260952,raw_photo_grouped,macro_f1,0.9052235224629923,1664,389,1315,328,0,0.0,103,78,78,1.0
22,20260952,raw_photo_grouped,auroc,0.9834261054474952,1664,389,1315,328,0,0.0,103,78,78,1.0
22,20260952,raw_photo_grouped,brier,0.059474792946017714,1664,389,1315,328,0,0.0,103,78,78,1.0
22,20260952,raw_photo_grouped,source_group_balanced_accuracy,0.9268149882903982,1664,389,1315,328,0,0.0,103,78,78,1.0
22,20260952,raw_photo_grouped,source_group_macro_f1,0.8895474137931034,1664,389,1315,328,0,0.0,103,78,78,1.0
22,20260952,raw_photo_grouped,source_group_auroc,0.9788251366120219,1664,389,1315,328,0,0.0,103,78,78,1.0
22,20260952,raw_photo_grouped,source_group_brier,0.06374152764496757,1664,389,1315,328,0,0.0,103,78,78,1.0
22,20260952,acquisition_day_grouped,balanced_accuracy,0.9564102564102563,1673,380,1364,279,0,0.0,85,18,0,0.0
22,20260952,acquisition_day_grouped,macro_f1,0.9463529411764706,1673,380,1364,279,0,0.0,85,18,0,0.0
22,20260952,acquisition_day_grouped,auroc,0.9922435897435897,1673,380,1364,279,0,0.0,85,18,0,0.0
22,20260952,acquisition_day_grouped,brier,0.038526080749946554,1673,380,1364,279,0,0.0,85,18,0,0.0
22,20260952,acquisition_day_grouped,source_group_balanced_accuracy,0.9689524077724585,1673,380,1364,279,0,0.0,85,18,0,0.0
22,20260952,acquisition_day_grouped,source_group_macro_f1,0.9482854494902688,1673,380,1364,279,0,0.0,85,18,0,0.0
22,20260952,acquisition_day_grouped,source_group_auroc,0.990918051253168,1673,380,1364,279,0,0.0,85,18,0,0.0
22,20260952,acquisition_day_grouped,source_group_brier,0.03988069027414034,1673,380,1364,279,0,0.0,85,18,0,0.0
23,20260953,naive_file_random,balanced_accuracy,0.941910758280865,1642,411,1362,399,118,0.2944038929440389,101,85,83,0.9951338199513382
23,20260953,naive_file_random,macro_f1,0.9241697416974171,1642,411,1362,399,118,0.2944038929440389,101,85,83,0.9951338199513382
23,20260953,naive_file_random,auroc,0.990418833835204,1642,411,1362,399,118,0.2944038929440389,101,85,83,0.9951338199513382
23,20260953,naive_file_random,brier,0.04895301359181831,1642,411,1362,399,118,0.2944038929440389,101,85,83,0.9951338199513382
23,20260953,naive_file_random,source_group_balanced_accuracy,0.940305606754266,1642,411,1362,399,118,0.2944038929440389,101,85,83,0.9951338199513382
23,20260953,naive_file_random,source_group_macro_f1,0.9204454825111086,1642,411,1362,399,118,0.2944038929440389,101,85,83,0.9951338199513382
23,20260953,naive_file_random,source_group_auroc,0.9897140139128366,1642,411,1362,399,118,0.2944038929440389,101,85,83,0.9951338199513382
23,20260953,naive_file_random,source_group_brier,0.050129727670846454,1642,411,1362,399,118,0.2944038929440389,101,85,83,0.9951338199513382
23,20260953,raw_photo_grouped,balanced_accuracy,0.9450354609929078,1630,423,1315,328,0,0.0,102,83,82,0.9929078014184397
23,20260953,raw_photo_grouped,macro_f1,0.9258670598828811,1630,423,1315,328,0,0.0,102,83,82,0.9929078014184397
23,20260953,raw_photo_grouped,auroc,0.9876263769428097,1630,423,1315,328,0,0.0,102,83,82,0.9929078014184397
23,20260953,raw_photo_grouped,brier,0.05886685620693096,1630,423,1315,328,0,0.0,102,83,82,0.9929078014184397
23,20260953,raw_photo_grouped,source_group_balanced_accuracy,0.9528688524590163,1630,423,1315,328,0,0.0,102,83,82,0.9929078014184397
23,20260953,raw_photo_grouped,source_group_macro_f1,0.9150593931205315,1630,423,1315,328,0,0.0,102,83,82,0.9929078014184397
23,20260953,raw_photo_grouped,source_group_auroc,0.9896077283372365,1630,423,1315,328,0,0.0,102,83,82,0.9929078014184397
23,20260953,raw_photo_grouped,source_group_brier,0.058628116388893675,1630,423,1315,328,0,0.0,102,83,82,0.9929078014184397
23,20260953,acquisition_day_grouped,balanced_accuracy,0.9315001943256899,1577,476,1264,379,0,0.0,83,20,0,0.0
23,20260953,acquisition_day_grouped,macro_f1,0.9131740307847732,1577,476,1264,379,0,0.0,83,20,0,0.0
23,20260953,acquisition_day_grouped,auroc,0.9890983287990672,1577,476,1264,379,0,0.0,83,20,0,0.0
23,20260953,acquisition_day_grouped,brier,0.06303501618511839,1577,476,1264,379,0,0.0,83,20,0,0.0
23,20260953,acquisition_day_grouped,source_group_balanced_accuracy,0.9394444444444444,1577,476,1264,379,0,0.0,83,20,0,0.0
23,20260953,acquisition_day_grouped,source_group_macro_f1,0.9001317523056653,1577,476,1264,379,0,0.0,83,20,0,0.0
23,20260953,acquisition_day_grouped,source_group_auroc,0.989247311827957,1577,476,1264,379,0,0.0,83,20,0,0.0
23,20260953,acquisition_day_grouped,source_group_brier,0.06707846945048837,1577,476,1264,379,0,0.0,83,20,0,0.0
24,20260954,naive_file_random,balanced_accuracy,0.9421981932658089,1642,411,1377,391,125,0.3309002433090024,102,80,79,0.9975669099756691
24,20260954,naive_file_random,macro_f1,0.9218615811245796,1642,411,1377,391,125,0.3309002433090024,102,80,79,0.9975669099756691
24,20260954,naive_file_random,auroc,0.9889679715302491,1642,411,1377,391,125,0.3309002433090024,102,80,79,0.9975669099756691
24,20260954,naive_file_random,brier,0.05460907861554392,1642,411,1377,391,125,0.3309002433090024,102,80,79,0.9975669099756691
24,20260954,naive_file_random,source_group_balanced_accuracy,0.9442966622332003,1642,411,1377,391,125,0.3309002433090024,102,80,79,0.9975669099756691
24,20260954,naive_file_random,source_group_macro_f1,0.9180293501048218,1642,411,1377,391,125,0.3309002433090024,102,80,79,0.9975669099756691
24,20260954,naive_file_random,source_group_auroc,0.9898346950408512,1642,411,1377,391,125,0.3309002433090024,102,80,79,0.9975669099756691
24,20260954,naive_file_random,source_group_brier,0.05486238440070074,1642,411,1377,391,125,0.3309002433090024,102,80,79,0.9975669099756691
24,20260954,raw_photo_grouped,balanced_accuracy,0.9451320841212538,1650,403,1315,328,0,0.0,98,83,78,0.9826302729528535
24,20260954,raw_photo_grouped,macro_f1,0.9228602679792179,1650,403,1315,328,0,0.0,98,83,78,0.9826302729528535
24,20260954,raw_photo_grouped,auroc,0.9899719213798637,1650,403,1315,328,0,0.0,98,83,78,0.9826302729528535
24,20260954,raw_photo_grouped,brier,0.05305402610443271,1650,403,1315,328,0,0.0,98,83,78,0.9826302729528535
24,20260954,raw_photo_grouped,source_group_balanced_accuracy,0.9530640124902421,1650,403,1315,328,0,0.0,98,83,78,0.9826302729528535
24,20260954,raw_photo_grouped,source_group_macro_f1,0.9214622076781867,1650,403,1315,328,0,0.0,98,83,78,0.9826302729528535
24,20260954,raw_photo_grouped,source_group_auroc,0.9900956284153004,1650,403,1315,328,0,0.0,98,83,78,0.9826302729528535
24,20260954,raw_photo_grouped,source_group_brier,0.05180889107851765,1650,403,1315,328,0,0.0,98,83,78,0.9826302729528535
24,20260954,acquisition_day_grouped,balanced_accuracy,0.9564395575909445,1606,447,1330,313,0,0.0,81,22,0,0.0
24,20260954,acquisition_day_grouped,macro_f1,0.9435392194012884,1606,447,1330,313,0,0.0,81,22,0,0.0
24,20260954,acquisition_day_grouped,auroc,0.9890477836343213,1606,447,1330,313,0,0.0,81,22,0,0.0
24,20260954,acquisition_day_grouped,brier,0.05000077246855279,1606,447,1330,313,0,0.0,81,22,0,0.0
24,20260954,acquisition_day_grouped,source_group_balanced_accuracy,0.9699074074074074,1606,447,1330,313,0,0.0,81,22,0,0.0
24,20260954,acquisition_day_grouped,source_group_macro_f1,0.9530859073247784,1606,447,1330,313,0,0.0,81,22,0,0.0
24,20260954,acquisition_day_grouped,source_group_auroc,0.9958953799159985,1606,447,1330,313,0,0.0,81,22,0,0.0
24,20260954,acquisition_day_grouped,source_group_brier,0.04232842130590074,1606,447,1330,313,0,0.0,81,22,0,0.0
25,20260955,naive_file_random,balanced_accuracy,0.9244593484807009,1642,411,1370,392,119,0.31630170316301703,102,86,85,0.9975669099756691
25,20260955,naive_file_random,macro_f1,0.9124087591240876,1642,411,1370,392,119,0.31630170316301703,102,86,85,0.9975669099756691
25,20260955,naive_file_random,auroc,0.9825349028196004,1642,411,1370,392,119,0.31630170316301703,102,86,85,0.9975669099756691
25,20260955,naive_file_random,brier,0.05554021248267764,1642,411,1370,392,119,0.31630170316301703,102,86,85,0.9975669099756691
25,20260955,naive_file_random,source_group_balanced_accuracy,0.9238505747126436,1642,411,1370,392,119,0.31630170316301703,102,86,85,0.9975669099756691
25,20260955,naive_file_random,source_group_macro_f1,0.9083829039724365,1642,411,1370,392,119,0.31630170316301703,102,86,85,0.9975669099756691
25,20260955,naive_file_random,source_group_auroc,0.9812906046976512,1642,411,1370,392,119,0.31630170316301703,102,86,85,0.9975669099756691
25,20260955,naive_file_random,source_group_brier,0.05727554375897715,1642,411,1370,392,119,0.31630170316301703,102,86,85,0.9975669099756691
25,20260955,raw_photo_grouped,balanced_accuracy,0.9467460560362817,1643,410,1315,328,0,0.0,101,76,74,0.9926829268292683
25,20260955,raw_photo_grouped,macro_f1,0.9334847501622323,1643,410,1315,328,0,0.0,101,76,74,0.9926829268292683
25,20260955,raw_photo_grouped,auroc,0.9870343062240895,1643,410,1315,328,0,0.0,101,76,74,0.9926829268292683
25,20260955,raw_photo_grouped,brier,0.04712437004295926,1643,410,1315,328,0,0.0,101,76,74,0.9926829268292683
25,20260955,raw_photo_grouped,source_group_balanced_accuracy,0.9553083528493365,1643,410,1315,328,0,0.0,101,76,74,0.9926829268292683
25,20260955,raw_photo_grouped,source_group_macro_f1,0.9315621087772987,1643,410,1315,328,0,0.0,101,76,74,0.9926829268292683
25,20260955,raw_photo_grouped,source_group_auroc,0.9881928181108508,1643,410,1315,328,0,0.0,101,76,74,0.9926829268292683
25,20260955,raw_photo_grouped,source_group_brier,0.04599650647360613,1643,410,1315,328,0,0.0,101,76,74,0.9926829268292683
25,20260955,acquisition_day_grouped,balanced_accuracy,0.9314602132895816,1726,327,1389,254,0,0.0,87,16,0,0.0
25,20260955,acquisition_day_grouped,macro_f1,0.9212870095482628,1726,327,1389,254,0,0.0,87,16,0,0.0
25,20260955,acquisition_day_grouped,auroc,0.9860541427399508,1726,327,1389,254,0,0.0,87,16,0,0.0
25,20260955,acquisition_day_grouped,brier,0.05327069127867409,1726,327,1389,254,0,0.0,87,16,0,0.0
25,20260955,acquisition_day_grouped,source_group_balanced_accuracy,0.9313683852883716,1726,327,1389,254,0,0.0,87,16,0,0.0
25,20260955,acquisition_day_grouped,source_group_macro_f1,0.8995888678051867,1726,327,1389,254,0,0.0,87,16,0,0.0
25,20260955,acquisition_day_grouped,source_group_auroc,0.9853902998386137,1726,327,1389,254,0,0.0,87,16,0,0.0
25,20260955,acquisition_day_grouped,source_group_brier,0.0556349209165084,1726,327,1389,254,0,0.0,87,16,0,0.0
26,20260956,naive_file_random,balanced_accuracy,0.9383520394196551,1642,411,1364,391,112,0.2944038929440389,102,77,76,0.9975669099756691
26,20260956,naive_file_random,macro_f1,0.9190307328605201,1642,411,1364,391,112,0.2944038929440389,102,77,76,0.9975669099756691
26,20260956,naive_file_random,auroc,0.9845880098549138,1642,411,1364,391,112,0.2944038929440389,102,77,76,0.9975669099756691
26,20260956,naive_file_random,brier,0.059060123018642455,1642,411,1364,391,112,0.2944038929440389,102,77,76,0.9975669099756691
26,20260956,naive_file_random,source_group_balanced_accuracy,0.9353628536285363,1642,411,1364,391,112,0.2944038929440389,102,77,76,0.9975669099756691
26,20260956,naive_file_random,source_group_macro_f1,0.9139019377568995,1642,411,1364,391,112,0.2944038929440389,102,77,76,0.9975669099756691
26,20260956,naive_file_random,source_group_auroc,0.9850553505535056,1642,411,1364,391,112,0.2944038929440389,102,77,76,0.9975669099756691
26,20260956,naive_file_random,source_group_brier,0.058363451329371194,1642,411,1364,391,112,0.2944038929440389,102,77,76,0.9975669099756691
26,20260956,raw_photo_grouped,balanced_accuracy,0.9371634017872995,1654,399,1315,328,0,0.0,101,88,86,0.9924812030075187
26,20260956,raw_photo_grouped,macro_f1,0.9130786150483834,1654,399,1315,328,0,0.0,101,88,86,0.9924812030075187
26,20260956,raw_photo_grouped,auroc,0.9884594898502693,1654,399,1315,328,0,0.0,101,88,86,0.9924812030075187
26,20260956,raw_photo_grouped,brier,0.05655775595639149,1654,399,1315,328,0,0.0,101,88,86,0.9924812030075187
26,20260956,raw_photo_grouped,source_group_balanced_accuracy,0.9309133489461359,1654,399,1315,328,0,0.0,101,88,86,0.9924812030075187
26,20260956,raw_photo_grouped,source_group_macro_f1,0.8962728710187486,1654,399,1315,328,0,0.0,101,88,86,0.9924812030075187
26,20260956,raw_photo_grouped,source_group_auroc,0.9888270882123341,1654,399,1315,328,0,0.0,101,88,86,0.9924812030075187
26,20260956,raw_photo_grouped,source_group_brier,0.057850910082750694,1654,399,1315,328,0,0.0,101,88,86,0.9924812030075187
26,20260956,acquisition_day_grouped,balanced_accuracy,0.9296866287498606,1540,513,1257,386,0,0.0,80,23,0,0.0
26,20260956,acquisition_day_grouped,macro_f1,0.8958420632006394,1540,513,1257,386,0,0.0,80,23,0,0.0
26,20260956,acquisition_day_grouped,auroc,0.9797962901007398,1540,513,1257,386,0,0.0,80,23,0,0.0
26,20260956,acquisition_day_grouped,brier,0.06945054783077834,1540,513,1257,386,0,0.0,80,23,0,0.0
26,20260956,acquisition_day_grouped,source_group_balanced_accuracy,0.9469461697722568,1540,513,1257,386,0,0.0,80,23,0,0.0
26,20260956,acquisition_day_grouped,source_group_macro_f1,0.9054329185357901,1540,513,1257,386,0,0.0,80,23,0,0.0
26,20260956,acquisition_day_grouped,source_group_auroc,0.9835477669328601,1540,513,1257,386,0,0.0,80,23,0,0.0
26,20260956,acquisition_day_grouped,source_group_brier,0.0609443998967644,1540,513,1257,386,0,0.0,80,23,0,0.0
27,20260957,naive_file_random,balanced_accuracy,0.9365726799890501,1642,411,1372,387,116,0.31143552311435524,100,84,81,0.9902676399026764
27,20260957,naive_file_random,macro_f1,0.9164727246504127,1642,411,1372,387,116,0.31143552311435524,100,84,81,0.9902676399026764
27,20260957,naive_file_random,auroc,0.9776348206953189,1642,411,1372,387,116,0.31143552311435524,100,84,81,0.9902676399026764
27,20260957,naive_file_random,brier,0.0608935223858663,1642,411,1372,387,116,0.31143552311435524,100,84,81,0.9902676399026764
27,20260957,naive_file_random,source_group_balanced_accuracy,0.9365824459706382,1642,411,1372,387,116,0.31143552311435524,100,84,81,0.9902676399026764
27,20260957,naive_file_random,source_group_macro_f1,0.915533344873522,1642,411,1372,387,116,0.31143552311435524,100,84,81,0.9902676399026764
27,20260957,naive_file_random,source_group_auroc,0.9760884632348308,1642,411,1372,387,116,0.31143552311435524,100,84,81,0.9902676399026764
27,20260957,naive_file_random,source_group_brier,0.06148945788081459,1642,411,1372,387,116,0.31143552311435524,100,84,81,0.9902676399026764
27,20260957,raw_photo_grouped,balanced_accuracy,0.9276518485915493,1641,412,1315,328,0,0.0,101,82,80,0.9951456310679612
27,20260957,raw_photo_grouped,macro_f1,0.9054940589711828,1641,412,1315,328,0,0.0,101,82,80,0.9951456310679612
27,20260957,raw_photo_grouped,auroc,0.9847051056338028,1641,412,1315,328,0,0.0,101,82,80,0.9951456310679612
27,20260957,raw_photo_grouped,brier,0.05976259226200296,1641,412,1315,328,0,0.0,101,82,80,0.9951456310679612
27,20260957,raw_photo_grouped,source_group_balanced_accuracy,0.9370608899297423,1641,412,1315,328,0,0.0,101,82,80,0.9951456310679612
27,20260957,raw_photo_grouped,source_group_macro_f1,0.9065026281883174,1641,412,1315,328,0,0.0,101,82,80,0.9951456310679612
27,20260957,raw_photo_grouped,source_group_auroc,0.9842896174863389,1641,412,1315,328,0,0.0,101,82,80,0.9951456310679612
27,20260957,raw_photo_grouped,source_group_brier,0.05859143036171304,1641,412,1315,328,0,0.0,101,82,80,0.9951456310679612
27,20260957,acquisition_day_grouped,balanced_accuracy,0.9556623931623931,1624,429,1300,343,0,0.0,81,22,0,0.0
27,20260957,acquisition_day_grouped,macro_f1,0.9279457364341086,1624,429,1300,343,0,0.0,81,22,0,0.0
27,20260957,acquisition_day_grouped,auroc,0.9922474249397326,1624,429,1300,343,0,0.0,81,22,0,0.0
27,20260957,acquisition_day_grouped,brier,0.05011244086522644,1624,429,1300,343,0,0.0,81,22,0,0.0
27,20260957,acquisition_day_grouped,source_group_balanced_accuracy,0.9504228855721393,1624,429,1300,343,0,0.0,81,22,0,0.0
27,20260957,acquisition_day_grouped,source_group_macro_f1,0.9068862546375893,1624,429,1300,343,0,0.0,81,22,0,0.0
27,20260957,acquisition_day_grouped,source_group_auroc,0.9900995024875622,1624,429,1300,343,0,0.0,81,22,0,0.0
27,20260957,acquisition_day_grouped,source_group_brier,0.055582945243458345,1624,429,1300,343,0,0.0,81,22,0,0.0
28,20260958,naive_file_random,balanced_accuracy,0.940418833835204,1642,411,1365,400,122,0.30900243309002434,101,84,82,0.9927007299270073
28,20260958,naive_file_random,macro_f1,0.919302057699356,1642,411,1365,400,122,0.30900243309002434,101,84,82,0.9927007299270073
28,20260958,naive_file_random,auroc,0.9836298932384341,1642,411,1365,400,122,0.30900243309002434,101,84,82,0.9927007299270073
28,20260958,naive_file_random,brier,0.05759600918749215,1642,411,1365,400,122,0.30900243309002434,101,84,82,0.9927007299270073
28,20260958,naive_file_random,source_group_balanced_accuracy,0.9392162090109304,1642,411,1365,400,122,0.30900243309002434,101,84,82,0.9927007299270073
28,20260958,naive_file_random,source_group_macro_f1,0.9155191349159415,1642,411,1365,400,122,0.30900243309002434,101,84,82,0.9927007299270073
28,20260958,naive_file_random,source_group_auroc,0.9824639355431144,1642,411,1365,400,122,0.30900243309002434,101,84,82,0.9927007299270073
28,20260958,naive_file_random,source_group_brier,0.05871785121595973,1642,411,1365,400,122,0.30900243309002434,101,84,82,0.9927007299270073
28,20260958,raw_photo_grouped,balanced_accuracy,0.9405746284278836,1636,417,1315,328,0,0.0,100,82,79,0.9904076738609112
28,20260958,raw_photo_grouped,macro_f1,0.9282815993477249,1636,417,1315,328,0,0.0,100,82,79,0.9904076738609112
28,20260958,raw_photo_grouped,auroc,0.9860529621101108,1636,417,1315,328,0,0.0,100,82,79,0.9904076738609112
28,20260958,raw_photo_grouped,brier,0.05268713259604213,1636,417,1315,328,0,0.0,100,82,79,0.9904076738609112
28,20260958,raw_photo_grouped,source_group_balanced_accuracy,0.9473067915690867,1636,417,1315,328,0,0.0,100,82,79,0.9904076738609112
28,20260958,raw_photo_grouped,source_group_macro_f1,0.923957898641443,1636,417,1315,328,0,0.0,100,82,79,0.9904076738609112
28,20260958,raw_photo_grouped,source_group_auroc,0.9848263075722091,1636,417,1315,328,0,0.0,100,82,79,0.9904076738609112
28,20260958,raw_photo_grouped,source_group_brier,0.05227131427821552,1636,417,1315,328,0,0.0,100,82,79,0.9904076738609112
28,20260958,acquisition_day_grouped,balanced_accuracy,0.94239921612542,1525,528,1181,462,0,0.0,81,22,0,0.0
28,20260958,acquisition_day_grouped,macro_f1,0.926406176745129,1525,528,1181,462,0,0.0,81,22,0,0.0
28,20260958,acquisition_day_grouped,auroc,0.9768861982082867,1525,528,1181,462,0,0.0,81,22,0,0.0
28,20260958,acquisition_day_grouped,brier,0.05433636353127188,1525,528,1181,462,0,0.0,81,22,0,0.0
28,20260958,acquisition_day_grouped,source_group_balanced_accuracy,0.9404761904761905,1525,528,1181,462,0,0.0,81,22,0,0.0
28,20260958,acquisition_day_grouped,source_group_macro_f1,0.9215086646279307,1525,528,1181,462,0,0.0,81,22,0,0.0
28,20260958,acquisition_day_grouped,source_group_auroc,0.9726946334089192,1525,528,1181,462,0,0.0,81,22,0,0.0
28,20260958,acquisition_day_grouped,source_group_brier,0.057788161021772234,1525,528,1181,462,0,0.0,81,22,0,0.0
29,20260959,naive_file_random,balanced_accuracy,0.9389269093895429,1642,411,1369,390,116,0.31386861313868614,99,89,85,0.9829683698296837
29,20260959,naive_file_random,macro_f1,0.914481897627965,1642,411,1369,390,116,0.31386861313868614,99,89,85,0.9829683698296837
29,20260959,naive_file_random,auroc,0.9884478510813031,1642,411,1369,390,116,0.31386861313868614,99,89,85,0.9829683698296837
29,20260959,naive_file_random,brier,0.0599961664352938,1642,411,1369,390,116,0.31386861313868614,99,89,85,0.9829683698296837
29,20260959,naive_file_random,source_group_balanced_accuracy,0.936246085149927,1642,411,1369,390,116,0.31386861313868614,99,89,85,0.9829683698296837
29,20260959,naive_file_random,source_group_macro_f1,0.9087212193908897,1642,411,1369,390,116,0.31386861313868614,99,89,85,0.9829683698296837
29,20260959,naive_file_random,source_group_auroc,0.9873174361995721,1642,411,1369,390,116,0.31386861313868614,99,89,85,0.9829683698296837
29,20260959,naive_file_random,source_group_brier,0.06218503870437111,1642,411,1369,390,116,0.31386861313868614,99,89,85,0.9829683698296837
29,20260959,raw_photo_grouped,balanced_accuracy,0.9424793033007204,1638,415,1315,328,0,0.0,101,85,83,0.9951807228915662
29,20260959,raw_photo_grouped,macro_f1,0.9248071646736036,1638,415,1315,328,0,0.0,101,85,83,0.9951807228915662
29,20260959,raw_photo_grouped,auroc,0.987098161488012,1638,415,1315,328,0,0.0,101,85,83,0.9951807228915662
29,20260959,raw_photo_grouped,brier,0.05584758472825408,1638,415,1315,328,0,0.0,101,85,83,0.9951807228915662
29,20260959,raw_photo_grouped,source_group_balanced_accuracy,0.9530640124902421,1638,415,1315,328,0,0.0,101,85,83,0.9951807228915662
29,20260959,raw_photo_grouped,source_group_macro_f1,0.9214622076781867,1638,415,1315,328,0,0.0,101,85,83,0.9951807228915662
29,20260959,raw_photo_grouped,source_group_auroc,0.9890710382513661,1638,415,1315,328,0,0.0,101,85,83,0.9951807228915662
29,20260959,raw_photo_grouped,source_group_brier,0.056216602633526506,1638,415,1315,328,0,0.0,101,85,83,0.9951807228915662
29,20260959,acquisition_day_grouped,balanced_accuracy,0.9186270610908869,1619,434,1262,381,0,0.0,82,21,0,0.0
29,20260959,acquisition_day_grouped,macro_f1,0.8789501575879284,1619,434,1262,381,0,0.0,82,21,0,0.0
29,20260959,acquisition_day_grouped,auroc,0.9806356878460643,1619,434,1262,381,0,0.0,82,21,0,0.0
29,20260959,acquisition_day_grouped,brier,0.06458535536410201,1619,434,1262,381,0,0.0,82,21,0,0.0
29,20260959,acquisition_day_grouped,source_group_balanced_accuracy,0.9241130381195528,1619,434,1262,381,0,0.0,82,21,0,0.0
29,20260959,acquisition_day_grouped,source_group_macro_f1,0.8733872859488623,1619,434,1262,381,0,0.0,82,21,0,0.0
29,20260959,acquisition_day_grouped,source_group_auroc,0.9806320978959415,1619,434,1262,381,0,0.0,82,21,0,0.0
29,20260959,acquisition_day_grouped,source_group_brier,0.06328107244635764,1619,434,1262,381,0,0.0,82,21,0,0.0
