file,rows,bytes,sha256
supplement_tables/S10_regional_all_24_cases.csv,24,4970,2dfb444682f7a41422f8b4a9a03b94c7cabc3452063155e73a14acfac5d9d84e
supplement_tables/S11_regional_aggregates.csv,16,2208,4f7505290762e8f3e54fc0073c9ba180965c865d48fb5455b9c924522e6e8ef1
supplement_tables/S12_regional_intervals.csv,100,11395,a8aa14c84c95c017d1071d7aa25bfd52f1c144f182d2f0fe38860667cd9eb386
supplement_tables/S13_regional_source_label_recalls.csv,88,7083,d0d3090f19e30b008dec6778fe4394d58649bedcfcaca5efd14dec2c3060ff3c
supplement_tables/S14_regional_class_support.csv,81,4745,f6c64cdaade26e25a8232cff3ac633ef57704bfb47313f11b82fb5629206a625
supplement_tables/S15_regional_paired_contrasts.csv,60,6352,8ae7d90183556231f4f61e40db9debe86a412d640c31654edd380d5561e027b1
supplement_tables/S16_onion_dinov2_joint_summary.csv,640,98055,42ca8ee1c0182badd35e42f049d7cd6bcd9204296a3f6e2f3e6001b83da553ef
supplement_tables/S16_potato_dinov2_joint_summary.csv,512,73041,8f8db33c82f03e3f2f2aab2534b04afeb32342cc0b76bd7233c72f2ae06a6b3e
supplement_tables/S17_onion_single_target_panel_contrasts.csv,28500,9486393,f3c49e3de026105b868d4c1ef37ec29b2eb5077bbcab6a29b37167f8a47c3b7a
supplement_tables/S17_potato_single_target_panel_contrasts.csv,32400,9836429,8bed0ed7edf54628911d838404fa3bf6dcc19a6f674e326a31073b50ed6a5343
supplement_tables/S18_onion_single_target_class_split_means.csv,1050,508793,b8d54dedcfc20e626e328cffac312a72de92a6beed717b7415501e2a0f0d1556
supplement_tables/S18_potato_single_target_class_split_means.csv,900,312520,ee9e1a2bdf8db28a11202c9bd3b15c8e7ee1b1b13f888458cd06b1698bfd8bad
supplement_tables/S19_onion_single_split_means.csv,300,158578,e25f80250daaff4b5334b7a4b141add37eeb53058ee380ac9f36b219f917ba1e
supplement_tables/S19_potato_single_split_means.csv,300,129275,59635e2edd4324673456119140adc0ade0fa7e2168e624034ff07c53cc76f769
supplement_tables/S1_onion_all_model_endpoint_panel_class_summaries.csv,1920,297446,d3d3488230c7b27f677dc36fcfb8b850a7f97b55c9970f8a115b14c5e04d445d
supplement_tables/S1_potato_all_model_endpoint_panel_class_summaries.csv,1536,221005,c27423e9509c4a79946a58b9a09a92463580cbf34db156e0ae7dabdd7b3e9ade
supplement_tables/S20_onion_single_summary.csv,720,115166,90f15e3cc2749f62e0cbb754d2b57d27ebd79c60d036532ed4dc0fcb93ae00b2
supplement_tables/S20_potato_single_summary.csv,720,108221,5e210fe4d2963b79c1f8e4894032f47230d05dac60272811b52321d3861a1be0
supplement_tables/S21_context_all_target_contrasts.csv,10200,1060512,b0342d740e963aa8a1e53bbbc579565a0562426112a2b909ef763b3fee9da05d
supplement_tables/S22_context_target_class_split_means.csv,650,69048,9cbe8a5479a060c6b957e806197d92f537c7fd7cbdd4bd7795713926ea441d5f
supplement_tables/S23_context_split_means.csv,200,22448,78b38355b991fc8fa462a09b81f5ca7e44734de4d95420b009964da953a41c96
supplement_tables/S24_context_summary.csv,60,8552,09766c497dfc3c5abe095a8cae4b2ced4f93adb9298423891145dcdc447d3e01
supplement_tables/S25_joint_all_five_models_plot_source.csv,40,5772,60fdb5cea4056ed84235004f9e747dba4796f2e6fdb02b9cf2cbf093b1b69593
supplement_tables/S26_single_all_five_models_plot_source.csv,40,5555,4171b19fe627dae8547ab09292d665d9f7358ff9cef5d8b0e11e9f4c1b4b9f18
supplement_tables/S27_context_display.csv,10,1157,06dd0b1831c220856f32455dbe226e710d55dcda3799a7e9568f36df21afa3e7
supplement_tables/S28_onion_dinov2_joint_arm_contrasts.csv,12000,3171829,f7e43496de7653bab088db1543a09dd567d9925f66824e6722eb0236babf4db5
supplement_tables/S28_potato_dinov2_joint_arm_contrasts.csv,9600,1695962,6bbaea7db52572240ae432a392ab663b421950400d2167105a5c2d8305beaf0c
supplement_tables/S29_onion_dinov2_joint_split_means.csv,1200,352152,1d9dd3e79fa4b4cf26e6a5fc2e2d1c8a862ba452f406c1fedba7ff48f32e55bb
supplement_tables/S29_potato_dinov2_joint_split_means.csv,960,188846,44bd1082dcab0e75ed9cb3c06054910f07c04a4b9672af1a16753cc06e500f65
supplement_tables/S2_selected_probe_policy_contrast.csv,12,1126,97636d8a3e677c0361f2810da95de1087f4ce02f0c01c58baeb80842026c6d59
supplement_tables/S3_selected_probe_absolute_BA.csv,12,1821,73d5ceb8846affddb00784ded4736bd363d5fda0f54ee12b8907dc4f94d78b9c
supplement_tables/S40_source_target_support.csv,7,701,0ff1dc252b253e416288fcd7da44ef4dae988e3119760f2c8a2faf54049effa9
supplement_tables/S41_unique_target_frequency.csv,908,55074,1aeaab8e19836045a7d8380fd805b2cd7db9bcf9e10e67b36ee5d110b4da7ad3
supplement_tables/S42_cross_split_overlap.csv,90,5469,09150171e059bf8a9577f73a3103cfa47296554ea2ea3181a65132c37df83bb2
supplement_tables/S43_single_per_class_split_recall_headroom.csv,350,40571,8cea48f7f365ff773a502deda8c29102fcaa0bfc164097067dd51a8784640678
supplement_tables/S44_joint_per_class_split_recall_headroom.csv,1050,128733,f79c35c37fbea6c81bc67d0d24c089fe89658020dee543dffd04619952e54dd3
supplement_tables/S45_single_event_counts_not_independent_samples.csv,350,25172,0b3d0865638c52b6f03dd2885754309980cfa48590b6113ddc871cd71f7197e7
supplement_tables/S46_joint_repeated_context_event_counts.csv,1050,73239,23271c8aeb845568a89ca86fbe275ee21af9255191f7637f7e98dc2b8dc5ebeb
supplement_tables/S47_joint_repeated_context_confusion_records.csv,5061,326461,26e95938d945cfebc7aa79f668b8ce529ededeb035815e40f0f8831b6860ebd3
supplement_tables/S48_all_common_loco_split_results.csv,2200,385310,edb4f0c76f5c933c65e8089f0b9a496de62cd8bf0ce3c74a8dd146f0e0ceba20
supplement_tables/S49_all_common_loco_summary.csv,110,28885,a698d7ba04c82f6516aacc143d4462ba1d517852a667b20165b8e2a79e034af6
supplement_tables/S4_primary_original_class_policy_contrasts.csv,7,538,be1b991f9292b5200712fec086252b06196c84824e4a4d69709f44b45e9681a3
supplement_tables/S50_frequency_weighted_split_results.csv,800,70538,938c5961b6b9f35985f52eeaf6a2360e9062ba30f203fa6ffdf8137136254e7c
supplement_tables/S51_frequency_weighted_summary.csv,40,5583,c9891e973beeb82bc3ac27391fe133cd6656aa7b818fa3545f97ab89ae1508d1
supplement_tables/S52_headroom_interpretation_percentage_units.csv,8,1172,7418ea706827d25beb366d859b65026b1e1ebd26150da4cbbdbfcab2fd27dabc
supplement_tables/S53_conditional_allocation_mcse.csv,20,2654,b89d9cba2271fff6ee52bedbed5ccc1719c712ce32ad3d28d3b88a95397ded88
supplement_tables/S5_locked_transfer_metric_intervals.csv,63,6807,27ac62ff831f9ad07c91e9c2b7ae0b3b52e82f042f267f3c4ffa9faf9d757a83
supplement_tables/S5a_locked_transfer_point_estimates.csv,42,2582,192816bb9939f7ff3786d1eb22d1ee06d2071df441c272e3c82a1fcfb2105a34
supplement_tables/S5b_locked_external_display_all_models.csv,14,1555,f14e2e2e24d4ce26273fbcfadc46c39ac71399e3fec004375b4757cb4ba2e931
supplement_tables/S6_locked_transfer_paired_models.csv,36,6746,fd83a937eb6796365c951e8b95b473fb116d106abd73d3491384b649ab8727b9
supplement_tables/S7_locked_transfer_gaps.csv,42,4413,9fe76596d5aca95d225f3b185fe197e6c15242c656337581192d0d3835d403cd
supplement_tables/S8_calibration_arms.csv,8,933,9feef2eab3ab45bf97d5f1fe369b56988ba8d5ca3981b4d46f6843e45560d438
supplement_tables/S9_calibration_changes.csv,4,643,c0b7d77881a53d637a8083d5273ed5959603277c1dea39b05058f192b82fa23a
