task,design,historical_local_source,original_sha256,release_relative_path,distributed_sha256,release_root_url
onion,single_source,D:/论文/SCI投稿汇总/Onion_Deep_Revision_20261003_v18/single_source/onion/predictions.csv.gz,b24f20a0cd7458a5b8e23ad1b3c07092313d05854e609ab0a127103c91293931,experiments/v18_single/onion/predictions.parquet,4f0f539fdc882b679153d7a4e24d65787b164f512d75f05fc861e292308d63ac,https://github.com/hezejuyede/Pattern_Analysis_and_Applications_Onion_Reliability_v1.0/tree/v1.9.0/v1.9
onion,single_source,D:/论文/SCI投稿汇总/Onion_Deep_Revision_20261003_v18/single_source/onion/fit_log.csv,11dda33086ebc85a3db899a9d691afc485e40fe3e5db5fa1ff6e49c0b702028b,experiments/v18_single/onion/fit_log.csv.gz,3a01b508c78084a324fe93ceb792f22a96cf1f6e5a1d4e97984616d798135d4f,https://github.com/hezejuyede/Pattern_Analysis_and_Applications_Onion_Reliability_v1.0/tree/v1.9.0/v1.9
onion,single_source,D:/论文/SCI投稿汇总/Onion_Deep_Revision_20261003_v18/single_source/onion/support_checks.csv,ba29c42d5304e904bee57aa1c10b5131c4076393fa469007f052f644bb54e7a7,experiments/v18_single/onion/support_checks.csv.gz,8b60d1b8385d545139e3eb4887ab81234e9d57d3ad0a88cdcb060c5f99e1d73d,https://github.com/hezejuyede/Pattern_Analysis_and_Applications_Onion_Reliability_v1.0/tree/v1.9.0/v1.9
onion,single_source,D:/论文/SCI投稿汇总/Onion_Deep_Revision_20261003_v18/single_source/onion/protocol_freeze.json,05e1aabd1e2d8ad9f56052501360fb75a47f837ccb7366d16a1985d6082aff29,experiments/v18_single/onion/protocol_freeze.json,05e1aabd1e2d8ad9f56052501360fb75a47f837ccb7366d16a1985d6082aff29,https://github.com/hezejuyede/Pattern_Analysis_and_Applications_Onion_Reliability_v1.0/tree/v1.9.0/v1.9
onion,single_source,D:/论文/SCI投稿汇总/Onion_Deep_Revision_20261003_v18/single_source/onion/completion.json,1df89c78ac864af4931e3ddb7a7c5545837ebb16fcaae3117aa4a5711f98199d,experiments/v18_single/onion/completion.json,1df89c78ac864af4931e3ddb7a7c5545837ebb16fcaae3117aa4a5711f98199d,https://github.com/hezejuyede/Pattern_Analysis_and_Applications_Onion_Reliability_v1.0/tree/v1.9.0/v1.9
onion,single_source,D:/论文/SCI投稿汇总/Onion_Deep_Revision_20261003_v18/single_source/onion/targets.csv,1aa62987234088c2579969edcd65096c4df56789c24e630bd4f9b36f1d654e55,experiments/v18_single/onion/targets.csv,1aa62987234088c2579969edcd65096c4df56789c24e630bd4f9b36f1d654e55,https://github.com/hezejuyede/Pattern_Analysis_and_Applications_Onion_Reliability_v1.0/tree/v1.9.0/v1.9
onion,single_source,D:/论文/SCI投稿汇总/Onion_Deep_Revision_20261003_v18/single_source/onion/training_membership.csv.gz,72d2e7da3a2481864674fb7e147883344741888b277cee02c00f8de9213ede27,experiments/v18_single/onion/training_membership.parquet,4268562011f8651f25297a0a9dee4ef19d2691815fef2538cafea67bb8d6f5d2,https://github.com/hezejuyede/Pattern_Analysis_and_Applications_Onion_Reliability_v1.0/tree/v1.9.0/v1.9
onion,joint_dinov2,D:/论文/SCI投稿汇总/Onion_Deep_Revision_20261003_v18/joint_dinov2/onion/predictions.csv.gz,e6f86cc32f04eb93720f14cf86f1014c05bf6ae5544221a84cf8b13f8c27b00c,experiments/v18_joint/onion/predictions.parquet,a54ebc897fc801bed28c8dfa4a49e2d8a1666ec24162509fbe494bdd7e84c1c2,https://github.com/hezejuyede/Pattern_Analysis_and_Applications_Onion_Reliability_v1.0/tree/v1.9.0/v1.9
onion,joint_dinov2,D:/论文/SCI投稿汇总/Onion_Deep_Revision_20261003_v18/joint_dinov2/onion/fit_log.csv,1fc4e8ece6a3b2a1ceac4f26670c8150023c9ce910f900968423989fdbd2b8e2,experiments/v18_joint/onion/fit_log.csv,1fc4e8ece6a3b2a1ceac4f26670c8150023c9ce910f900968423989fdbd2b8e2,https://github.com/hezejuyede/Pattern_Analysis_and_Applications_Onion_Reliability_v1.0/tree/v1.9.0/v1.9
onion,joint_dinov2,D:/论文/SCI投稿汇总/Onion_Deep_Revision_20261003_v18/joint_dinov2/onion/support_checks.csv,5bc9f09dac64bb5a471e0374d36139c6f92e6ad97e27baf6d0c6d45a1cc68502,experiments/v18_joint/onion/support_checks.csv,5bc9f09dac64bb5a471e0374d36139c6f92e6ad97e27baf6d0c6d45a1cc68502,https://github.com/hezejuyede/Pattern_Analysis_and_Applications_Onion_Reliability_v1.0/tree/v1.9.0/v1.9
onion,joint_dinov2,D:/论文/SCI投稿汇总/Onion_Deep_Revision_20261003_v18/joint_dinov2/onion/protocol_freeze.json,8582253afbd9abd0307ec8d955c25d9406098c436f6f3860ace76cd2ae669b52,experiments/v18_joint/onion/protocol_freeze.json,8582253afbd9abd0307ec8d955c25d9406098c436f6f3860ace76cd2ae669b52,https://github.com/hezejuyede/Pattern_Analysis_and_Applications_Onion_Reliability_v1.0/tree/v1.9.0/v1.9
onion,joint_dinov2,D:/论文/SCI投稿汇总/Onion_Deep_Revision_20261003_v18/joint_dinov2/onion/completion.json,03505c402bbfd7fe948de278f128fd7cae996b418030c91603303f4e39f607de,experiments/v18_joint/onion/completion.json,03505c402bbfd7fe948de278f128fd7cae996b418030c91603303f4e39f607de,https://github.com/hezejuyede/Pattern_Analysis_and_Applications_Onion_Reliability_v1.0/tree/v1.9.0/v1.9
onion,joint_dinov2,D:/论文/SCI投稿汇总/Onion_Deep_Revision_20261003_v18/joint_dinov2/onion/component_membership.csv,f35bdcf25b0491607f006b69c8c1c298e63fc41c413b79413e0ba7f7b13f6ddb,experiments/v18_joint/onion/component_membership.csv.gz,8a9749051f68d640383cdcc1e6e657c7f031e93f8c35e3ecb5959d5fb8dfdae4,https://github.com/hezejuyede/Pattern_Analysis_and_Applications_Onion_Reliability_v1.0/tree/v1.9.0/v1.9
onion,joint_dinov2,D:/论文/SCI投稿汇总/Onion_Deep_Revision_20261003_v18/joint_dinov2/onion/allocation_membership.csv.gz,4cecdee59639641ebef6e298cf2bbdb33fdcbba8f78a5b735cf204b2f08fa8de,experiments/v18_joint/onion/allocation_membership.csv.gz,4cecdee59639641ebef6e298cf2bbdb33fdcbba8f78a5b735cf204b2f08fa8de,https://github.com/hezejuyede/Pattern_Analysis_and_Applications_Onion_Reliability_v1.0/tree/v1.9.0/v1.9
potato,single_source,D:/论文/SCI投稿汇总/Onion_Deep_Revision_20261003_v18/single_source/potato/predictions.csv.gz,c2547bc8bd5036021d078787ed439c361651532b68ca32427ef2840463989582,experiments/v18_single/potato/predictions.parquet,68404fea7605faa0fbdb858cf6ff87d64ca08d459816b74bb5b9d083a3e2477d,https://github.com/hezejuyede/Pattern_Analysis_and_Applications_Onion_Reliability_v1.0/tree/v1.9.0/v1.9
potato,single_source,D:/论文/SCI投稿汇总/Onion_Deep_Revision_20261003_v18/single_source/potato/fit_log.csv,743c652fbd1a776f298841b4931b03bd7cdcda876068fd250b28861b953e0a98,experiments/v18_single/potato/fit_log.csv.gz,eb6c00888b4ca4ce53b33f0868d02f8f00ed45b86b008ac5370c1c2c554b3937,https://github.com/hezejuyede/Pattern_Analysis_and_Applications_Onion_Reliability_v1.0/tree/v1.9.0/v1.9
potato,single_source,D:/论文/SCI投稿汇总/Onion_Deep_Revision_20261003_v18/single_source/potato/support_checks.csv,c2a5415dcc739003adea085d7945d616df3704a3e1b54b0fd57efe604bceb77e,experiments/v18_single/potato/support_checks.csv.gz,dd8558c19ea61cab4799600e8560080eb7ef1ec1c87b7dd2828f2d2578c91cc7,https://github.com/hezejuyede/Pattern_Analysis_and_Applications_Onion_Reliability_v1.0/tree/v1.9.0/v1.9
potato,single_source,D:/论文/SCI投稿汇总/Onion_Deep_Revision_20261003_v18/single_source/potato/protocol_freeze.json,ee6ec6c3c52c10557aa7bbbf5e6c08c773ecd048568c158a512feb92369bdad8,experiments/v18_single/potato/protocol_freeze.json,ee6ec6c3c52c10557aa7bbbf5e6c08c773ecd048568c158a512feb92369bdad8,https://github.com/hezejuyede/Pattern_Analysis_and_Applications_Onion_Reliability_v1.0/tree/v1.9.0/v1.9
potato,single_source,D:/论文/SCI投稿汇总/Onion_Deep_Revision_20261003_v18/single_source/potato/completion.json,1fe693265be7216a00ffce54908a8fd7c3f109d2f11930520d87cf4d420ca52b,experiments/v18_single/potato/completion.json,1fe693265be7216a00ffce54908a8fd7c3f109d2f11930520d87cf4d420ca52b,https://github.com/hezejuyede/Pattern_Analysis_and_Applications_Onion_Reliability_v1.0/tree/v1.9.0/v1.9
potato,single_source,D:/论文/SCI投稿汇总/Onion_Deep_Revision_20261003_v18/single_source/potato/targets.csv,fe3e5a19e98289cb172b867295df9e8362ca583b95338db65398723dccf1196f,experiments/v18_single/potato/targets.csv,fe3e5a19e98289cb172b867295df9e8362ca583b95338db65398723dccf1196f,https://github.com/hezejuyede/Pattern_Analysis_and_Applications_Onion_Reliability_v1.0/tree/v1.9.0/v1.9
potato,single_source,D:/论文/SCI投稿汇总/Onion_Deep_Revision_20261003_v18/single_source/potato/training_membership.csv.gz,629bac22d102250742dc96f78c33e6f55188b1f1dd520b94e9012da4f684d2e2,experiments/v18_single/potato/training_membership.parquet,d1afdc38633ca6ae81ae16d1cb9783e47b67bb301ee82b9f8b97607072a8f3d6,https://github.com/hezejuyede/Pattern_Analysis_and_Applications_Onion_Reliability_v1.0/tree/v1.9.0/v1.9
potato,joint_dinov2,D:/论文/SCI投稿汇总/Onion_Deep_Revision_20261003_v18/joint_dinov2/potato/predictions.csv.gz,bfbeaa3ba52cf025528ed896e013c359c776003f1eba1c5348d9902cb1472159,experiments/v18_joint/potato/predictions.parquet,d2d347a03025f0aa73246d25e5757d10c4f9d6d0fe90ece095664649bfe80117,https://github.com/hezejuyede/Pattern_Analysis_and_Applications_Onion_Reliability_v1.0/tree/v1.9.0/v1.9
potato,joint_dinov2,D:/论文/SCI投稿汇总/Onion_Deep_Revision_20261003_v18/joint_dinov2/potato/fit_log.csv,2b77f1374e8b106228003b35125d5c20b75732c60f42842038b2be8890d83d79,experiments/v18_joint/potato/fit_log.csv,2b77f1374e8b106228003b35125d5c20b75732c60f42842038b2be8890d83d79,https://github.com/hezejuyede/Pattern_Analysis_and_Applications_Onion_Reliability_v1.0/tree/v1.9.0/v1.9
potato,joint_dinov2,D:/论文/SCI投稿汇总/Onion_Deep_Revision_20261003_v18/joint_dinov2/potato/support_checks.csv,8a717af12ea23ee9f44b37e2916ca405068784e0e211064239eb120e29c6110f,experiments/v18_joint/potato/support_checks.csv,8a717af12ea23ee9f44b37e2916ca405068784e0e211064239eb120e29c6110f,https://github.com/hezejuyede/Pattern_Analysis_and_Applications_Onion_Reliability_v1.0/tree/v1.9.0/v1.9
potato,joint_dinov2,D:/论文/SCI投稿汇总/Onion_Deep_Revision_20261003_v18/joint_dinov2/potato/protocol_freeze.json,c0a5ee0b9c7405b62a0fe85ef16654e432d501ab4299c765c918951dc4615e65,experiments/v18_joint/potato/protocol_freeze.json,c0a5ee0b9c7405b62a0fe85ef16654e432d501ab4299c765c918951dc4615e65,https://github.com/hezejuyede/Pattern_Analysis_and_Applications_Onion_Reliability_v1.0/tree/v1.9.0/v1.9
potato,joint_dinov2,D:/论文/SCI投稿汇总/Onion_Deep_Revision_20261003_v18/joint_dinov2/potato/completion.json,d27fb80d581a6e188c2a0530a48bed6616d5e40752058e3aed9281d83580d4a0,experiments/v18_joint/potato/completion.json,d27fb80d581a6e188c2a0530a48bed6616d5e40752058e3aed9281d83580d4a0,https://github.com/hezejuyede/Pattern_Analysis_and_Applications_Onion_Reliability_v1.0/tree/v1.9.0/v1.9
potato,joint_dinov2,D:/论文/SCI投稿汇总/Onion_Deep_Revision_20261003_v18/joint_dinov2/potato/component_membership.csv,bef1817deaae0724bee1793d43468c7a5772851dd656b55e2253275be54305d1,experiments/v18_joint/potato/component_membership.csv.gz,bb6dca6f193ff0decc0beaa016f164a1a494c460bd7a031782a43e2306aa4cd8,https://github.com/hezejuyede/Pattern_Analysis_and_Applications_Onion_Reliability_v1.0/tree/v1.9.0/v1.9
potato,joint_dinov2,D:/论文/SCI投稿汇总/Onion_Deep_Revision_20261003_v18/joint_dinov2/potato/allocation_membership.csv.gz,3cebf5b0f5a5fa55c672013150b4d4aaed85ad434d4d567f81def28fb27425c1,experiments/v18_joint/potato/allocation_membership.csv.gz,3cebf5b0f5a5fa55c672013150b4d4aaed85ad434d4d567f81def28fb27425c1,https://github.com/hezejuyede/Pattern_Analysis_and_Applications_Onion_Reliability_v1.0/tree/v1.9.0/v1.9
