path,bytes,sha256
calibration_parameters.csv,415,1dc075d447e9e6254f13eb01f4ea72f995c19b83d3194a2a8ad1e9ea45c18379
external_metrics.csv,2880,ecedcd7a059a56ceff17dc8c280a5d6587064f5f18d1ec75a53b12fc0b59dd85
external_predictions.csv,295037,48b6c04c601e8b4b1b9efda8e53a4389350ff868920b00dd243bbb0f71ff8c25
INDEPENDENT_VERIFICATION.json,2599,24c074fa36fa690d7095bc335e2182067efec156d79fc671d23c6ba6c2b54ab3
METHODS_AND_RESULTS.md,2926,1eb6aa3a72752a4f9f86fdff21d33fe49f8af15e8a29508a282e267ea918c0d5
paired_external_differences.csv,965,6982d42a373ea45b00ba2ddd5f5c4db1db3ddda7b5f12e3ea0130915b19605ce
prespecified_protocol.json,2418,3d4e89bfc93656b61fb57ddd9be688382c24464806d01b1260f22f9d97c272b6
published_reconstruction_metrics.csv,578,a51f750e5bfdb44c4800741d99f227af57ccc9fa339d96313fdb5830a8c56be1
reconstruction_audit.json,397,b49068b3fcab94c12c50539c0ecd2fbdfb5e10e8de564194f8196e0e66399ce8
source_calibration_scores.csv,313400,b43f51a70880975e816a87b128c1b48fd39052df5ff8261efa0eab973cae7729
source_fold_score_comparison.csv,1009,36bc0b0f052f0242e897d1c9f226e4b1783a75756bf00159dfc8d8894a817b28
